user_id,problem_id,topic,difficulty,accuracy,time_taken,attempts,timestamp
usr_001,prob_dyn_2_071,dynamic_programming,2,0,468,9,2023-01-01T22:06:00
usr_001,prob_gra_3_026,graphs,3,0,1433,13,2023-01-02T04:11:00
usr_001,prob_sor_2_064,sorting,2,0,793,8,2023-01-02T07:56:00
usr_001,prob_tre_2_100,trees,2,0,458,9,2023-01-02T16:50:00
usr_001,prob_dyn_2_048,dynamic_programming,2,1,809,7,2023-01-03T16:00:00
usr_001,prob_gra_1_030,graphs,1,0,297,4,2023-01-03T20:44:00
usr_001,prob_tre_3_059,trees,3,0,1849,12,2023-01-04T14:35:00
usr_001,prob_rec_2_075,recursion,2,0,610,8,2023-01-04T17:02:00
usr_001,prob_tre_2_064,trees,2,0,398,8,2023-01-05T01:47:00
usr_001,prob_rec_2_057,recursion,2,0,437,7,2023-01-05T15:20:00
usr_001,prob_rec_2_001,recursion,2,0,473,9,2023-01-06T14:15:00
usr_001,prob_gra_2_089,graphs,2,0,671,8,2023-01-07T07:46:00
usr_001,prob_gra_1_064,graphs,1,0,285,5,2023-01-07T08:22:00
usr_001,prob_str_1_022,strings,1,1,247,4,2023-01-07T08:58:00
usr_001,prob_gra_2_005,graphs,2,0,438,8,2023-01-08T08:54:00
usr_001,prob_sea_2_019,searching,2,1,530,6,2023-01-09T06:29:00
usr_001,prob_dyn_1_080,dynamic_programming,1,0,214,4,2023-01-10T01:04:00
usr_001,prob_arr_1_049,arrays,1,0,303,4,2023-01-10T13:42:00
usr_001,prob_arr_3_024,arrays,3,0,1136,11,2023-01-11T02:59:00
usr_001,prob_rec_1_041,recursion,1,1,301,3,2023-01-11T09:42:00
usr_001,prob_bas_1_094,basics,1,1,192,3,2023-01-11T11:31:00
usr_001,prob_bas_1_063,basics,1,0,210,4,2023-01-11T19:02:00
usr_001,prob_str_3_088,strings,3,0,744,10,2023-01-11T23:38:00
usr_001,prob_dyn_1_042,dynamic_programming,1,0,219,4,2023-01-12T02:25:00
usr_001,prob_bas_3_083,basics,3,0,869,11,2023-01-12T05:08:00
usr_001,prob_sea_3_054,searching,3,0,745,10,2023-01-12T15:32:00
usr_001,prob_rec_3_070,recursion,3,1,1011,8,2023-01-13T03:27:00
usr_001,prob_bas_1_072,basics,1,1,261,2,2023-01-13T08:57:00
usr_001,prob_str_1_017,strings,1,1,88,2,2023-01-13T19:09:00
usr_001,prob_gra_2_020,graphs,2,0,487,5,2023-01-14T18:38:00
usr_001,prob_arr_2_001,arrays,2,0,440,6,2023-01-15T12:04:00
usr_001,prob_arr_3_062,arrays,3,0,630,9,2023-01-16T09:11:00
usr_001,prob_dyn_1_067,dynamic_programming,1,1,110,1,2023-01-17T03:23:00
usr_001,prob_arr_2_003,arrays,2,1,416,3,2023-01-17T05:25:00
usr_001,prob_sor_3_054,sorting,3,0,813,8,2023-01-17T14:19:00
usr_001,prob_sor_3_074,sorting,3,0,532,9,2023-01-17T17:42:00
usr_001,prob_bas_3_037,basics,3,0,440,9,2023-01-17T21:04:00
usr_001,prob_str_2_049,strings,2,1,372,3,2023-01-18T11:30:00
usr_001,prob_dyn_2_026,dynamic_programming,2,1,300,4,2023-01-18T19:15:00
usr_001,prob_str_1_066,strings,1,1,189,2,2023-01-19T13:35:00
usr_001,prob_sea_1_053,searching,1,1,186,2,2023-01-20T09:40:00
usr_001,prob_tre_1_035,trees,1,1,158,1,2023-01-20T11:43:00
usr_001,prob_str_2_089,strings,2,1,378,2,2023-01-20T15:34:00
usr_001,prob_str_2_029,strings,2,0,407,3,2023-01-20T23:19:00
usr_001,prob_gra_2_088,graphs,2,1,232,3,2023-01-21T19:35:00
usr_001,prob_sor_1_096,sorting,1,1,165,1,2023-01-22T01:55:00
usr_001,prob_tre_1_027,trees,1,1,137,1,2023-01-22T04:57:00
usr_001,prob_rec_3_097,recursion,3,0,510,5,2023-01-22T10:26:00
usr_001,prob_gra_2_027,graphs,2,1,220,2,2023-01-22T13:50:00
usr_001,prob_sea_3_032,searching,3,0,495,4,2023-01-22T23:58:00
usr_002,prob_gra_2_063,graphs,2,0,480,8,2023-01-01T22:28:00
usr_002,prob_tre_1_073,trees,1,1,223,2,2023-01-02T05:31:00
usr_002,prob_dyn_2_005,dynamic_programming,2,1,462,5,2023-01-03T00:54:00
usr_002,prob_sea_1_054,searching,1,1,226,2,2023-01-03T19:52:00
usr_002,prob_sor_2_036,sorting,2,1,526,5,2023-01-03T23:53:00
usr_002,prob_str_3_010,strings,3,1,1274,8,2023-01-04T15:11:00
usr_002,prob_tre_3_012,trees,3,1,785,9,2023-01-05T01:10:00
usr_002,prob_arr_1_016,arrays,1,1,330,3,2023-01-05T07:12:00
usr_002,prob_sor_2_032,sorting,2,1,431,5,2023-01-05T09:07:00
usr_002,prob_bas_3_077,basics,3,1,1609,8,2023-01-05T17:55:00
usr_002,prob_bas_2_092,basics,2,1,707,4,2023-01-06T07:53:00
usr_002,prob_str_2_028,strings,2,0,335,6,2023-01-06T19:10:00
usr_002,prob_str_2_075,strings,2,0,662,5,2023-01-07T01:15:00
usr_002,prob_dyn_2_086,dynamic_programming,2,0,439,7,2023-01-07T16:38:00
usr_002,prob_gra_2_035,graphs,2,1,299,5,2023-01-07T21:00:00
usr_002,prob_rec_1_087,recursion,1,1,282,2,2023-01-08T01:21:00
usr_002,prob_arr_1_056,arrays,1,1,149,3,2023-01-08T07:57:00
usr_002,prob_rec_1_037,recursion,1,1,326,3,2023-01-09T06:14:00
usr_002,prob_tre_1_046,trees,1,1,193,3,2023-01-09T23:20:00
usr_002,prob_sea_3_007,searching,3,0,1285,8,2023-01-10T00:11:00
usr_002,prob_dyn_1_039,dynamic_programming,1,1,298,2,2023-01-10T15:53:00
usr_002,prob_sea_3_012,searching,3,0,565,10,2023-01-10T16:51:00
usr_002,prob_sor_1_016,sorting,1,1,219,2,2023-01-11T15:11:00
usr_002,prob_bas_1_043,basics,1,1,153,1,2023-01-11T18:21:00
usr_002,prob_arr_1_049,arrays,1,1,231,2,2023-01-12T08:31:00
usr_002,prob_tre_3_069,trees,3,1,1106,7,2023-01-12T15:48:00
usr_002,prob_rec_2_051,recursion,2,1,419,3,2023-01-12T20:12:00
usr_002,prob_str_1_017,strings,1,0,169,3,2023-01-13T13:11:00
usr_002,prob_rec_2_085,recursion,2,1,252,4,2023-01-13T15:38:00
usr_002,prob_sor_1_069,sorting,1,1,181,2,2023-01-14T01:59:00
usr_002,prob_bas_1_031,basics,1,1,176,2,2023-01-14T17:12:00
usr_002,prob_gra_2_077,graphs,2,1,272,4,2023-01-15T02:28:00
usr_002,prob_gra_1_014,graphs,1,1,130,1,2023-01-16T01:16:00
usr_002,prob_dyn_2_036,dynamic_programming,2,1,239,4,2023-01-16T21:29:00
usr_002,prob_dyn_3_087,dynamic_programming,3,1,730,6,2023-01-17T02:10:00
usr_002,prob_sea_3_085,searching,3,1,395,5,2023-01-17T18:57:00
usr_002,prob_tre_3_080,trees,3,1,703,6,2023-01-17T22:13:00
usr_002,prob_str_2_040,strings,2,1,258,3,2023-01-18T01:01:00
usr_002,prob_arr_2_100,arrays,2,1,236,3,2023-01-18T20:49:00
usr_002,prob_dyn_2_032,dynamic_programming,2,1,260,2,2023-01-18T23:33:00
usr_002,prob_dyn_2_026,dynamic_programming,2,1,314,2,2023-01-19T12:53:00
usr_002,prob_arr_3_088,arrays,3,1,411,5,2023-01-19T13:03:00
usr_002,prob_sea_3_088,searching,3,1,830,4,2023-01-19T19:11:00
usr_002,prob_sor_1_050,sorting,1,1,104,1,2023-01-20T18:28:00
usr_002,prob_tre_1_037,trees,1,1,145,2,2023-01-21T12:25:00
usr_002,prob_arr_3_037,arrays,3,0,506,7,2023-01-22T02:50:00
usr_002,prob_sor_1_047,sorting,1,1,167,2,2023-01-23T02:15:00
usr_002,prob_rec_2_032,recursion,2,1,249,3,2023-01-23T08:27:00
usr_002,prob_sor_2_076,sorting,2,1,251,3,2023-01-23T21:21:00
usr_002,prob_bas_3_040,basics,3,1,379,4,2023-01-24T15:33:00
usr_002,prob_arr_3_087,arrays,3,1,610,3,2023-01-25T02:12:00
usr_002,prob_sea_1_089,searching,1,1,91,1,2023-01-25T06:08:00
usr_002,prob_sor_1_022,sorting,1,1,53,1,2023-01-26T02:00:00
usr_002,prob_dyn_1_078,dynamic_programming,1,1,63,1,2023-01-27T01:21:00
usr_002,prob_tre_1_057,trees,1,1,64,1,2023-01-27T09:32:00
usr_002,prob_sor_1_079,sorting,1,1,158,1,2023-01-27T14:28:00
usr_002,prob_gra_2_057,graphs,2,1,192,2,2023-01-28T02:32:00
usr_002,prob_str_3_079,strings,3,1,433,3,2023-01-29T01:14:00
usr_002,prob_dyn_2_059,dynamic_programming,2,1,111,2,2023-01-29T16:26:00
usr_003,prob_sea_1_092,searching,1,1,263,3,2023-01-01T18:45:00
usr_003,prob_str_3_019,strings,3,1,980,9,2023-01-02T13:30:00
usr_003,prob_gra_1_010,graphs,1,1,200,2,2023-01-03T01:52:00
usr_003,prob_tre_2_097,trees,2,0,498,8,2023-01-03T21:28:00
usr_003,prob_rec_2_092,recursion,2,1,583,5,2023-01-04T18:55:00
usr_003,prob_sea_2_048,searching,2,1,375,6,2023-01-05T14:40:00
usr_003,prob_str_2_005,strings,2,0,492,7,2023-01-06T00:26:00
usr_003,prob_tre_1_071,trees,1,1,253,3,2023-01-06T14:31:00
usr_003,prob_sea_2_072,searching,2,1,471,6,2023-01-07T09:14:00
usr_003,prob_dyn_1_040,dynamic_programming,1,1,222,3,2023-01-08T02:38:00
usr_003,prob_tre_2_062,trees,2,1,320,5,2023-01-08T23:59:00
usr_003,prob_str_3_031,strings,3,1,1024,9,2023-01-09T18:59:00
usr_003,prob_str_1_025,strings,1,1,281,2,2023-01-10T11:01:00
usr_003,prob_bas_3_058,basics,3,1,721,9,2023-01-10T11:46:00
usr_003,prob_arr_1_053,arrays,1,1,332,3,2023-01-10T14:04:00
usr_003,prob_dyn_3_075,dynamic_programming,3,1,754,9,2023-01-11T04:01:00
usr_003,prob_tre_3_081,trees,3,1,1181,9,2023-01-11T16:17:00
usr_003,prob_sea_1_007,searching,1,0,137,4,2023-01-12T09:59:00
usr_003,prob_arr_1_027,arrays,1,1,330,2,2023-01-13T07:01:00
usr_003,prob_rec_1_032,recursion,1,1,248,2,2023-01-13T18:56:00
usr_003,prob_sea_3_005,searching,3,0,622,9,2023-01-14T06:26:00
usr_003,prob_arr_2_078,arrays,2,1,337,5,2023-01-14T17:13:00
usr_003,prob_sor_2_005,sorting,2,1,340,4,2023-01-15T06:15:00
usr_003,prob_arr_2_020,arrays,2,1,319,5,2023-01-15T14:00:00
usr_003,prob_dyn_1_080,dynamic_programming,1,1,167,2,2023-01-15T14:27:00
usr_003,prob_dyn_1_045,dynamic_programming,1,1,222,2,2023-01-15T15:29:00
usr_003,prob_rec_1_043,recursion,1,1,197,2,2023-01-16T15:24:00
usr_003,prob_bas_1_011,basics,1,1,209,1,2023-01-17T11:49:00
usr_003,prob_bas_2_032,basics,2,0,463,5,2023-01-18T03:04:00
usr_003,prob_arr_2_064,arrays,2,1,361,4,2023-01-18T18:09:00
usr_003,prob_gra_3_027,graphs,3,1,663,6,2023-01-18T21:16:00
usr_003,prob_dyn_2_042,dynamic_programming,2,1,411,3,2023-01-19T14:38:00
usr_003,prob_gra_3_034,graphs,3,1,732,6,2023-01-19T18:47:00
usr_003,prob_bas_1_006,basics,1,1,147,1,2023-01-20T04:33:00
usr_003,prob_sea_3_045,searching,3,1,538,7,2023-01-21T02:52:00
usr_003,prob_rec_1_046,recursion,1,1,185,1,2023-01-21T12:21:00
usr_003,prob_str_1_013,strings,1,1,160,2,2023-01-22T03:47:00
usr_003,prob_sor_1_037,sorting,1,1,256,2,2023-01-22T15:12:00
usr_003,prob_sea_3_038,searching,3,1,756,5,2023-01-23T12:46:00
usr_003,prob_rec_1_059,recursion,1,1,100,1,2023-01-24T06:41:00
usr_003,prob_dyn_3_026,dynamic_programming,3,1,558,6,2023-01-24T21:55:00
usr_003,prob_dyn_2_016,dynamic_programming,2,1,281,3,2023-01-25T17:32:00
usr_003,prob_arr_2_048,arrays,2,0,265,5,2023-01-25T21:31:00
usr_003,prob_tre_3_033,trees,3,1,376,6,2023-01-26T04:47:00
usr_003,prob_arr_3_058,arrays,3,1,1072,6,2023-01-26T18:56:00
usr_003,prob_sea_3_062,searching,3,1,601,6,2023-01-26T19:20:00
usr_003,prob_tre_2_081,trees,2,1,278,2,2023-01-27T08:16:00
usr_003,prob_bas_3_092,basics,3,1,858,5,2023-01-28T00:47:00
usr_003,prob_rec_3_056,recursion,3,1,415,5,2023-01-28T23:40:00
usr_003,prob_tre_1_048,trees,1,1,103,2,2023-01-29T02:26:00
usr_003,prob_rec_3_081,recursion,3,0,372,6,2023-01-29T19:05:00
usr_003,prob_sor_3_017,sorting,3,1,509,5,2023-01-30T10:04:00
usr_003,prob_rec_1_001,recursion,1,1,142,1,2023-01-31T01:37:00
usr_003,prob_bas_1_070,basics,1,1,132,1,2023-01-31T14:30:00
usr_003,prob_arr_1_072,arrays,1,1,116,2,2023-01-31T16:46:00
usr_003,prob_str_3_098,strings,3,1,505,4,2023-02-01T01:13:00
usr_003,prob_dyn_1_057,dynamic_programming,1,1,108,1,2023-02-01T16:07:00
usr_003,prob_gra_1_034,graphs,1,1,140,2,2023-02-01T22:10:00
usr_003,prob_rec_2_060,recursion,2,1,144,2,2023-02-02T20:58:00
usr_003,prob_str_3_069,strings,3,1,506,4,2023-02-03T07:38:00
usr_003,prob_bas_1_019,basics,1,1,207,1,2023-02-04T03:54:00
usr_003,prob_bas_1_001,basics,1,1,111,1,2023-02-04T19:07:00
usr_003,prob_dyn_3_047,dynamic_programming,3,1,332,4,2023-02-05T03:02:00
usr_003,prob_arr_1_009,arrays,1,1,86,1,2023-02-05T21:27:00
usr_003,prob_dyn_2_075,dynamic_programming,2,1,182,2,2023-02-06T06:18:00
usr_003,prob_arr_1_002,arrays,1,1,96,1,2023-02-06T21:36:00
usr_003,prob_gra_1_065,graphs,1,1,101,1,2023-02-07T07:45:00
usr_003,prob_dyn_1_088,dynamic_programming,1,1,187,1,2023-02-07T14:45:00
usr_003,prob_arr_2_088,arrays,2,1,183,2,2023-02-08T01:52:00
usr_004,prob_tre_1_017,trees,1,0,441,4,2023-01-01T02:20:00
usr_004,prob_sor_2_040,sorting,2,1,688,7,2023-01-01T04:20:00
usr_004,prob_sea_3_075,searching,3,0,1890,13,2023-01-01T22:28:00
usr_004,prob_dyn_2_087,dynamic_programming,2,1,1127,7,2023-01-02T07:16:00
usr_004,prob_gra_3_094,graphs,3,0,2549,14,2023-01-02T14:53:00
usr_004,prob_gra_3_002,graphs,3,0,1111,13,2023-01-03T01:21:00
usr_004,prob_tre_3_010,trees,3,1,1420,11,2023-01-03T21:35:00
usr_004,prob_tre_3_026,trees,3,0,1831,11,2023-01-04T17:10:00
usr_004,prob_bas_1_096,basics,1,0,341,5,2023-01-04T18:16:00
usr_004,prob_rec_3_045,recursion,3,0,1714,12,2023-01-05T10:05:00
usr_004,prob_str_2_020,strings,2,1,572,6,2023-01-05T18:15:00
usr_004,prob_sor_3_066,sorting,3,0,1661,12,2023-01-05T20:08:00
usr_004,prob_arr_1_019,arrays,1,1,313,3,2023-01-06T09:14:00
usr_004,prob_sea_3_042,searching,3,0,2890,11,2023-01-06T11:28:00
usr_004,prob_bas_2_077,basics,2,0,561,6,2023-01-06T15:17:00
usr_004,prob_arr_1_025,arrays,1,1,237,3,2023-01-07T11:19:00
usr_004,prob_sea_1_008,searching,1,0,300,5,2023-01-07T12:25:00
usr_004,prob_tre_2_007,trees,2,0,848,7,2023-01-08T06:26:00
usr_004,prob_bas_1_046,basics,1,1,393,3,2023-01-09T04:51:00
usr_004,prob_bas_2_034,basics,2,0,623,6,2023-01-10T03:35:00
usr_004,prob_rec_3_017,recursion,3,0,2017,10,2023-01-10T04:35:00
usr_004,prob_dyn_1_004,dynamic_programming,1,1,351,2,2023-01-10T14:44:00
usr_004,prob_bas_2_014,basics,2,1,1429,5,2023-01-11T14:41:00
usr_004,prob_sor_1_099,sorting,1,1,283,2,2023-01-12T14:41:00
usr_004,prob_tre_2_073,trees,2,1,649,5,2023-01-13T05:49:00
usr_004,prob_arr_2_003,arrays,2,0,505,6,2023-01-13T09:58:00
usr_004,prob_gra_2_073,graphs,2,0,443,6,2023-01-13T16:50:00
usr_004,prob_arr_1_043,arrays,1,0,296,4,2023-01-14T14:55:00
usr_004,prob_rec_2_097,recursion,2,0,477,5,2023-01-15T13:26:00
usr_004,prob_arr_2_018,arrays,2,1,563,5,2023-01-15T19:56:00
usr_004,prob_dyn_1_033,dynamic_programming,1,1,357,3,2023-01-16T10:35:00
usr_004,prob_sea_1_054,searching,1,1,272,2,2023-01-16T21:17:00
usr_004,prob_dyn_2_026,dynamic_programming,2,1,650,4,2023-01-17T20:07:00
usr_004,prob_arr_1_068,arrays,1,1,333,3,2023-01-18T00:27:00
usr_004,prob_str_3_028,strings,3,0,1134,9,2023-01-18T19:34:00
usr_004,prob_str_3_047,strings,3,0,962,9,2023-01-19T11:40:00
usr_004,prob_dyn_3_011,dynamic_programming,3,0,2040,9,2023-01-20T00:54:00
usr_004,prob_str_3_059,strings,3,0,1031,10,2023-01-20T04:24:00
usr_004,prob_dyn_3_097,dynamic_programming,3,1,1029,7,2023-01-20T23:51:00
usr_004,prob_rec_3_089,recursion,3,0,871,8,2023-01-21T08:46:00
usr_004,prob_str_2_009,strings,2,1,498,4,2023-01-22T05:32:00
usr_004,prob_sea_2_097,searching,2,0,394,4,2023-01-23T01:35:00
usr_004,prob_rec_2_046,recursion,2,0,413,4,2023-01-23T18:02:00
usr_004,prob_str_1_037,strings,1,1,244,2,2023-01-24T06:47:00
usr_004,prob_rec_1_083,recursion,1,1,338,2,2023-01-25T03:36:00
usr_004,prob_arr_1_079,arrays,1,1,136,2,2023-01-26T00:00:00
usr_004,prob_sor_1_053,sorting,1,1,278,2,2023-01-26T19:01:00
usr_004,prob_bas_1_067,basics,1,1,181,1,2023-01-27T10:11:00
usr_004,prob_gra_1_098,graphs,1,1,297,1,2023-01-27T22:21:00
usr_004,prob_tre_1_033,trees,1,1,226,2,2023-01-28T16:55:00
usr_004,prob_str_1_098,strings,1,1,244,2,2023-01-29T11:57:00
usr_004,prob_sor_3_004,sorting,3,0,855,6,2023-01-29T19:11:00
usr_004,prob_sea_1_024,searching,1,1,181,2,2023-01-29T20:56:00
usr_004,prob_tre_3_063,trees,3,0,947,7,2023-01-30T12:10:00
usr_004,prob_bas_1_005,basics,1,1,104,1,2023-01-31T02:33:00
usr_004,prob_arr_2_005,arrays,2,1,639,2,2023-01-31T05:47:00
usr_004,prob_rec_3_030,recursion,3,0,788,6,2023-01-31T14:16:00
usr_004,prob_sea_1_097,searching,1,1,144,1,2023-02-01T13:58:00
usr_004,prob_dyn_1_071,dynamic_programming,1,1,147,1,2023-02-01T19:56:00
usr_004,prob_sea_2_011,searching,2,0,274,5,2023-02-02T03:53:00
usr_004,prob_tre_2_016,trees,2,1,408,2,2023-02-02T14:18:00
usr_004,prob_str_1_016,strings,1,1,140,1,2023-02-03T07:45:00
usr_004,prob_arr_3_003,arrays,3,0,722,7,2023-02-03T18:24:00
usr_004,prob_sor_2_075,sorting,2,1,388,2,2023-02-04T05:18:00
usr_004,prob_sor_3_075,sorting,3,0,1043,5,2023-02-05T00:11:00
usr_004,prob_dyn_2_082,dynamic_programming,2,1,345,2,2023-02-05T05:46:00
usr_004,prob_dyn_2_100,dynamic_programming,2,0,350,3,2023-02-05T22:16:00
usr_005,prob_str_3_058,strings,3,0,2381,13,2023-01-01T12:24:00
usr_005,prob_sor_2_049,sorting,2,1,1338,7,2023-01-02T08:46:00
usr_005,prob_arr_2_083,arrays,2,0,1265,9,2023-01-02T22:04:00
usr_005,prob_rec_2_082,recursion,2,0,1077,7,2023-01-03T20:17:00
usr_005,prob_dyn_3_013,dynamic_programming,3,0,2395,12,2023-01-03T22:44:00
usr_005,prob_bas_1_063,basics,1,1,895,4,2023-01-04T00:20:00
usr_005,prob_tre_3_085,trees,3,0,2064,12,2023-01-04T17:33:00
usr_005,prob_sor_1_075,sorting,1,1,570,3,2023-01-05T06:56:00
usr_005,prob_gra_3_085,graphs,3,0,1857,12,2023-01-05T10:17:00
usr_005,prob_arr_1_020,arrays,1,0,341,6,2023-01-06T01:19:00
usr_005,prob_arr_1_016,arrays,1,1,552,3,2023-01-06T05:10:00
usr_005,prob_sor_1_013,sorting,1,1,478,3,2023-01-06T23:02:00
usr_005,prob_str_3_027,strings,3,1,1451,10,2023-01-07T14:32:00
usr_005,prob_arr_2_044,arrays,2,0,802,8,2023-01-08T13:50:00
usr_005,prob_gra_2_051,graphs,2,1,848,6,2023-01-09T10:40:00
usr_005,prob_tre_1_069,trees,1,1,388,2,2023-01-10T05:37:00
usr_005,prob_bas_2_057,basics,2,1,762,5,2023-01-11T05:11:00
usr_005,prob_gra_2_003,graphs,2,1,685,5,2023-01-12T03:44:00
usr_005,prob_sea_3_009,searching,3,0,2033,10,2023-01-12T11:20:00
usr_005,prob_str_1_081,strings,1,1,491,3,2023-01-12T23:17:00
usr_005,prob_str_3_044,strings,3,1,2961,9,2023-01-13T14:16:00
usr_005,prob_dyn_2_042,dynamic_programming,2,0,662,7,2023-01-13T17:17:00
usr_005,prob_gra_2_076,graphs,2,0,687,8,2023-01-14T14:20:00
usr_005,prob_dyn_2_063,dynamic_programming,2,1,1074,6,2023-01-15T12:10:00
usr_005,prob_bas_2_064,basics,2,1,1068,5,2023-01-15T15:44:00
usr_005,prob_tre_2_031,trees,2,0,997,6,2023-01-15T19:00:00
usr_005,prob_arr_1_041,arrays,1,0,272,4,2023-01-16T05:43:00
usr_005,prob_rec_1_092,recursion,1,1,357,3,2023-01-16T09:10:00
usr_005,prob_str_3_078,strings,3,0,1410,10,2023-01-16T18:19:00
usr_005,prob_str_3_042,strings,3,1,1875,8,2023-01-17T13:31:00
usr_005,prob_dyn_2_051,dynamic_programming,2,1,980,4,2023-01-17T21:13:00
usr_005,prob_str_3_081,strings,3,0,1133,9,2023-01-18T19:19:00
usr_005,prob_sea_2_083,searching,2,1,711,4,2023-01-19T16:32:00
usr_005,prob_rec_1_047,recursion,1,1,418,2,2023-01-19T23:50:00
usr_005,prob_arr_2_069,arrays,2,1,812,4,2023-01-20T15:53:00
usr_005,prob_dyn_2_071,dynamic_programming,2,1,1449,5,2023-01-21T09:37:00
usr_005,prob_tre_3_096,trees,3,1,1310,7,2023-01-21T19:29:00
usr_005,prob_str_3_067,strings,3,1,2428,8,2023-01-22T16:10:00
usr_005,prob_gra_2_016,graphs,2,1,777,4,2023-01-23T09:28:00
usr_005,prob_sor_2_027,sorting,2,1,711,4,2023-01-24T03:29:00
usr_005,prob_dyn_2_018,dynamic_programming,2,1,948,5,2023-01-24T08:29:00
usr_005,prob_gra_2_077,graphs,2,1,856,4,2023-01-24T12:15:00
usr_005,prob_sor_2_032,sorting,2,1,577,3,2023-01-24T16:17:00
usr_005,prob_dyn_1_015,dynamic_programming,1,0,428,3,2023-01-25T03:46:00
usr_005,prob_rec_3_044,recursion,3,1,1493,6,2023-01-25T05:26:00
usr_005,prob_tre_2_013,trees,2,0,576,5,2023-01-26T00:10:00
usr_005,prob_gra_2_082,graphs,2,1,559,4,2023-01-26T07:34:00
usr_005,prob_tre_3_068,trees,3,1,1287,7,2023-01-26T15:19:00
usr_005,prob_sea_3_014,searching,3,1,1580,6,2023-01-27T07:06:00
usr_005,prob_sea_3_045,searching,3,1,1119,7,2023-01-28T03:05:00
usr_005,prob_sea_2_069,searching,2,1,471,3,2023-01-28T22:46:00
usr_005,prob_tre_1_014,trees,1,1,476,2,2023-01-29T19:58:00
usr_005,prob_sor_1_060,sorting,1,1,307,2,2023-01-30T17:34:00
usr_005,prob_arr_1_044,arrays,1,1,381,1,2023-01-31T05:50:00
usr_005,prob_str_2_007,strings,2,1,898,4,2023-02-01T02:52:00
usr_005,prob_tre_2_043,trees,2,1,417,3,2023-02-01T17:45:00
usr_005,prob_str_3_027,strings,3,1,796,5,2023-02-02T14:54:00
usr_005,prob_gra_1_059,graphs,1,1,278,2,2023-02-03T13:16:00
usr_005,prob_bas_1_087,basics,1,1,332,1,2023-02-03T18:29:00
usr_005,prob_sor_2_031,sorting,2,1,592,2,2023-02-04T18:06:00
usr_005,prob_tre_2_078,trees,2,1,501,2,2023-02-05T00:41:00
usr_005,prob_tre_3_030,trees,3,1,1258,4,2023-02-05T08:17:00
usr_005,prob_sea_2_098,searching,2,1,623,2,2023-02-05T09:21:00
usr_005,prob_rec_3_082,recursion,3,0,1414,6,2023-02-05T12:41:00
usr_005,prob_str_1_086,strings,1,1,330,1,2023-02-06T01:31:00
usr_005,prob_sea_1_015,searching,1,1,251,1,2023-02-06T12:22:00
usr_005,prob_rec_3_056,recursion,3,1,639,5,2023-02-07T06:54:00
usr_005,prob_dyn_2_006,dynamic_programming,2,1,385,3,2023-02-07T14:22:00
usr_005,prob_gra_3_040,graphs,3,1,843,5,2023-02-08T02:57:00
usr_005,prob_bas_1_077,basics,1,1,241,1,2023-02-08T21:23:00
usr_005,prob_tre_3_046,trees,3,0,978,6,2023-02-09T11:07:00
usr_005,prob_sor_2_005,sorting,2,1,568,2,2023-02-09T19:19:00
usr_005,prob_sea_1_075,searching,1,1,143,1,2023-02-10T16:41:00
usr_005,prob_gra_3_050,graphs,3,1,750,4,2023-02-10T19:30:00
usr_005,prob_sor_2_005,sorting,2,1,513,1,2023-02-11T14:14:00
usr_005,prob_arr_2_075,arrays,2,1,332,2,2023-02-11T23:02:00
usr_005,prob_bas_2_010,basics,2,1,453,2,2023-02-12T14:56:00
usr_005,prob_str_2_060,strings,2,1,374,2,2023-02-12T17:23:00
usr_006,prob_arr_3_024,arrays,3,1,851,9,2023-01-01T14:05:00
usr_006,prob_arr_2_073,arrays,2,1,260,5,2023-01-02T05:05:00
usr_006,prob_bas_1_063,basics,1,1,169,3,2023-01-02T15:21:00
usr_006,prob_rec_1_076,recursion,1,1,196,3,2023-01-03T09:24:00
usr_006,prob_arr_3_046,arrays,3,1,998,10,2023-01-04T05:11:00
usr_006,prob_dyn_3_036,dynamic_programming,3,0,807,11,2023-01-04T16:20:00
usr_006,prob_gra_2_012,graphs,2,1,275,5,2023-01-04T22:12:00
usr_006,prob_bas_3_077,basics,3,1,667,8,2023-01-05T15:25:00
usr_006,prob_dyn_2_027,dynamic_programming,2,1,387,5,2023-01-05T23:21:00
usr_006,prob_arr_2_071,arrays,2,1,642,5,2023-01-06T03:18:00
usr_006,prob_tre_2_013,trees,2,1,278,5,2023-01-06T10:01:00
usr_006,prob_rec_1_012,recursion,1,1,244,3,2023-01-07T09:57:00
usr_006,prob_dyn_2_060,dynamic_programming,2,1,227,4,2023-01-07T11:47:00
usr_006,prob_dyn_1_054,dynamic_programming,1,1,273,2,2023-01-07T14:19:00
usr_006,prob_gra_3_017,graphs,3,1,371,9,2023-01-08T01:26:00
usr_006,prob_sor_1_021,sorting,1,1,99,2,2023-01-08T19:49:00
usr_006,prob_tre_1_044,trees,1,1,304,3,2023-01-09T13:12:00
usr_006,prob_arr_2_060,arrays,2,0,322,6,2023-01-10T03:53:00
usr_006,prob_gra_3_054,graphs,3,1,632,8,2023-01-11T00:03:00
usr_006,prob_dyn_3_055,dynamic_programming,3,0,594,9,2023-01-11T00:37:00
usr_006,prob_dyn_1_098,dynamic_programming,1,1,130,2,2023-01-11T18:12:00
usr_006,prob_dyn_2_077,dynamic_programming,2,1,239,4,2023-01-12T13:34:00
usr_006,prob_dyn_3_050,dynamic_programming,3,0,1130,9,2023-01-13T02:57:00
usr_006,prob_rec_3_076,recursion,3,1,400,8,2023-01-13T23:45:00
usr_006,prob_sor_3_088,sorting,3,1,402,8,2023-01-14T17:04:00
usr_006,prob_tre_1_006,trees,1,1,111,3,2023-01-15T05:44:00
usr_006,prob_bas_1_011,basics,1,1,309,3,2023-01-15T10:23:00
usr_006,prob_arr_3_034,arrays,3,1,480,8,2023-01-15T18:04:00
usr_006,prob_bas_3_016,basics,3,1,369,8,2023-01-16T06:11:00
usr_006,prob_rec_2_079,recursion,2,1,328,4,2023-01-17T04:53:00
usr_006,prob_tre_3_070,trees,3,1,590,6,2023-01-17T21:30:00
usr_006,prob_gra_3_024,graphs,3,0,540,7,2023-01-18T15:33:00
usr_006,prob_str_1_020,strings,1,1,105,1,2023-01-19T07:24:00
usr_006,prob_sor_1_015,sorting,1,1,172,1,2023-01-19T13:48:00
usr_006,prob_tre_2_080,trees,2,1,246,4,2023-01-20T06:38:00
usr_006,prob_sor_3_089,sorting,3,1,377,7,2023-01-20T14:58:00
usr_006,prob_bas_1_080,basics,1,1,202,1,2023-01-20T18:20:00
usr_006,prob_str_2_089,strings,2,1,274,3,2023-01-21T01:44:00
usr_006,prob_arr_2_092,arrays,2,1,283,3,2023-01-21T10:03:00
usr_006,prob_rec_2_018,recursion,2,1,277,3,2023-01-22T02:00:00
usr_006,prob_tre_1_088,trees,1,1,143,1,2023-01-22T07:46:00
usr_006,prob_str_2_005,strings,2,1,165,3,2023-01-22T18:16:00
usr_006,prob_dyn_2_009,dynamic_programming,2,1,487,4,2023-01-22T22:59:00
usr_006,prob_gra_1_035,graphs,1,1,116,1,2023-01-23T13:50:00
usr_006,prob_sea_2_061,searching,2,1,288,4,2023-01-24T01:05:00
usr_006,prob_sea_1_032,searching,1,1,110,1,2023-01-24T10:48:00
usr_006,prob_arr_2_011,arrays,2,1,156,4,2023-01-25T07:29:00
usr_006,prob_gra_2_002,graphs,2,1,189,3,2023-01-26T03:16:00
usr_006,prob_rec_2_089,recursion,2,1,213,2,2023-01-27T01:52:00
usr_006,prob_tre_3_060,trees,3,1,391,6,2023-01-27T04:03:00
usr_006,prob_bas_2_048,basics,2,1,245,2,2023-01-27T20:09:00
usr_006,prob_bas_1_014,basics,1,1,46,1,2023-01-27T20:14:00
usr_006,prob_gra_2_008,graphs,2,1,215,2,2023-01-28T04:08:00
usr_006,prob_dyn_2_005,dynamic_programming,2,1,251,2,2023-01-28T16:27:00
usr_006,prob_arr_1_091,arrays,1,1,100,1,2023-01-29T07:00:00
usr_006,prob_gra_3_025,graphs,3,1,363,4,2023-01-30T03:23:00
usr_006,prob_dyn_2_005,dynamic_programming,2,1,216,3,2023-01-30T10:34:00
usr_006,prob_bas_1_061,basics,1,1,73,1,2023-01-30T14:55:00
usr_006,prob_dyn_1_037,dynamic_programming,1,1,113,2,2023-01-31T12:04:00
usr_006,prob_tre_2_060,trees,2,0,229,4,2023-02-01T05:25:00
usr_006,prob_arr_2_065,arrays,2,1,260,3,2023-02-01T19:32:00
usr_006,prob_dyn_2_013,dynamic_programming,2,1,95,3,2023-02-02T11:17:00
usr_006,prob_arr_1_052,arrays,1,1,165,1,2023-02-02T15:48:00
usr_006,prob_sea_3_074,searching,3,1,259,4,2023-02-03T00:46:00
usr_006,prob_arr_1_017,arrays,1,1,167,1,2023-02-03T05:28:00
usr_006,prob_rec_2_049,recursion,2,1,145,3,2023-02-03T20:47:00
usr_006,prob_dyn_1_010,dynamic_programming,1,1,57,1,2023-02-04T12:32:00
usr_006,prob_tre_1_016,trees,1,1,62,1,2023-02-04T15:59:00
usr_006,prob_tre_3_021,trees,3,0,180,5,2023-02-05T14:24:00
usr_006,prob_str_2_061,strings,2,1,137,1,2023-02-05T19:41:00
usr_006,prob_dyn_3_059,dynamic_programming,3,0,331,6,2023-02-06T09:25:00
usr_006,prob_tre_3_056,trees,3,1,372,4,2023-02-06T09:46:00
usr_006,prob_rec_1_048,recursion,1,1,34,1,2023-02-06T23:32:00
usr_006,prob_gra_1_075,graphs,1,1,85,1,2023-02-07T20:36:00
usr_006,prob_dyn_2_038,dynamic_programming,2,1,71,1,2023-02-08T17:21:00
usr_006,prob_dyn_2_019,dynamic_programming,2,1,248,2,2023-02-09T06:05:00
usr_006,prob_dyn_3_011,dynamic_programming,3,1,330,3,2023-02-09T22:52:00
usr_006,prob_rec_3_058,recursion,3,1,210,3,2023-02-10T02:35:00
usr_006,prob_str_3_033,strings,3,1,327,4,2023-02-10T10:31:00
usr_007,prob_rec_2_082,recursion,2,1,455,4,2023-01-01T13:54:00
usr_007,prob_bas_3_058,basics,3,1,1067,8,2023-01-01T22:04:00
usr_007,prob_dyn_2_053,dynamic_programming,2,0,443,5,2023-01-02T15:10:00
usr_007,prob_tre_1_093,trees,1,1,176,3,2023-01-03T10:40:00
usr_007,prob_tre_3_044,trees,3,1,949,9,2023-01-04T06:10:00
usr_007,prob_sea_1_029,searching,1,0,160,4,2023-01-05T01:48:00
usr_007,prob_tre_1_096,trees,1,1,198,2,2023-01-05T01:58:00
usr_007,prob_rec_3_001,recursion,3,1,774,7,2023-01-05T02:05:00
usr_007,prob_gra_3_021,graphs,3,0,948,9,2023-01-05T12:05:00
usr_007,prob_sea_1_022,searching,1,1,229,3,2023-01-06T08:54:00
usr_007,prob_tre_3_023,trees,3,1,903,8,2023-01-06T20:30:00
usr_007,prob_str_1_007,strings,1,0,323,3,2023-01-07T12:04:00
usr_007,prob_gra_2_060,graphs,2,1,354,5,2023-01-07T20:18:00
usr_007,prob_rec_2_034,recursion,2,1,333,5,2023-01-08T05:37:00
usr_007,prob_tre_1_076,trees,1,1,240,2,2023-01-08T13:33:00
usr_007,prob_sea_3_025,searching,3,1,957,7,2023-01-09T11:23:00
usr_007,prob_str_3_011,strings,3,1,780,7,2023-01-09T20:26:00
usr_007,prob_bas_3_042,basics,3,1,720,7,2023-01-10T09:14:00
usr_007,prob_sea_2_100,searching,2,1,337,4,2023-01-10T19:21:00
usr_007,prob_arr_1_004,arrays,1,1,85,2,2023-01-11T12:46:00
usr_007,prob_tre_1_070,trees,1,1,290,1,2023-01-12T12:30:00
usr_007,prob_str_1_068,strings,1,1,277,2,2023-01-12T17:00:00
usr_007,prob_tre_2_092,trees,2,1,308,3,2023-01-13T07:52:00
usr_007,prob_rec_2_034,recursion,2,1,237,4,2023-01-13T21:20:00
usr_007,prob_dyn_1_079,dynamic_programming,1,1,179,1,2023-01-14T16:54:00
usr_007,prob_bas_3_010,basics,3,1,759,7,2023-01-15T01:47:00
usr_007,prob_arr_3_048,arrays,3,1,646,6,2023-01-15T06:26:00
usr_007,prob_tre_2_085,trees,2,1,249,3,2023-01-16T06:10:00
usr_007,prob_tre_3_070,trees,3,0,493,9,2023-01-17T01:47:00
usr_007,prob_arr_3_035,arrays,3,1,522,6,2023-01-17T04:21:00
usr_007,prob_arr_2_009,arrays,2,1,207,3,2023-01-17T15:45:00
usr_007,prob_sor_1_076,sorting,1,1,185,2,2023-01-17T21:04:00
usr_007,prob_tre_3_057,trees,3,1,646,5,2023-01-18T04:53:00
usr_007,prob_str_2_059,strings,2,1,372,3,2023-01-19T01:30:00
usr_007,prob_str_2_094,strings,2,1,397,4,2023-01-19T08:54:00
usr_007,prob_sor_1_096,sorting,1,1,121,1,2023-01-19T20:26:00
usr_007,prob_bas_1_067,basics,1,1,232,2,2023-01-20T05:41:00
usr_007,prob_sor_2_055,sorting,2,1,160,3,2023-01-20T16:32:00
usr_007,prob_sor_3_043,sorting,3,1,589,5,2023-01-21T09:03:00
usr_007,prob_bas_2_017,basics,2,1,202,2,2023-01-21T15:44:00
usr_007,prob_dyn_2_051,dynamic_programming,2,1,233,2,2023-01-22T15:18:00
usr_007,prob_bas_1_055,basics,1,1,122,2,2023-01-23T07:41:00
usr_007,prob_sea_1_053,searching,1,1,141,1,2023-01-23T13:10:00
usr_007,prob_tre_1_083,trees,1,1,148,2,2023-01-24T05:17:00
usr_007,prob_sea_1_075,searching,1,1,173,2,2023-01-24T20:07:00
usr_007,prob_rec_3_015,recursion,3,0,460,6,2023-01-25T04:56:00
usr_007,prob_arr_2_080,arrays,2,1,273,3,2023-01-25T18:51:00
usr_007,prob_dyn_3_092,dynamic_programming,3,0,445,6,2023-01-26T14:15:00
usr_007,prob_rec_1_088,recursion,1,1,79,1,2023-01-26T20:24:00
usr_007,prob_arr_2_078,arrays,2,1,221,2,2023-01-26T23:37:00
usr_007,prob_arr_3_070,arrays,3,1,557,4,2023-01-27T16:27:00
usr_007,prob_str_1_011,strings,1,1,90,2,2023-01-28T15:32:00
usr_007,prob_gra_2_056,graphs,2,1,274,2,2023-01-28T16:38:00
usr_007,prob_str_1_096,strings,1,1,127,1,2023-01-28T20:20:00
usr_007,prob_arr_1_058,arrays,1,1,118,1,2023-01-29T11:11:00
usr_007,prob_sor_2_007,sorting,2,1,169,2,2023-01-30T03:24:00
usr_007,prob_rec_2_098,recursion,2,1,271,1,2023-01-30T10:27:00
usr_007,prob_dyn_3_049,dynamic_programming,3,1,367,4,2023-01-31T00:24:00
usr_007,prob_str_1_033,strings,1,1,107,1,2023-01-31T05:42:00
usr_007,prob_str_3_039,strings,3,0,495,6,2023-01-31T06:26:00
usr_007,prob_gra_1_026,graphs,1,1,125,1,2023-01-31T14:24:00
usr_007,prob_sea_3_056,searching,3,1,380,4,2023-02-01T12:10:00
usr_007,prob_sea_2_047,searching,2,1,217,2,2023-02-02T04:05:00
usr_007,prob_str_1_008,strings,1,1,93,1,2023-02-02T11:48:00
usr_007,prob_arr_2_099,arrays,2,1,211,2,2023-02-03T10:40:00
usr_007,prob_tre_1_010,trees,1,1,87,1,2023-02-03T14:14:00
usr_007,prob_dyn_1_055,dynamic_programming,1,1,111,1,2023-02-04T04:45:00
usr_007,prob_sea_3_075,searching,3,1,267,3,2023-02-04T07:19:00
usr_008,prob_dyn_3_027,dynamic_programming,3,0,796,11,2023-01-01T03:13:00
usr_008,prob_dyn_1_077,dynamic_programming,1,0,181,4,2023-01-01T12:35:00
usr_008,prob_gra_1_091,graphs,1,1,198,2,2023-01-01T14:38:00
usr_008,prob_arr_1_037,arrays,1,0,165,4,2023-01-01T20:14:00
usr_008,prob_dyn_1_081,dynamic_programming,1,1,272,2,2023-01-02T11:40:00
usr_008,prob_rec_2_040,recursion,2,0,451,8,2023-01-02T18:50:00
usr_008,prob_arr_1_093,arrays,1,1,202,2,2023-01-03T02:10:00
usr_008,prob_gra_3_099,graphs,3,0,649,11,2023-01-03T06:16:00
usr_008,prob_rec_2_041,recursion,2,0,301,6,2023-01-03T17:43:00
usr_008,prob_dyn_2_054,dynamic_programming,2,1,298,6,2023-01-03T22:27:00
usr_008,prob_tre_3_095,trees,3,1,526,8,2023-01-04T18:46:00
usr_008,prob_gra_2_033,graphs,2,1,371,6,2023-01-05T14:30:00
usr_008,prob_dyn_3_025,dynamic_programming,3,1,734,8,2023-01-06T05:10:00
usr_008,prob_sea_1_055,searching,1,1,184,3,2023-01-06T06:49:00
usr_008,prob_rec_2_053,recursion,2,1,264,4,2023-01-06T13:19:00
usr_008,prob_arr_3_098,arrays,3,0,601,11,2023-01-07T09:43:00
usr_008,prob_dyn_1_097,dynamic_programming,1,1,135,3,2023-01-08T00:17:00
usr_008,prob_dyn_2_096,dynamic_programming,2,0,348,7,2023-01-08T16:28:00
usr_008,prob_sea_3_044,searching,3,1,633,9,2023-01-09T01:31:00
usr_008,prob_rec_1_032,recursion,1,1,176,3,2023-01-09T06:56:00
usr_008,prob_arr_2_007,arrays,2,1,285,5,2023-01-09T08:27:00
usr_008,prob_rec_3_074,recursion,3,1,407,7,2023-01-09T17:32:00
usr_008,prob_str_1_040,strings,1,1,160,3,2023-01-10T04:04:00
usr_008,prob_rec_1_035,recursion,1,0,155,3,2023-01-10T08:08:00
usr_008,prob_tre_2_063,trees,2,1,337,4,2023-01-11T04:57:00
usr_008,prob_sea_1_005,searching,1,1,142,3,2023-01-11T16:57:00
usr_008,prob_bas_1_092,basics,1,1,167,2,2023-01-11T18:05:00
usr_008,prob_bas_1_051,basics,1,1,176,3,2023-01-12T06:30:00
usr_008,prob_rec_1_028,recursion,1,1,149,3,2023-01-12T21:55:00
usr_008,prob_rec_2_053,recursion,2,0,222,6,2023-01-13T02:17:00
usr_008,prob_bas_1_077,basics,1,1,96,2,2023-01-14T00:57:00
usr_008,prob_rec_3_098,recursion,3,1,611,7,2023-01-14T04:38:00
usr_008,prob_gra_1_042,graphs,1,1,70,2,2023-01-14T17:42:00
usr_008,prob_sor_1_048,sorting,1,1,91,1,2023-01-15T15:56:00
usr_008,prob_sea_1_068,searching,1,1,152,2,2023-01-15T22:36:00
usr_008,prob_str_1_022,strings,1,1,75,2,2023-01-16T10:35:00
usr_008,prob_arr_3_042,arrays,3,1,680,7,2023-01-17T09:33:00
usr_008,prob_tre_3_083,trees,3,1,482,7,2023-01-18T08:05:00
usr_008,prob_arr_1_024,arrays,1,1,128,2,2023-01-18T13:26:00
usr_008,prob_sea_3_083,searching,3,1,582,6,2023-01-18T23:40:00
usr_008,prob_dyn_1_020,dynamic_programming,1,1,207,2,2023-01-19T08:31:00
usr_008,prob_gra_2_091,graphs,2,1,255,3,2023-01-19T16:14:00
usr_008,prob_dyn_1_008,dynamic_programming,1,1,234,2,2023-01-19T23:43:00
usr_008,prob_sor_2_049,sorting,2,1,225,3,2023-01-20T02:37:00
usr_008,prob_str_3_012,strings,3,1,337,6,2023-01-20T08:10:00
usr_008,prob_str_1_015,strings,1,1,111,2,2023-01-20T15:21:00
usr_008,prob_sea_1_080,searching,1,1,159,1,2023-01-21T06:35:00
usr_008,prob_tre_2_085,trees,2,1,469,4,2023-01-21T07:29:00
usr_008,prob_dyn_1_016,dynamic_programming,1,1,147,1,2023-01-21T18:41:00
usr_008,prob_gra_2_006,graphs,2,1,234,2,2023-01-22T06:04:00
usr_008,prob_rec_1_034,recursion,1,1,58,2,2023-01-22T10:16:00
usr_008,prob_rec_3_061,recursion,3,1,401,6,2023-01-23T06:50:00
usr_008,prob_dyn_2_023,dynamic_programming,2,1,219,3,2023-01-23T10:44:00
usr_008,prob_rec_1_021,recursion,1,1,84,2,2023-01-24T02:37:00
usr_008,prob_arr_3_100,arrays,3,1,315,6,2023-01-24T08:11:00
usr_008,prob_rec_1_005,recursion,1,1,122,1,2023-01-24T16:21:00
usr_008,prob_gra_1_044,graphs,1,1,222,2,2023-01-25T04:21:00
usr_008,prob_tre_3_099,trees,3,1,417,4,2023-01-25T12:06:00
usr_008,prob_sor_2_008,sorting,2,1,230,2,2023-01-25T21:11:00
usr_008,prob_arr_3_023,arrays,3,1,436,4,2023-01-26T04:46:00
usr_008,prob_rec_1_044,recursion,1,1,115,2,2023-01-26T20:56:00
usr_008,prob_arr_2_041,arrays,2,1,144,3,2023-01-27T04:44:00
usr_008,prob_rec_1_053,recursion,1,1,163,2,2023-01-27T22:06:00
usr_008,prob_bas_1_016,basics,1,1,35,2,2023-01-27T22:30:00
usr_008,prob_sea_2_079,searching,2,1,129,2,2023-01-27T22:42:00
usr_008,prob_str_3_043,strings,3,1,273,5,2023-01-28T17:13:00
usr_008,prob_bas_3_010,basics,3,0,376,7,2023-01-29T16:52:00
usr_008,prob_arr_1_036,arrays,1,1,106,1,2023-01-30T03:13:00
usr_008,prob_bas_1_083,basics,1,1,84,1,2023-01-30T18:51:00
usr_008,prob_dyn_1_023,dynamic_programming,1,1,67,1,2023-01-31T00:35:00
usr_008,prob_arr_2_020,arrays,2,1,207,1,2023-01-31T09:31:00
usr_008,prob_sea_1_013,searching,1,1,68,1,2023-01-31T10:57:00
usr_008,prob_gra_1_076,graphs,1,1,62,1,2023-01-31T11:31:00
usr_008,prob_tre_3_087,trees,3,1,238,4,2023-01-31T20:10:00
usr_008,prob_dyn_2_090,dynamic_programming,2,1,144,2,2023-02-01T00:53:00
usr_008,prob_str_2_047,strings,2,1,132,2,2023-02-01T03:21:00
usr_008,prob_sea_1_058,searching,1,1,65,1,2023-02-01T16:36:00
usr_008,prob_sor_1_047,sorting,1,1,66,1,2023-02-02T04:05:00
usr_009,prob_arr_3_064,arrays,3,1,707,9,2023-01-01T06:08:00
usr_009,prob_sor_2_012,sorting,2,0,417,5,2023-01-02T01:21:00
usr_009,prob_str_1_083,strings,1,0,132,4,2023-01-02T17:10:00
usr_009,prob_sea_3_025,searching,3,1,816,7,2023-01-03T00:02:00
usr_009,prob_bas_3_046,basics,3,0,655,8,2023-01-03T23:03:00
usr_009,prob_sea_1_055,searching,1,1,165,2,2023-01-04T15:10:00
usr_009,prob_rec_3_087,recursion,3,0,497,9,2023-01-05T10:35:00
usr_009,prob_sea_2_064,searching,2,1,482,4,2023-01-06T01:09:00
usr_009,prob_gra_3_009,graphs,3,0,908,8,2023-01-06T08:47:00
usr_009,prob_dyn_2_059,dynamic_programming,2,0,385,5,2023-01-07T02:00:00
usr_009,prob_dyn_2_006,dynamic_programming,2,0,472,5,2023-01-07T16:23:00
usr_009,prob_str_3_097,strings,3,1,639,7,2023-01-08T01:29:00
usr_009,prob_dyn_1_028,dynamic_programming,1,1,161,3,2023-01-08T14:27:00
usr_009,prob_tre_2_094,trees,2,1,275,4,2023-01-09T13:45:00
usr_009,prob_arr_3_069,arrays,3,1,654,7,2023-01-10T01:45:00
usr_009,prob_str_2_010,strings,2,1,371,4,2023-01-10T06:41:00
usr_009,prob_tre_2_090,trees,2,1,256,4,2023-01-10T12:08:00
usr_009,prob_bas_1_024,basics,1,1,97,1,2023-01-11T11:15:00
usr_009,prob_rec_2_045,recursion,2,1,263,3,2023-01-11T18:17:00
usr_009,prob_tre_1_052,trees,1,1,186,2,2023-01-12T06:54:00
usr_009,prob_dyn_2_036,dynamic_programming,2,1,343,3,2023-01-12T17:20:00
usr_009,prob_rec_1_033,recursion,1,1,139,1,2023-01-13T02:38:00
usr_009,prob_sea_3_008,searching,3,1,387,6,2023-01-14T00:26:00
usr_009,prob_dyn_1_012,dynamic_programming,1,1,133,2,2023-01-14T10:53:00
usr_009,prob_tre_2_024,trees,2,1,330,3,2023-01-15T10:46:00
usr_009,prob_arr_2_022,arrays,2,1,502,3,2023-01-15T18:29:00
usr_009,prob_dyn_2_042,dynamic_programming,2,1,259,4,2023-01-16T08:49:00
usr_009,prob_str_1_012,strings,1,1,208,2,2023-01-16T09:44:00
usr_009,prob_tre_3_051,trees,3,1,501,7,2023-01-16T11:31:00
usr_009,prob_sea_3_043,searching,3,1,577,6,2023-01-17T07:12:00
usr_009,prob_sea_3_092,searching,3,1,696,6,2023-01-17T21:31:00
usr_009,prob_str_1_031,strings,1,1,146,1,2023-01-18T08:06:00
usr_009,prob_gra_1_098,graphs,1,1,121,1,2023-01-18T15:48:00
usr_009,prob_tre_2_090,trees,2,1,321,3,2023-01-19T05:14:00
usr_009,prob_str_2_034,strings,2,1,403,3,2023-01-20T01:44:00
usr_009,prob_rec_2_089,recursion,2,1,231,4,2023-01-20T10:55:00
usr_009,prob_tre_2_068,trees,2,1,233,3,2023-01-20T19:53:00
usr_009,prob_gra_1_028,graphs,1,1,99,2,2023-01-21T05:17:00
usr_009,prob_gra_3_065,graphs,3,1,424,6,2023-01-22T01:13:00
usr_009,prob_arr_1_071,arrays,1,1,178,1,2023-01-22T23:11:00
usr_009,prob_tre_3_082,trees,3,1,374,5,2023-01-23T19:52:00
usr_009,prob_bas_3_007,basics,3,1,502,5,2023-01-23T21:55:00
usr_009,prob_sor_2_050,sorting,2,1,310,2,2023-01-24T12:25:00
usr_009,prob_arr_1_001,arrays,1,1,238,1,2023-01-24T17:30:00
usr_009,prob_bas_3_063,basics,3,0,503,5,2023-01-24T20:17:00
usr_009,prob_sea_1_023,searching,1,1,102,1,2023-01-25T11:09:00
usr_009,prob_gra_3_075,graphs,3,1,414,4,2023-01-25T14:56:00
usr_009,prob_str_3_055,strings,3,1,566,5,2023-01-25T16:52:00
usr_009,prob_bas_2_095,basics,2,1,470,2,2023-01-25T19:58:00
usr_009,prob_arr_1_097,arrays,1,1,104,2,2023-01-26T00:46:00
usr_009,prob_sor_3_081,sorting,3,1,237,5,2023-01-26T02:06:00
usr_009,prob_gra_1_034,graphs,1,1,85,2,2023-01-26T05:28:00
usr_009,prob_sor_3_081,sorting,3,1,298,4,2023-01-27T04:46:00
usr_009,prob_rec_2_028,recursion,2,1,126,2,2023-01-28T01:54:00
usr_009,prob_tre_3_033,trees,3,1,282,4,2023-01-28T05:29:00
usr_009,prob_rec_3_099,recursion,3,1,433,5,2023-01-28T11:23:00
usr_009,prob_arr_3_094,arrays,3,1,417,5,2023-01-29T02:37:00
usr_009,prob_sor_1_038,sorting,1,1,152,1,2023-01-29T09:31:00
usr_009,prob_tre_2_014,trees,2,1,122,1,2023-01-29T11:28:00
usr_009,prob_arr_1_038,arrays,1,1,155,1,2023-01-29T23:23:00
usr_009,prob_sea_2_063,searching,2,1,236,1,2023-01-30T00:31:00
usr_009,prob_rec_1_080,recursion,1,1,60,1,2023-01-30T21:08:00
usr_009,prob_sor_1_098,sorting,1,1,97,1,2023-01-31T17:15:00
usr_009,prob_rec_1_003,recursion,1,1,59,1,2023-02-01T13:54:00
usr_009,prob_gra_1_066,graphs,1,1,155,1,2023-02-01T17:05:00
usr_009,prob_bas_3_050,basics,3,1,505,3,2023-02-02T06:24:00
usr_009,prob_rec_2_045,recursion,2,1,167,1,2023-02-03T00:24:00
usr_009,prob_tre_3_073,trees,3,1,563,3,2023-02-03T06:12:00
usr_009,prob_tre_2_059,trees,2,1,115,2,2023-02-03T23:44:00
usr_009,prob_arr_3_002,arrays,3,1,321,3,2023-02-04T16:19:00
usr_009,prob_gra_3_065,graphs,3,1,298,4,2023-02-04T16:32:00
usr_009,prob_tre_1_048,trees,1,1,90,1,2023-02-05T08:11:00
usr_009,prob_gra_1_001,graphs,1,1,50,1,2023-02-05T10:44:00
usr_009,prob_str_1_076,strings,1,1,82,1,2023-02-05T11:02:00
usr_009,prob_bas_1_066,basics,1,1,32,1,2023-02-05T17:25:00
usr_010,prob_sor_2_069,sorting,2,1,1091,7,2023-01-01T11:01:00
usr_010,prob_arr_3_094,arrays,3,0,2852,11,2023-01-01T21:30:00
usr_010,prob_bas_1_054,basics,1,1,654,3,2023-01-02T13:01:00
usr_010,prob_sor_3_080,sorting,3,0,2199,11,2023-01-03T01:26:00
usr_010,prob_rec_1_055,recursion,1,1,433,2,2023-01-03T15:34:00
usr_010,prob_rec_2_056,recursion,2,1,817,5,2023-01-04T13:32:00
usr_010,prob_rec_2_072,recursion,2,1,993,5,2023-01-05T06:02:00
usr_010,prob_arr_3_066,arrays,3,1,2120,9,2023-01-05T10:07:00
usr_010,prob_sea_3_010,searching,3,0,2127,12,2023-01-06T01:47:00
usr_010,prob_gra_3_070,graphs,3,0,2051,11,2023-01-06T02:04:00
usr_010,prob_sea_1_094,searching,1,0,511,3,2023-01-06T05:16:00
usr_010,prob_tre_3_094,trees,3,0,1351,10,2023-01-06T12:26:00
usr_010,prob_rec_3_091,recursion,3,0,2108,10,2023-01-06T23:08:00
usr_010,prob_dyn_2_038,dynamic_programming,2,1,750,5,2023-01-07T19:24:00
usr_010,prob_rec_3_024,recursion,3,0,1153,10,2023-01-08T00:46:00
usr_010,prob_sea_2_027,searching,2,1,808,5,2023-01-08T22:54:00
usr_010,prob_str_2_017,strings,2,1,843,4,2023-01-09T05:54:00
usr_010,prob_str_3_005,strings,3,1,1829,8,2023-01-09T07:27:00
usr_010,prob_sor_1_036,sorting,1,1,335,2,2023-01-10T01:10:00
usr_010,prob_str_1_028,strings,1,1,379,3,2023-01-10T04:17:00
usr_010,prob_tre_3_043,trees,3,0,1501,8,2023-01-10T10:13:00
usr_010,prob_rec_1_029,recursion,1,1,552,2,2023-01-10T16:42:00
usr_010,prob_dyn_2_040,dynamic_programming,2,1,777,5,2023-01-10T17:49:00
usr_010,prob_bas_2_077,basics,2,1,797,5,2023-01-10T21:21:00
usr_010,prob_bas_2_098,basics,2,0,863,7,2023-01-11T10:30:00
usr_010,prob_sea_2_035,searching,2,1,1073,5,2023-01-11T13:25:00
usr_010,prob_dyn_1_094,dynamic_programming,1,1,287,1,2023-01-11T20:36:00
usr_010,prob_rec_3_027,recursion,3,1,1817,6,2023-01-12T02:06:00
usr_010,prob_arr_2_083,arrays,2,0,697,4,2023-01-12T22:27:00
usr_010,prob_rec_1_069,recursion,1,1,358,1,2023-01-13T14:10:00
usr_010,prob_rec_2_067,recursion,2,1,866,4,2023-01-13T16:55:00
usr_010,prob_str_3_061,strings,3,0,1001,8,2023-01-14T14:05:00
usr_010,prob_str_3_036,strings,3,1,1149,7,2023-01-14T17:29:00
usr_010,prob_gra_1_073,graphs,1,1,341,2,2023-01-14T18:47:00
usr_010,prob_gra_1_050,graphs,1,1,302,1,2023-01-15T16:40:00
usr_010,prob_sea_2_071,searching,2,1,650,4,2023-01-16T08:04:00
usr_010,prob_sea_1_020,searching,1,1,322,1,2023-01-16T21:30:00
usr_010,prob_dyn_2_052,dynamic_programming,2,1,621,3,2023-01-17T02:13:00
usr_010,prob_rec_1_006,recursion,1,1,264,1,2023-01-17T03:31:00
usr_010,prob_sea_1_052,searching,1,1,295,2,2023-01-17T05:32:00
usr_010,prob_str_3_077,strings,3,0,1643,6,2023-01-18T04:39:00
usr_010,prob_tre_3_072,trees,3,0,819,6,2023-01-18T09:43:00
usr_010,prob_bas_1_074,basics,1,1,245,1,2023-01-18T15:27:00
usr_010,prob_arr_3_092,arrays,3,1,1051,4,2023-01-19T12:59:00
usr_010,prob_str_3_036,strings,3,1,797,4,2023-01-20T02:45:00
usr_010,prob_str_3_077,strings,3,1,1002,4,2023-01-20T15:58:00
usr_010,prob_str_1_040,strings,1,1,187,1,2023-01-21T12:07:00
usr_010,prob_sea_2_044,searching,2,1,259,1,2023-01-21T20:34:00
usr_010,prob_bas_3_086,basics,3,1,774,4,2023-01-21T20:51:00
usr_010,prob_tre_2_097,trees,2,1,413,1,2023-01-22T15:50:00
usr_010,prob_tre_1_092,trees,1,1,170,1,2023-01-22T18:22:00
usr_010,prob_sor_3_073,sorting,3,0,463,4,2023-01-23T16:56:00
usr_011,prob_dyn_3_047,dynamic_programming,3,1,639,8,2023-01-01T05:59:00
usr_011,prob_str_1_033,strings,1,1,238,3,2023-01-02T02:49:00
usr_011,prob_arr_3_025,arrays,3,0,723,10,2023-01-03T02:21:00
usr_011,prob_dyn_3_060,dynamic_programming,3,1,452,9,2023-01-03T09:38:00
usr_011,prob_rec_2_012,recursion,2,1,390,5,2023-01-04T07:23:00
usr_011,prob_sea_1_067,searching,1,1,251,2,2023-01-05T07:00:00
usr_011,prob_arr_2_016,arrays,2,1,267,5,2023-01-05T20:33:00
usr_011,prob_arr_2_002,arrays,2,1,249,4,2023-01-06T02:50:00
usr_011,prob_gra_1_062,graphs,1,1,111,3,2023-01-06T15:14:00
usr_011,prob_tre_1_094,trees,1,1,151,2,2023-01-07T12:02:00
usr_011,prob_gra_3_075,graphs,3,1,811,7,2023-01-08T05:00:00
usr_011,prob_sor_3_037,sorting,3,1,543,8,2023-01-08T21:12:00
usr_011,prob_bas_2_012,basics,2,1,461,4,2023-01-08T23:01:00
usr_011,prob_rec_1_089,recursion,1,1,113,2,2023-01-09T08:17:00
usr_011,prob_str_2_051,strings,2,1,345,4,2023-01-10T01:31:00
usr_011,prob_sor_1_040,sorting,1,1,207,2,2023-01-10T03:20:00
usr_011,prob_bas_3_016,basics,3,1,741,7,2023-01-11T01:56:00
usr_011,prob_tre_3_006,trees,3,0,601,8,2023-01-11T15:34:00
usr_011,prob_gra_1_017,graphs,1,1,138,2,2023-01-11T19:05:00
usr_011,prob_arr_2_052,arrays,2,1,211,4,2023-01-12T15:30:00
usr_011,prob_dyn_2_004,dynamic_programming,2,1,383,4,2023-01-12T17:23:00
usr_011,prob_gra_3_064,graphs,3,1,483,6,2023-01-13T14:32:00
usr_011,prob_str_1_052,strings,1,1,116,1,2023-01-14T03:12:00
usr_011,prob_rec_1_062,recursion,1,1,238,1,2023-01-14T07:37:00
usr_011,prob_arr_1_027,arrays,1,1,124,2,2023-01-14T20:51:00
usr_011,prob_dyn_3_035,dynamic_programming,3,0,633,7,2023-01-15T04:21:00
usr_011,prob_sea_2_026,searching,2,1,132,4,2023-01-15T17:38:00
usr_011,prob_tre_1_006,trees,1,1,122,1,2023-01-16T00:10:00
usr_011,prob_sea_1_061,searching,1,1,165,1,2023-01-16T03:58:00
usr_011,prob_rec_3_005,recursion,3,1,447,5,2023-01-16T20:18:00
usr_011,prob_arr_1_003,arrays,1,1,115,2,2023-01-17T16:12:00
usr_011,prob_sor_2_003,sorting,2,1,305,2,2023-01-18T12:56:00
usr_011,prob_rec_2_035,recursion,2,1,124,2,2023-01-18T14:43:00
usr_011,prob_bas_3_063,basics,3,1,302,5,2023-01-19T04:16:00
usr_011,prob_sea_1_026,searching,1,1,55,2,2023-01-19T09:55:00
usr_011,prob_bas_1_070,basics,1,1,101,2,2023-01-20T03:31:00
usr_011,prob_sea_1_030,searching,1,1,44,1,2023-01-21T00:10:00
usr_011,prob_str_3_049,strings,3,1,392,4,2023-01-21T02:26:00
usr_011,prob_gra_3_035,graphs,3,1,388,5,2023-01-22T01:14:00
usr_011,prob_str_1_006,strings,1,1,95,1,2023-01-22T11:39:00
usr_011,prob_dyn_3_014,dynamic_programming,3,0,318,5,2023-01-22T22:32:00
usr_011,prob_rec_1_005,recursion,1,1,90,1,2023-01-23T22:32:00
usr_011,prob_dyn_1_043,dynamic_programming,1,1,98,1,2023-01-24T00:23:00
usr_011,prob_sor_3_100,sorting,3,1,313,4,2023-01-24T01:18:00
usr_011,prob_sea_3_032,searching,3,1,276,3,2023-01-24T20:27:00
usr_011,prob_str_1_089,strings,1,1,65,1,2023-01-25T07:08:00
usr_011,prob_str_3_007,strings,3,1,140,3,2023-01-25T08:19:00
usr_011,prob_sea_1_002,searching,1,1,165,1,2023-01-25T09:09:00
usr_011,prob_gra_2_054,graphs,2,1,144,2,2023-01-25T19:11:00
usr_011,prob_gra_1_076,graphs,1,1,30,1,2023-01-26T01:21:00
usr_011,prob_sor_3_053,sorting,3,1,241,2,2023-01-26T20:37:00
usr_012,prob_dyn_1_045,dynamic_programming,1,0,271,5,2023-01-01T04:52:00
usr_012,prob_dyn_3_047,dynamic_programming,3,0,1503,13,2023-01-01T23:39:00
usr_012,prob_rec_2_079,recursion,2,0,642,10,2023-01-02T05:22:00
usr_012,prob_sor_1_031,sorting,1,0,429,6,2023-01-03T03:50:00
usr_012,prob_str_2_053,strings,2,0,662,10,2023-01-03T19:12:00
usr_012,prob_rec_1_063,recursion,1,1,418,3,2023-01-04T11:13:00
usr_012,prob_arr_1_025,arrays,1,0,448,4,2023-01-04T12:04:00
usr_012,prob_dyn_1_037,dynamic_programming,1,0,413,4,2023-01-04T21:51:00
usr_012,prob_sor_2_059,sorting,2,0,898,7,2023-01-05T17:30:00
usr_012,prob_rec_3_100,recursion,3,0,1081,13,2023-01-06T05:46:00
usr_012,prob_dyn_3_048,dynamic_programming,3,0,1514,13,2023-01-06T16:30:00
usr_012,prob_str_1_066,strings,1,0,433,4,2023-01-07T09:30:00
usr_012,prob_bas_2_085,basics,2,0,705,7,2023-01-08T00:30:00
usr_012,prob_gra_1_004,graphs,1,0,253,5,2023-01-08T23:35:00
usr_012,prob_sea_1_032,searching,1,1,330,3,2023-01-09T04:10:00
usr_012,prob_sor_3_088,sorting,3,0,983,12,2023-01-10T00:26:00
usr_012,prob_sea_2_067,searching,2,1,613,6,2023-01-10T18:15:00
usr_012,prob_bas_3_022,basics,3,0,1082,12,2023-01-11T02:08:00
usr_012,prob_tre_2_079,trees,2,0,968,7,2023-01-11T21:30:00
usr_012,prob_arr_2_026,arrays,2,0,818,8,2023-01-12T09:20:00
usr_012,prob_gra_3_040,graphs,3,0,1331,13,2023-01-12T13:50:00
usr_012,prob_tre_1_054,trees,1,1,298,3,2023-01-13T02:47:00
usr_012,prob_str_2_032,strings,2,0,617,8,2023-01-13T11:37:00
usr_012,prob_arr_2_008,arrays,2,0,795,7,2023-01-13T21:28:00
usr_012,prob_sea_1_097,searching,1,1,204,2,2023-01-14T03:12:00
usr_012,prob_str_3_022,strings,3,0,1381,12,2023-01-14T15:39:00
usr_012,prob_dyn_2_059,dynamic_programming,2,1,727,6,2023-01-15T06:56:00
usr_012,prob_rec_1_021,recursion,1,1,341,3,2023-01-15T11:50:00
usr_012,prob_bas_2_040,basics,2,0,429,8,2023-01-16T02:40:00
usr_012,prob_sea_1_034,searching,1,0,207,4,2023-01-16T08:23:00
usr_012,prob_dyn_2_056,dynamic_programming,2,0,468,7,2023-01-17T06:24:00
usr_012,prob_bas_3_076,basics,3,0,775,10,2023-01-17T22:45:00
usr_012,prob_tre_1_090,trees,1,0,237,4,2023-01-18T06:08:00
usr_012,prob_arr_1_077,arrays,1,1,215,2,2023-01-18T15:36:00
usr_012,prob_sea_1_087,searching,1,1,174,2,2023-01-19T14:35:00
usr_012,prob_rec_3_038,recursion,3,0,1284,10,2023-01-19T22:40:00
usr_012,prob_sea_3_076,searching,3,0,784,11,2023-01-20T07:43:00
usr_012,prob_sea_1_074,searching,1,1,214,2,2023-01-21T03:04:00
usr_012,prob_gra_1_086,graphs,1,1,256,2,2023-01-22T02:52:00
usr_012,prob_tre_3_023,trees,3,0,1420,10,2023-01-22T03:58:00
usr_012,prob_tre_1_070,trees,1,1,321,2,2023-01-22T04:36:00
usr_012,prob_tre_2_094,trees,2,0,932,6,2023-01-23T03:12:00
usr_012,prob_arr_2_075,arrays,2,1,622,4,2023-01-23T07:24:00
usr_012,prob_str_1_022,strings,1,1,303,3,2023-01-23T21:21:00
usr_012,prob_gra_3_031,graphs,3,0,1062,9,2023-01-24T13:52:00
usr_012,prob_rec_3_093,recursion,3,0,1890,9,2023-01-25T00:03:00
usr_012,prob_bas_2_068,basics,2,1,380,4,2023-01-25T14:26:00
usr_012,prob_bas_3_028,basics,3,0,1056,8,2023-01-25T17:31:00
usr_012,prob_gra_3_028,graphs,3,0,1172,9,2023-01-26T01:07:00
usr_012,prob_sor_1_084,sorting,1,1,383,1,2023-01-27T00:19:00
usr_012,prob_gra_1_021,graphs,1,1,287,2,2023-01-27T20:58:00
usr_012,prob_sea_3_072,searching,3,0,1403,7,2023-01-28T04:36:00
usr_012,prob_dyn_3_078,dynamic_programming,3,0,640,7,2023-01-28T05:49:00
usr_012,prob_tre_3_084,trees,3,0,845,8,2023-01-28T23:56:00
usr_012,prob_arr_1_061,arrays,1,1,400,1,2023-01-29T21:13:00
usr_012,prob_gra_1_035,graphs,1,1,163,2,2023-01-30T15:56:00
usr_012,prob_rec_2_004,recursion,2,1,377,3,2023-01-31T13:14:00
usr_012,prob_dyn_1_081,dynamic_programming,1,1,257,1,2023-01-31T17:51:00
usr_012,prob_bas_3_044,basics,3,0,973,8,2023-02-01T16:06:00
usr_012,prob_str_3_068,strings,3,0,629,6,2023-02-01T21:00:00
usr_012,prob_tre_2_024,trees,2,1,318,4,2023-02-02T19:19:00
usr_012,prob_str_3_046,strings,3,0,1287,7,2023-02-02T22:01:00
usr_012,prob_dyn_3_083,dynamic_programming,3,0,625,6,2023-02-03T17:15:00
usr_012,prob_str_3_054,strings,3,1,732,6,2023-02-04T13:34:00
usr_012,prob_sea_1_054,searching,1,1,226,1,2023-02-04T20:02:00
usr_012,prob_rec_1_049,recursion,1,1,120,1,2023-02-05T01:02:00
usr_012,prob_arr_1_001,arrays,1,1,242,1,2023-02-05T13:27:00
usr_012,prob_dyn_1_038,dynamic_programming,1,0,125,2,2023-02-06T09:18:00
usr_012,prob_dyn_2_063,dynamic_programming,2,1,320,2,2023-02-06T23:29:00
usr_012,prob_arr_3_040,arrays,3,1,626,4,2023-02-07T21:05:00
usr_012,prob_dyn_3_025,dynamic_programming,3,0,551,6,2023-02-08T18:17:00
usr_012,prob_str_2_003,strings,2,1,201,3,2023-02-08T23:54:00
usr_012,prob_sor_1_011,sorting,1,0,202,2,2023-02-09T23:16:00
usr_012,prob_dyn_3_041,dynamic_programming,3,0,655,6,2023-02-09T23:48:00
usr_012,prob_tre_1_097,trees,1,1,172,2,2023-02-10T05:19:00
usr_012,prob_str_3_023,strings,3,0,390,6,2023-02-11T00:31:00
usr_012,prob_sea_1_028,searching,1,1,187,1,2023-02-11T00:52:00
usr_012,prob_arr_2_069,arrays,2,0,381,4,2023-02-11T08:09:00
usr_012,prob_gra_3_055,graphs,3,0,481,5,2023-02-12T05:48:00
usr_013,prob_sor_1_052,sorting,1,1,195,2,2023-01-01T22:54:00
usr_013,prob_sea_2_074,searching,2,1,451,5,2023-01-02T07:57:00
usr_013,prob_arr_1_089,arrays,1,1,198,2,2023-01-02T21:25:00
usr_013,prob_sea_1_017,searching,1,1,149,3,2023-01-03T15:03:00
usr_013,prob_bas_2_034,basics,2,1,597,4,2023-01-04T09:41:00
usr_013,prob_arr_2_026,arrays,2,1,254,5,2023-01-05T03:03:00
usr_013,prob_sor_2_018,sorting,2,1,290,5,2023-01-05T12:36:00
usr_013,prob_gra_1_099,graphs,1,1,177,2,2023-01-05T15:58:00
usr_013,prob_sor_3_014,sorting,3,1,747,8,2023-01-06T03:32:00
usr_013,prob_sea_3_079,searching,3,1,797,8,2023-01-06T10:51:00
usr_013,prob_sor_3_078,sorting,3,0,419,10,2023-01-06T14:12:00
usr_013,prob_str_3_017,strings,3,1,1388,8,2023-01-07T13:19:00
usr_013,prob_rec_1_018,recursion,1,1,269,3,2023-01-08T01:40:00
usr_013,prob_str_2_006,strings,2,1,508,5,2023-01-08T09:09:00
usr_013,prob_rec_1_014,recursion,1,1,157,3,2023-01-09T07:18:00
usr_013,prob_gra_3_004,graphs,3,0,735,7,2023-01-09T19:57:00
usr_013,prob_rec_3_005,recursion,3,1,751,6,2023-01-09T22:24:00
usr_013,prob_rec_1_072,recursion,1,1,186,2,2023-01-10T09:48:00
usr_013,prob_tre_3_059,trees,3,0,573,8,2023-01-11T07:48:00
usr_013,prob_sor_1_098,sorting,1,1,141,1,2023-01-11T08:22:00
usr_013,prob_sea_3_008,searching,3,1,650,6,2023-01-11T17:39:00
usr_013,prob_gra_3_096,graphs,3,0,713,8,2023-01-12T11:21:00
usr_013,prob_tre_2_035,trees,2,1,294,3,2023-01-12T14:48:00
usr_013,prob_arr_3_089,arrays,3,1,648,7,2023-01-13T01:50:00
usr_013,prob_str_3_032,strings,3,1,565,7,2023-01-13T19:26:00
usr_013,prob_dyn_1_057,dynamic_programming,1,1,147,1,2023-01-14T14:01:00
usr_013,prob_gra_3_025,graphs,3,0,598,8,2023-01-14T22:23:00
usr_013,prob_tre_1_100,trees,1,1,190,1,2023-01-15T02:29:00
usr_013,prob_gra_1_073,graphs,1,1,138,1,2023-01-15T04:26:00
usr_013,prob_rec_1_014,recursion,1,1,89,1,2023-01-15T07:41:00
usr_013,prob_bas_2_084,basics,2,1,558,4,2023-01-15T22:57:00
usr_013,prob_sor_2_047,sorting,2,1,224,3,2023-01-16T17:33:00
usr_013,prob_sor_3_065,sorting,3,1,479,5,2023-01-17T03:09:00
usr_013,prob_tre_3_075,trees,3,1,376,5,2023-01-18T01:45:00
usr_013,prob_dyn_3_088,dynamic_programming,3,1,767,6,2023-01-18T06:25:00
usr_013,prob_sor_1_037,sorting,1,1,230,2,2023-01-18T09:20:00
usr_013,prob_gra_2_094,graphs,2,1,244,2,2023-01-18T13:54:00
usr_013,prob_sor_3_061,sorting,3,1,565,5,2023-01-19T08:42:00
usr_013,prob_str_2_019,strings,2,1,169,3,2023-01-19T14:25:00
usr_013,prob_gra_3_029,graphs,3,1,291,6,2023-01-19T21:44:00
usr_013,prob_bas_3_046,basics,3,1,576,5,2023-01-20T04:15:00
usr_013,prob_arr_2_082,arrays,2,1,381,2,2023-01-20T11:00:00
usr_013,prob_rec_2_047,recursion,2,1,243,2,2023-01-20T17:13:00
usr_013,prob_sor_2_056,sorting,2,1,233,2,2023-01-20T19:37:00
usr_013,prob_sea_2_030,searching,2,1,147,2,2023-01-21T16:26:00
usr_013,prob_sor_3_020,sorting,3,1,331,5,2023-01-21T20:51:00
usr_013,prob_dyn_1_014,dynamic_programming,1,1,131,2,2023-01-21T23:38:00
usr_013,prob_str_2_053,strings,2,1,186,2,2023-01-22T00:35:00
usr_013,prob_bas_2_050,basics,2,1,147,3,2023-01-22T22:53:00
usr_013,prob_bas_3_087,basics,3,1,315,5,2023-01-23T19:55:00
usr_013,prob_sor_2_061,sorting,2,1,118,2,2023-01-23T22:40:00
usr_013,prob_sor_3_036,sorting,3,1,334,4,2023-01-24T10:34:00
usr_013,prob_rec_3_001,recursion,3,1,309,4,2023-01-25T06:38:00
usr_013,prob_gra_1_072,graphs,1,1,64,1,2023-01-26T01:22:00
usr_013,prob_bas_1_032,basics,1,1,123,2,2023-01-26T15:03:00
usr_013,prob_str_1_080,strings,1,1,138,2,2023-01-27T07:57:00
usr_013,prob_sor_2_001,sorting,2,1,202,3,2023-01-27T18:11:00
usr_013,prob_tre_1_006,trees,1,1,93,2,2023-01-28T12:20:00
usr_013,prob_tre_1_038,trees,1,1,76,1,2023-01-28T22:37:00
usr_013,prob_str_1_090,strings,1,1,72,1,2023-01-29T16:39:00
usr_013,prob_sor_1_094,sorting,1,1,48,1,2023-01-30T15:47:00
usr_013,prob_str_3_024,strings,3,1,272,4,2023-01-30T16:24:00
usr_013,prob_sea_2_052,searching,2,1,166,2,2023-01-30T17:23:00
usr_013,prob_rec_3_047,recursion,3,0,350,5,2023-01-31T10:19:00
usr_013,prob_bas_2_062,basics,2,1,209,1,2023-02-01T09:30:00
usr_013,prob_sor_3_056,sorting,3,1,354,4,2023-02-01T23:22:00
usr_013,prob_str_3_039,strings,3,0,323,5,2023-02-02T11:52:00
usr_013,prob_str_1_038,strings,1,1,84,1,2023-02-02T22:19:00
usr_013,prob_gra_1_091,graphs,1,1,108,1,2023-02-02T23:31:00
usr_013,prob_tre_3_033,trees,3,1,309,4,2023-02-03T21:52:00
usr_013,prob_sea_3_061,searching,3,1,284,3,2023-02-04T05:48:00
usr_013,prob_gra_2_093,graphs,2,1,141,2,2023-02-04T23:00:00
usr_013,prob_sor_1_010,sorting,1,1,98,1,2023-02-05T14:33:00
usr_013,prob_bas_1_081,basics,1,1,80,1,2023-02-05T20:01:00
usr_013,prob_rec_3_047,recursion,3,1,423,2,2023-02-06T15:27:00
usr_013,prob_dyn_3_069,dynamic_programming,3,1,217,3,2023-02-07T09:07:00
usr_013,prob_sea_3_091,searching,3,0,340,4,2023-02-07T11:42:00
usr_014,prob_dyn_2_058,dynamic_programming,2,1,470,6,2023-01-01T08:03:00
usr_014,prob_arr_1_065,arrays,1,1,249,4,2023-01-01T18:52:00
usr_014,prob_rec_2_016,recursion,2,1,485,6,2023-01-02T05:17:00
usr_014,prob_str_3_087,strings,3,0,1034,13,2023-01-02T06:04:00
usr_014,prob_str_2_080,strings,2,1,346,6,2023-01-03T04:18:00
usr_014,prob_sea_1_022,searching,1,1,187,2,2023-01-03T19:13:00
usr_014,prob_dyn_3_039,dynamic_programming,3,1,1272,9,2023-01-04T00:16:00
usr_014,prob_tre_1_005,trees,1,0,270,5,2023-01-04T14:13:00
usr_014,prob_gra_1_052,graphs,1,0,280,5,2023-01-04T15:22:00
usr_014,prob_gra_3_040,graphs,3,1,955,10,2023-01-05T05:39:00
usr_014,prob_dyn_1_077,dynamic_programming,1,1,300,2,2023-01-05T05:51:00
usr_014,prob_sea_1_057,searching,1,0,292,4,2023-01-05T15:52:00
usr_014,prob_sea_2_038,searching,2,0,492,7,2023-01-05T23:34:00
usr_014,prob_sor_3_028,sorting,3,1,1133,10,2023-01-06T07:49:00
usr_014,prob_rec_2_036,recursion,2,1,395,6,2023-01-07T06:45:00
usr_014,prob_gra_1_067,graphs,1,1,197,3,2023-01-07T22:31:00
usr_014,prob_sea_1_010,searching,1,0,284,4,2023-01-08T09:26:00
usr_014,prob_arr_2_006,arrays,2,1,505,6,2023-01-08T23:54:00
usr_014,prob_str_1_079,strings,1,1,380,3,2023-01-09T05:41:00
usr_014,prob_tre_2_045,trees,2,1,360,5,2023-01-09T23:11:00
usr_014,prob_arr_3_031,arrays,3,0,893,9,2023-01-10T06:30:00
usr_014,prob_bas_2_053,basics,2,0,367,6,2023-01-10T15:56:00
usr_014,prob_sor_3_100,sorting,3,0,906,11,2023-01-11T09:06:00
usr_014,prob_gra_1_093,graphs,1,1,198,3,2023-01-12T05:28:00
usr_014,prob_bas_2_079,basics,2,1,479,4,2023-01-13T03:50:00
usr_014,prob_dyn_2_093,dynamic_programming,2,1,306,5,2023-01-14T00:02:00
usr_014,prob_gra_3_057,graphs,3,1,957,7,2023-01-14T18:24:00
usr_014,prob_sea_2_081,searching,2,1,477,5,2023-01-15T07:10:00
usr_014,prob_gra_3_014,graphs,3,1,804,7,2023-01-15T07:19:00
usr_014,prob_dyn_3_023,dynamic_programming,3,0,845,10,2023-01-16T02:56:00
usr_014,prob_sea_1_062,searching,1,1,159,3,2023-01-16T19:10:00
usr_014,prob_gra_3_062,graphs,3,1,922,7,2023-01-16T22:36:00
usr_014,prob_bas_2_074,basics,2,1,398,4,2023-01-17T21:47:00
usr_014,prob_gra_3_087,graphs,3,1,653,7,2023-01-18T00:07:00
usr_014,prob_str_3_016,strings,3,0,773,8,2023-01-18T23:02:00
usr_014,prob_sor_3_051,sorting,3,1,571,7,2023-01-19T22:45:00
usr_014,prob_sor_2_010,sorting,2,1,289,3,2023-01-20T01:00:00
usr_014,prob_str_1_089,strings,1,1,221,1,2023-01-20T09:34:00
usr_014,prob_tre_1_090,trees,1,1,157,1,2023-01-20T18:09:00
usr_014,prob_str_1_084,strings,1,1,145,2,2023-01-21T08:33:00
usr_014,prob_rec_2_099,recursion,2,1,274,3,2023-01-21T11:23:00
usr_014,prob_rec_1_027,recursion,1,1,180,1,2023-01-21T14:51:00
usr_014,prob_tre_3_088,trees,3,0,495,8,2023-01-22T14:15:00
usr_014,prob_sea_3_048,searching,3,0,480,8,2023-01-23T04:22:00
usr_014,prob_rec_1_072,recursion,1,1,152,1,2023-01-23T21:23:00
usr_014,prob_arr_3_024,arrays,3,1,631,7,2023-01-24T11:58:00
usr_014,prob_str_2_008,strings,2,1,223,3,2023-01-25T03:33:00
usr_014,prob_tre_2_027,trees,2,1,428,3,2023-01-25T08:01:00
usr_014,prob_sor_2_086,sorting,2,1,216,4,2023-01-25T14:26:00
usr_014,prob_arr_2_088,arrays,2,0,371,5,2023-01-25T23:30:00
usr_014,prob_str_3_018,strings,3,0,645,6,2023-01-26T05:31:00
usr_014,prob_sea_3_029,searching,3,1,703,5,2023-01-26T17:21:00
usr_014,prob_tre_1_046,trees,1,1,103,2,2023-01-27T14:17:00
usr_014,prob_rec_1_051,recursion,1,1,164,2,2023-01-28T03:12:00
usr_014,prob_sor_1_056,sorting,1,1,258,1,2023-01-28T12:13:00
usr_014,prob_arr_2_084,arrays,2,1,221,2,2023-01-28T14:12:00
usr_014,prob_sor_3_024,sorting,3,1,785,5,2023-01-29T02:34:00
usr_014,prob_bas_2_069,basics,2,1,338,2,2023-01-29T10:47:00
usr_014,prob_tre_3_088,trees,3,1,969,4,2023-01-30T03:35:00
usr_014,prob_gra_3_068,graphs,3,1,579,4,2023-01-30T20:05:00
usr_014,prob_sor_1_044,sorting,1,1,95,1,2023-01-30T21:38:00
usr_014,prob_gra_1_063,graphs,1,1,111,2,2023-01-31T17:26:00
usr_014,prob_gra_3_025,graphs,3,1,513,4,2023-02-01T09:11:00
usr_014,prob_rec_3_089,recursion,3,0,507,6,2023-02-01T15:26:00
usr_014,prob_str_3_051,strings,3,1,452,4,2023-02-01T21:54:00
usr_014,prob_rec_2_005,recursion,2,1,170,2,2023-02-02T04:42:00
usr_014,prob_sor_3_005,sorting,3,1,311,4,2023-02-03T03:51:00
usr_014,prob_sea_3_009,searching,3,1,387,4,2023-02-03T15:36:00
usr_014,prob_sor_1_003,sorting,1,1,100,1,2023-02-03T23:18:00
usr_014,prob_sea_1_050,searching,1,1,62,1,2023-02-04T20:33:00
usr_014,prob_str_3_011,strings,3,0,456,5,2023-02-05T03:06:00
usr_014,prob_dyn_2_033,dynamic_programming,2,1,231,2,2023-02-05T08:35:00
usr_014,prob_bas_1_042,basics,1,1,71,1,2023-02-06T00:06:00
usr_014,prob_dyn_1_054,dynamic_programming,1,1,65,1,2023-02-06T19:31:00
usr_014,prob_str_1_088,strings,1,1,134,1,2023-02-06T23:40:00
usr_015,prob_bas_1_013,basics,1,1,285,3,2023-01-01T20:02:00
usr_015,prob_sor_2_075,sorting,2,1,1353,7,2023-01-02T19:19:00
usr_015,prob_arr_3_090,arrays,3,0,1172,12,2023-01-03T02:03:00
usr_015,prob_sea_2_073,searching,2,1,677,7,2023-01-03T20:16:00
usr_015,prob_gra_1_017,graphs,1,0,382,5,2023-01-04T00:50:00
usr_015,prob_rec_3_092,recursion,3,1,1989,10,2023-01-04T10:34:00
usr_015,prob_tre_1_051,trees,1,1,286,3,2023-01-05T00:47:00
usr_015,prob_gra_3_079,graphs,3,0,2191,13,2023-01-05T18:23:00
usr_015,prob_rec_1_033,recursion,1,1,291,3,2023-01-06T04:05:00
usr_015,prob_arr_3_070,arrays,3,1,1302,10,2023-01-06T21:35:00
usr_015,prob_dyn_3_006,dynamic_programming,3,1,1365,10,2023-01-06T22:24:00
usr_015,prob_arr_3_006,arrays,3,1,1836,10,2023-01-07T20:00:00
usr_015,prob_dyn_1_057,dynamic_programming,1,1,436,2,2023-01-08T04:55:00
usr_015,prob_rec_2_064,recursion,2,1,629,6,2023-01-08T17:32:00
usr_015,prob_arr_3_018,arrays,3,1,1663,9,2023-01-08T17:52:00
usr_015,prob_str_3_004,strings,3,0,1392,11,2023-01-08T21:06:00
usr_015,prob_bas_3_029,basics,3,0,1648,12,2023-01-09T01:03:00
usr_015,prob_tre_2_023,trees,2,0,1133,8,2023-01-09T14:13:00
usr_015,prob_sor_1_023,sorting,1,1,336,3,2023-01-09T23:55:00
usr_015,prob_sor_2_048,sorting,2,0,582,6,2023-01-10T11:33:00
usr_015,prob_str_2_045,strings,2,1,734,5,2023-01-11T11:04:00
usr_015,prob_sea_1_049,searching,1,1,602,2,2023-01-11T12:56:00
usr_015,prob_tre_2_035,trees,2,1,917,5,2023-01-11T22:08:00
usr_015,prob_sea_2_074,searching,2,1,473,5,2023-01-12T19:51:00
usr_015,prob_str_3_023,strings,3,0,1082,9,2023-01-12T23:54:00
usr_015,prob_sor_1_059,sorting,1,1,225,3,2023-01-13T10:53:00
usr_015,prob_dyn_3_016,dynamic_programming,3,1,1372,9,2023-01-14T05:15:00
usr_015,prob_gra_3_086,graphs,3,0,1211,11,2023-01-15T03:32:00
usr_015,prob_rec_2_001,recursion,2,0,541,7,2023-01-15T18:11:00
usr_015,prob_gra_1_058,graphs,1,1,373,3,2023-01-16T08:12:00
usr_015,prob_tre_2_060,trees,2,1,508,4,2023-01-16T19:36:00
usr_015,prob_str_2_050,strings,2,0,790,7,2023-01-17T16:25:00
usr_015,prob_tre_3_084,trees,3,1,1111,8,2023-01-17T16:32:00
usr_015,prob_str_2_051,strings,2,1,610,4,2023-01-18T12:22:00
usr_015,prob_sea_3_009,searching,3,0,1206,10,2023-01-19T02:14:00
usr_015,prob_bas_2_034,basics,2,1,514,5,2023-01-19T18:53:00
usr_015,prob_sor_1_080,sorting,1,1,314,3,2023-01-20T09:24:00
usr_015,prob_sor_2_019,sorting,2,0,522,6,2023-01-20T22:15:00
usr_015,prob_sea_2_033,searching,2,1,672,4,2023-01-21T06:34:00
usr_015,prob_str_2_061,strings,2,0,534,5,2023-01-22T05:52:00
usr_015,prob_dyn_3_020,dynamic_programming,3,1,939,6,2023-01-22T12:33:00
usr_015,prob_dyn_1_098,dynamic_programming,1,0,184,3,2023-01-22T18:26:00
usr_015,prob_bas_3_036,basics,3,1,917,7,2023-01-23T04:56:00
usr_015,prob_tre_1_057,trees,1,1,199,1,2023-01-23T17:22:00
usr_015,prob_gra_1_021,graphs,1,0,215,3,2023-01-23T21:38:00
usr_015,prob_rec_2_048,recursion,2,1,489,3,2023-01-24T16:23:00
usr_015,prob_arr_2_045,arrays,2,1,586,3,2023-01-24T17:57:00
usr_015,prob_dyn_3_028,dynamic_programming,3,1,963,6,2023-01-24T19:48:00
usr_015,prob_gra_3_006,graphs,3,0,861,7,2023-01-25T10:07:00
usr_015,prob_arr_3_026,arrays,3,0,801,6,2023-01-25T18:58:00
usr_015,prob_sea_1_034,searching,1,0,204,3,2023-01-26T01:16:00
usr_015,prob_rec_1_039,recursion,1,1,261,1,2023-01-26T05:50:00
usr_015,prob_arr_2_003,arrays,2,1,966,2,2023-01-26T15:42:00
usr_015,prob_bas_2_081,basics,2,1,368,2,2023-01-27T13:03:00
usr_015,prob_gra_2_056,graphs,2,1,303,2,2023-01-27T20:28:00
usr_015,prob_tre_2_050,trees,2,1,513,3,2023-01-28T15:53:00
usr_015,prob_sea_3_065,searching,3,1,774,5,2023-01-28T18:41:00
usr_015,prob_bas_2_094,basics,2,1,458,3,2023-01-29T15:59:00
usr_015,prob_bas_1_055,basics,1,1,128,1,2023-01-30T14:57:00
usr_015,prob_dyn_3_031,dynamic_programming,3,0,887,6,2023-01-30T20:43:00
usr_015,prob_sor_3_059,sorting,3,1,532,5,2023-01-31T14:06:00
usr_015,prob_arr_1_056,arrays,1,1,140,1,2023-02-01T10:50:00
usr_015,prob_dyn_1_022,dynamic_programming,1,1,167,2,2023-02-02T01:40:00
usr_015,prob_gra_3_051,graphs,3,1,1029,4,2023-02-02T21:18:00
usr_015,prob_gra_1_023,graphs,1,1,157,1,2023-02-03T07:36:00
usr_015,prob_gra_2_081,graphs,2,0,376,3,2023-02-03T09:34:00
usr_015,prob_tre_2_042,trees,2,0,294,4,2023-02-03T17:59:00
usr_015,prob_dyn_2_061,dynamic_programming,2,1,427,2,2023-02-04T14:18:00
usr_015,prob_arr_3_094,arrays,3,1,431,3,2023-02-05T11:23:00
usr_015,prob_sor_1_036,sorting,1,1,152,1,2023-02-05T19:05:00
usr_016,prob_dyn_3_016,dynamic_programming,3,0,1193,12,2023-01-01T16:48:00
usr_016,prob_bas_1_050,basics,1,0,411,6,2023-01-02T11:05:00
usr_016,prob_dyn_3_091,dynamic_programming,3,0,2549,13,2023-01-03T10:26:00
usr_016,prob_sor_1_022,sorting,1,1,219,4,2023-01-03T19:22:00
usr_016,prob_tre_1_027,trees,1,0,403,3,2023-01-04T00:33:00
usr_016,prob_sor_2_007,sorting,2,1,820,6,2023-01-04T21:27:00
usr_016,prob_dyn_2_044,dynamic_programming,2,1,537,6,2023-01-05T01:34:00
usr_016,prob_str_1_059,strings,1,1,347,3,2023-01-05T05:13:00
usr_016,prob_sea_1_097,searching,1,1,322,3,2023-01-05T13:45:00
usr_016,prob_sor_1_053,sorting,1,1,381,2,2023-01-06T08:45:00
usr_016,prob_dyn_3_033,dynamic_programming,3,0,1094,11,2023-01-06T09:55:00
usr_016,prob_rec_1_037,recursion,1,0,494,3,2023-01-06T21:33:00
usr_016,prob_tre_3_066,trees,3,0,1653,12,2023-01-07T20:12:00
usr_016,prob_sea_1_098,searching,1,1,279,3,2023-01-07T20:21:00
usr_016,prob_sor_3_078,sorting,3,0,1095,10,2023-01-08T14:31:00
usr_016,prob_bas_3_041,basics,3,0,1574,11,2023-01-09T09:01:00
usr_016,prob_str_3_009,strings,3,1,1132,9,2023-01-10T00:35:00
usr_016,prob_bas_2_057,basics,2,0,592,6,2023-01-10T10:10:00
usr_016,prob_tre_2_057,trees,2,1,723,6,2023-01-11T09:56:00
usr_016,prob_tre_3_048,trees,3,1,1424,8,2023-01-12T03:51:00
usr_016,prob_sea_2_002,searching,2,1,566,4,2023-01-12T15:56:00
usr_016,prob_tre_2_086,trees,2,0,689,7,2023-01-13T06:48:00
usr_016,prob_str_1_016,strings,1,1,397,3,2023-01-13T15:28:00
usr_016,prob_arr_3_028,arrays,3,0,1159,9,2023-01-14T09:16:00
usr_016,prob_sea_1_071,searching,1,1,343,2,2023-01-14T09:48:00
usr_016,prob_gra_1_056,graphs,1,1,329,3,2023-01-14T11:08:00
usr_016,prob_sor_1_043,sorting,1,1,366,3,2023-01-15T10:10:00
usr_016,prob_arr_1_022,arrays,1,1,206,2,2023-01-16T04:32:00
usr_016,prob_dyn_2_027,dynamic_programming,2,0,617,5,2023-01-16T11:29:00
usr_016,prob_sor_1_045,sorting,1,1,197,2,2023-01-16T12:53:00
usr_016,prob_arr_3_017,arrays,3,1,1004,7,2023-01-17T04:02:00
usr_016,prob_sor_1_065,sorting,1,1,216,2,2023-01-17T15:27:00
usr_016,prob_bas_3_040,basics,3,1,1131,7,2023-01-18T07:07:00
usr_016,prob_arr_1_017,arrays,1,1,329,1,2023-01-18T17:41:00
usr_016,prob_dyn_2_018,dynamic_programming,2,1,421,3,2023-01-18T23:54:00
usr_016,prob_rec_2_055,recursion,2,1,872,3,2023-01-19T05:46:00
usr_016,prob_str_1_066,strings,1,0,245,4,2023-01-19T15:31:00
usr_016,prob_dyn_1_028,dynamic_programming,1,1,158,2,2023-01-20T02:08:00
usr_016,prob_sor_3_079,sorting,3,1,1069,6,2023-01-20T07:32:00
usr_016,prob_rec_2_017,recursion,2,1,487,4,2023-01-20T18:19:00
usr_016,prob_arr_1_082,arrays,1,1,329,1,2023-01-21T01:54:00
usr_016,prob_gra_1_098,graphs,1,1,398,1,2023-01-21T15:27:00
usr_016,prob_sea_3_048,searching,3,1,1579,6,2023-01-22T12:17:00
usr_016,prob_arr_3_005,arrays,3,1,888,5,2023-01-23T00:46:00
usr_016,prob_arr_1_039,arrays,1,1,187,2,2023-01-23T17:35:00
usr_016,prob_dyn_2_061,dynamic_programming,2,1,305,4,2023-01-24T07:22:00
usr_016,prob_dyn_3_026,dynamic_programming,3,1,859,5,2023-01-24T20:42:00
usr_016,prob_str_3_027,strings,3,0,929,6,2023-01-25T06:51:00
usr_016,prob_sea_1_100,searching,1,1,159,2,2023-01-25T12:48:00
usr_016,prob_str_2_007,strings,2,1,283,3,2023-01-26T03:11:00
usr_016,prob_tre_3_069,trees,3,0,653,8,2023-01-27T01:30:00
usr_016,prob_bas_3_091,basics,3,1,953,5,2023-01-27T08:03:00
usr_016,prob_dyn_1_014,dynamic_programming,1,1,231,1,2023-01-27T18:46:00
usr_016,prob_bas_3_069,basics,3,0,827,6,2023-01-27T19:54:00
usr_016,prob_arr_1_098,arrays,1,1,219,2,2023-01-28T05:41:00
usr_016,prob_dyn_1_015,dynamic_programming,1,1,184,2,2023-01-28T16:10:00
usr_016,prob_arr_3_014,arrays,3,1,713,5,2023-01-28T20:41:00
usr_016,prob_arr_1_049,arrays,1,1,255,1,2023-01-29T05:59:00
usr_016,prob_dyn_2_097,dynamic_programming,2,1,264,3,2023-01-29T06:44:00
usr_016,prob_bas_3_008,basics,3,0,569,5,2023-01-29T18:25:00
usr_016,prob_bas_2_040,basics,2,1,325,3,2023-01-30T11:57:00
usr_016,prob_sea_2_062,searching,2,1,398,2,2023-01-30T21:34:00
usr_016,prob_gra_1_009,graphs,1,1,210,1,2023-01-31T03:33:00
usr_016,prob_sea_1_020,searching,1,1,156,1,2023-01-31T11:54:00
usr_016,prob_str_1_067,strings,1,1,188,1,2023-01-31T18:07:00
usr_016,prob_bas_3_053,basics,3,1,602,3,2023-02-01T16:40:00
usr_016,prob_str_3_070,strings,3,1,640,3,2023-02-02T08:04:00
usr_016,prob_tre_3_025,trees,3,1,548,3,2023-02-02T22:20:00
usr_016,prob_str_2_092,strings,2,1,291,2,2023-02-03T17:57:00
usr_016,prob_gra_1_033,graphs,1,1,254,1,2023-02-04T05:15:00
usr_017,prob_str_1_031,strings,1,1,536,4,2023-01-01T03:31:00
usr_017,prob_bas_2_073,basics,2,1,1658,7,2023-01-01T15:48:00
usr_017,prob_tre_2_035,trees,2,0,948,8,2023-01-01T23:15:00
usr_017,prob_bas_1_090,basics,1,0,332,6,2023-01-02T02:36:00
usr_017,prob_tre_1_091,trees,1,0,458,5,2023-01-02T15:56:00
usr_017,prob_bas_1_070,basics,1,1,544,3,2023-01-03T00:09:00
usr_017,prob_gra_3_096,graphs,3,1,2165,10,2023-01-03T20:41:00
usr_017,prob_sea_2_039,searching,2,0,856,7,2023-01-04T13:28:00
usr_017,prob_sor_1_045,sorting,1,1,734,3,2023-01-05T06:35:00
usr_017,prob_tre_3_085,trees,3,0,1212,11,2023-01-05T12:23:00
usr_017,prob_bas_2_090,basics,2,1,759,5,2023-01-06T07:07:00
usr_017,prob_sea_3_078,searching,3,0,1973,12,2023-01-07T05:05:00
usr_017,prob_tre_2_007,trees,2,0,873,6,2023-01-07T15:44:00
usr_017,prob_arr_3_011,arrays,3,1,1909,10,2023-01-08T06:12:00
usr_017,prob_dyn_2_043,dynamic_programming,2,1,830,5,2023-01-08T10:56:00
usr_017,prob_tre_2_018,trees,2,1,589,6,2023-01-08T16:12:00
usr_017,prob_dyn_2_020,dynamic_programming,2,1,658,5,2023-01-09T09:03:00
usr_017,prob_sor_3_057,sorting,3,0,1053,11,2023-01-09T21:16:00
usr_017,prob_rec_2_093,recursion,2,1,767,5,2023-01-10T16:49:00
usr_017,prob_str_2_085,strings,2,0,877,6,2023-01-11T11:36:00
usr_017,prob_tre_3_008,trees,3,0,2898,9,2023-01-11T22:12:00
usr_017,prob_tre_1_039,trees,1,1,280,3,2023-01-12T12:10:00
usr_017,prob_gra_3_008,graphs,3,0,2661,9,2023-01-12T23:55:00
usr_017,prob_sor_2_022,sorting,2,1,620,5,2023-01-13T11:34:00
usr_017,prob_sea_2_052,searching,2,1,740,5,2023-01-13T14:01:00
usr_017,prob_bas_3_026,basics,3,0,1635,9,2023-01-14T01:45:00
usr_017,prob_gra_2_020,graphs,2,1,858,4,2023-01-14T10:54:00
usr_017,prob_sor_3_067,sorting,3,1,1266,8,2023-01-15T08:23:00
usr_017,prob_bas_3_087,basics,3,1,2257,7,2023-01-15T22:07:00
usr_017,prob_bas_3_041,basics,3,1,1223,8,2023-01-16T20:21:00
usr_017,prob_dyn_2_013,dynamic_programming,2,1,771,5,2023-01-16T21:15:00
usr_017,prob_str_3_020,strings,3,1,974,6,2023-01-17T20:47:00
usr_017,prob_tre_2_017,trees,2,1,598,4,2023-01-17T23:17:00
usr_017,prob_arr_2_067,arrays,2,1,606,4,2023-01-18T08:33:00
usr_017,prob_rec_2_012,recursion,2,0,485,5,2023-01-18T08:55:00
usr_017,prob_gra_1_078,graphs,1,1,189,1,2023-01-18T13:23:00
usr_017,prob_gra_3_002,graphs,3,1,803,7,2023-01-19T13:17:00
usr_017,prob_str_3_040,strings,3,1,1318,6,2023-01-20T09:45:00
usr_017,prob_rec_2_066,recursion,2,1,492,3,2023-01-20T10:49:00
usr_017,prob_gra_3_089,graphs,3,1,1150,5,2023-01-20T21:59:00
usr_017,prob_sea_2_054,searching,2,0,549,6,2023-01-21T16:27:00
usr_017,prob_gra_2_086,graphs,2,0,430,5,2023-01-22T05:40:00
usr_017,prob_arr_2_062,arrays,2,1,595,3,2023-01-23T01:27:00
usr_017,prob_bas_3_090,basics,3,1,815,6,2023-01-23T03:24:00
usr_017,prob_rec_3_011,recursion,3,1,888,6,2023-01-23T06:30:00
usr_017,prob_dyn_1_027,dynamic_programming,1,1,223,1,2023-01-23T20:08:00
usr_017,prob_dyn_3_095,dynamic_programming,3,1,856,6,2023-01-23T23:21:00
usr_017,prob_bas_2_024,basics,2,0,327,5,2023-01-24T13:45:00
usr_017,prob_sor_1_090,sorting,1,1,136,2,2023-01-25T11:09:00
usr_017,prob_sor_1_031,sorting,1,1,176,1,2023-01-25T15:09:00
usr_017,prob_bas_1_003,basics,1,1,195,2,2023-01-26T07:16:00
usr_017,prob_tre_2_001,trees,2,1,812,2,2023-01-26T20:10:00
usr_017,prob_gra_3_018,graphs,3,1,904,4,2023-01-27T15:54:00
usr_017,prob_tre_1_010,trees,1,1,275,1,2023-01-28T01:23:00
usr_017,prob_sor_1_006,sorting,1,1,206,2,2023-01-29T01:20:00
usr_017,prob_arr_1_006,arrays,1,1,221,1,2023-01-29T17:08:00
usr_017,prob_str_1_032,strings,1,1,128,1,2023-01-30T11:06:00
usr_017,prob_dyn_3_084,dynamic_programming,3,0,873,5,2023-01-30T22:30:00
usr_017,prob_rec_3_031,recursion,3,1,522,4,2023-01-31T12:58:00
usr_017,prob_tre_1_036,trees,1,1,133,1,2023-02-01T10:54:00
usr_017,prob_sor_3_092,sorting,3,0,743,4,2023-02-02T10:27:00
usr_018,prob_sor_2_050,sorting,2,1,396,5,2023-01-01T09:16:00
usr_018,prob_bas_2_051,basics,2,1,345,5,2023-01-02T08:29:00
usr_018,prob_bas_2_022,basics,2,1,502,5,2023-01-02T14:50:00
usr_018,prob_sea_2_052,searching,2,0,572,5,2023-01-02T16:58:00
usr_018,prob_dyn_2_020,dynamic_programming,2,1,397,4,2023-01-03T10:35:00
usr_018,prob_sea_3_040,searching,3,0,736,10,2023-01-04T03:27:00
usr_018,prob_sea_2_033,searching,2,1,429,5,2023-01-04T15:22:00
usr_018,prob_bas_1_095,basics,1,0,203,5,2023-01-04T22:06:00
usr_018,prob_sor_2_070,sorting,2,1,457,5,2023-01-05T09:03:00
usr_018,prob_str_1_064,strings,1,1,259,2,2023-01-05T09:29:00
usr_018,prob_arr_2_064,arrays,2,1,282,5,2023-01-05T22:29:00
usr_018,prob_dyn_3_003,dynamic_programming,3,1,1356,7,2023-01-06T06:07:00
usr_018,prob_str_1_065,strings,1,1,207,2,2023-01-07T04:58:00
usr_018,prob_sea_1_033,searching,1,1,176,1,2023-01-07T20:19:00
usr_018,prob_bas_2_077,basics,2,1,600,3,2023-01-08T19:05:00
usr_018,prob_sor_1_030,sorting,1,1,242,1,2023-01-09T02:56:00
usr_018,prob_sea_3_042,searching,3,1,699,7,2023-01-09T19:06:00
usr_018,prob_sor_3_033,sorting,3,1,714,6,2023-01-10T09:23:00
usr_018,prob_gra_2_020,graphs,2,1,348,3,2023-01-10T19:11:00
usr_018,prob_arr_3_015,arrays,3,1,1098,7,2023-01-11T14:19:00
usr_018,prob_tre_2_010,trees,2,1,221,3,2023-01-12T06:32:00
usr_018,prob_str_1_042,strings,1,1,159,1,2023-01-13T02:08:00
usr_018,prob_str_3_010,strings,3,1,842,6,2023-01-13T10:00:00
usr_018,prob_sea_3_092,searching,3,0,498,7,2023-01-14T02:28:00
usr_018,prob_arr_2_023,arrays,2,1,311,4,2023-01-15T02:09:00
usr_018,prob_str_2_070,strings,2,1,221,3,2023-01-15T09:26:00
usr_018,prob_tre_2_098,trees,2,1,368,3,2023-01-15T22:20:00
usr_018,prob_sor_1_027,sorting,1,1,265,2,2023-01-16T02:23:00
usr_018,prob_sea_3_055,searching,3,1,531,5,2023-01-16T05:03:00
usr_018,prob_dyn_2_040,dynamic_programming,2,1,322,3,2023-01-17T04:57:00
usr_018,prob_arr_1_014,arrays,1,1,162,2,2023-01-17T10:06:00
usr_018,prob_str_3_030,strings,3,1,1076,6,2023-01-18T01:27:00
usr_018,prob_sea_1_014,searching,1,1,124,1,2023-01-18T19:08:00
usr_018,prob_arr_2_004,arrays,2,1,397,2,2023-01-19T01:19:00
usr_018,prob_sor_2_034,sorting,2,1,374,2,2023-01-19T14:26:00
usr_018,prob_bas_2_019,basics,2,1,229,3,2023-01-19T15:12:00
usr_018,prob_str_2_071,strings,2,1,312,2,2023-01-19T19:59:00
usr_018,prob_dyn_1_033,dynamic_programming,1,1,132,1,2023-01-19T20:39:00
usr_018,prob_dyn_3_064,dynamic_programming,3,1,700,5,2023-01-20T04:40:00
usr_018,prob_sor_3_089,sorting,3,1,314,5,2023-01-21T01:52:00
usr_018,prob_bas_1_020,basics,1,1,111,1,2023-01-21T04:20:00
usr_018,prob_gra_3_073,graphs,3,1,516,4,2023-01-21T23:15:00
usr_018,prob_rec_3_086,recursion,3,0,481,7,2023-01-22T07:27:00
usr_018,prob_dyn_1_022,dynamic_programming,1,1,143,1,2023-01-22T18:50:00
usr_018,prob_bas_2_048,basics,2,1,234,1,2023-01-23T10:28:00
usr_018,prob_gra_2_043,graphs,2,1,191,1,2023-01-23T23:37:00
usr_018,prob_tre_2_061,trees,2,1,143,2,2023-01-24T17:31:00
usr_018,prob_bas_1_048,basics,1,1,140,1,2023-01-25T17:00:00
usr_018,prob_sea_1_061,searching,1,1,83,1,2023-01-25T19:04:00
usr_018,prob_tre_1_093,trees,1,1,50,1,2023-01-26T08:07:00
usr_018,prob_str_2_026,strings,2,1,184,2,2023-01-27T00:01:00
usr_018,prob_arr_2_047,arrays,2,1,154,2,2023-01-27T18:11:00
usr_018,prob_sor_1_034,sorting,1,1,154,1,2023-01-28T00:08:00
usr_018,prob_tre_3_001,trees,3,1,323,3,2023-01-28T14:37:00
usr_018,prob_str_3_003,strings,3,1,349,3,2023-01-28T21:18:00
usr_018,prob_dyn_1_019,dynamic_programming,1,1,110,1,2023-01-29T18:20:00
usr_019,prob_sor_1_006,sorting,1,1,168,2,2023-01-01T13:37:00
usr_019,prob_bas_3_076,basics,3,1,635,10,2023-01-02T03:10:00
usr_019,prob_rec_3_082,recursion,3,1,538,10,2023-01-02T08:38:00
usr_019,prob_sor_2_035,sorting,2,0,274,7,2023-01-02T13:48:00
usr_019,prob_gra_2_048,graphs,2,1,462,6,2023-01-02T23:44:00
usr_019,prob_dyn_2_097,dynamic_programming,2,1,365,6,2023-01-03T19:30:00
usr_019,prob_str_1_079,strings,1,1,109,2,2023-01-04T13:45:00
usr_019,prob_dyn_3_054,dynamic_programming,3,1,498,10,2023-01-04T16:29:00
usr_019,prob_tre_2_054,trees,2,1,467,6,2023-01-05T09:31:00
usr_019,prob_gra_1_054,graphs,1,1,298,3,2023-01-06T00:55:00
usr_019,prob_arr_1_047,arrays,1,0,187,4,2023-01-06T19:37:00
usr_019,prob_str_2_037,strings,2,0,398,7,2023-01-07T06:11:00
usr_019,prob_gra_1_059,graphs,1,1,300,2,2023-01-07T10:01:00
usr_019,prob_str_2_072,strings,2,1,298,5,2023-01-08T01:44:00
usr_019,prob_dyn_2_071,dynamic_programming,2,1,261,4,2023-01-08T11:07:00
usr_019,prob_rec_2_056,recursion,2,1,240,4,2023-01-08T12:37:00
usr_019,prob_str_1_046,strings,1,1,187,3,2023-01-08T21:04:00
usr_019,prob_sea_3_035,searching,3,1,646,8,2023-01-09T16:33:00
usr_019,prob_dyn_2_024,dynamic_programming,2,1,252,4,2023-01-10T08:14:00
usr_019,prob_sor_3_010,sorting,3,1,440,7,2023-01-10T09:14:00
usr_019,prob_sor_1_031,sorting,1,1,252,2,2023-01-10T21:43:00
usr_019,prob_arr_2_079,arrays,2,1,218,4,2023-01-11T12:07:00
usr_019,prob_str_3_070,strings,3,1,711,7,2023-01-12T02:02:00
usr_019,prob_sor_1_090,sorting,1,1,170,3,2023-01-12T03:12:00
usr_019,prob_dyn_1_086,dynamic_programming,1,1,245,3,2023-01-13T03:00:00
usr_019,prob_arr_2_033,arrays,2,1,256,4,2023-01-13T20:11:00
usr_019,prob_dyn_1_089,dynamic_programming,1,0,87,4,2023-01-13T21:40:00
usr_019,prob_dyn_3_035,dynamic_programming,3,0,437,9,2023-01-14T04:54:00
usr_019,prob_str_2_013,strings,2,1,277,5,2023-01-15T02:35:00
usr_019,prob_bas_1_022,basics,1,1,287,1,2023-01-15T15:09:00
usr_019,prob_rec_2_085,recursion,2,1,309,3,2023-01-16T03:55:00
usr_019,prob_gra_1_013,graphs,1,1,118,1,2023-01-16T06:02:00
usr_019,prob_dyn_1_001,dynamic_programming,1,1,159,2,2023-01-16T17:59:00
usr_019,prob_tre_2_017,trees,2,0,278,5,2023-01-17T14:26:00
usr_019,prob_gra_3_057,graphs,3,1,448,7,2023-01-17T22:44:00
usr_019,prob_str_2_070,strings,2,1,188,4,2023-01-18T02:33:00
usr_019,prob_dyn_2_044,dynamic_programming,2,1,263,3,2023-01-19T02:04:00
usr_019,prob_sea_2_083,searching,2,1,298,3,2023-01-19T16:59:00
usr_019,prob_tre_2_022,trees,2,1,168,4,2023-01-20T16:27:00
usr_019,prob_sor_2_024,sorting,2,1,251,4,2023-01-21T12:34:00
usr_019,prob_dyn_1_053,dynamic_programming,1,1,132,1,2023-01-22T06:29:00
usr_019,prob_tre_1_053,trees,1,1,120,1,2023-01-22T12:41:00
usr_019,prob_str_1_014,strings,1,1,166,1,2023-01-23T07:22:00
usr_019,prob_bas_3_023,basics,3,0,515,7,2023-01-23T20:07:00
usr_019,prob_rec_1_049,recursion,1,1,191,2,2023-01-24T12:39:00
usr_019,prob_arr_2_001,arrays,2,1,155,3,2023-01-25T06:28:00
usr_019,prob_gra_3_001,graphs,3,1,385,6,2023-01-25T15:36:00
usr_019,prob_bas_1_052,basics,1,1,114,2,2023-01-26T05:06:00
usr_019,prob_tre_1_071,trees,1,1,47,1,2023-01-27T04:10:00
usr_019,prob_sea_1_085,searching,1,1,64,1,2023-01-27T22:43:00
usr_019,prob_arr_2_054,arrays,2,0,229,3,2023-01-28T18:44:00
usr_019,prob_str_1_015,strings,1,1,105,1,2023-01-28T21:02:00
usr_019,prob_sea_3_026,searching,3,1,334,4,2023-01-29T06:14:00
usr_019,prob_gra_3_083,graphs,3,1,303,5,2023-01-29T18:18:00
usr_019,prob_dyn_1_022,dynamic_programming,1,1,86,1,2023-01-30T14:18:00
usr_019,prob_sea_3_032,searching,3,1,465,4,2023-01-31T00:46:00
usr_019,prob_str_1_038,strings,1,1,65,1,2023-01-31T12:11:00
usr_019,prob_str_2_049,strings,2,1,172,3,2023-02-01T06:07:00
usr_019,prob_rec_3_065,recursion,3,1,286,5,2023-02-01T08:21:00
usr_019,prob_sor_1_030,sorting,1,1,101,1,2023-02-01T18:53:00
usr_019,prob_bas_1_084,basics,1,1,50,1,2023-02-02T09:43:00
usr_019,prob_gra_1_058,graphs,1,1,64,1,2023-02-02T18:58:00
usr_019,prob_gra_2_075,graphs,2,1,154,2,2023-02-03T02:57:00
usr_019,prob_rec_3_040,recursion,3,1,454,3,2023-02-03T20:54:00
usr_019,prob_bas_3_078,basics,3,1,335,4,2023-02-04T16:38:00
usr_019,prob_rec_2_094,recursion,2,1,111,1,2023-02-05T15:38:00
usr_019,prob_sor_2_040,sorting,2,1,129,2,2023-02-05T17:08:00
usr_019,prob_str_1_079,strings,1,1,50,1,2023-02-06T04:26:00
usr_019,prob_sea_3_036,searching,3,1,530,4,2023-02-06T07:48:00
usr_020,prob_arr_1_043,arrays,1,1,179,2,2023-01-01T03:52:00
usr_020,prob_sor_1_060,sorting,1,1,156,3,2023-01-01T22:39:00
usr_020,prob_sor_3_045,sorting,3,1,604,7,2023-01-02T12:20:00
usr_020,prob_arr_2_001,arrays,2,1,347,4,2023-01-02T20:11:00
usr_020,prob_tre_2_100,trees,2,1,375,4,2023-01-02T21:04:00
usr_020,prob_str_3_089,strings,3,1,451,8,2023-01-02T22:08:00
usr_020,prob_gra_3_007,graphs,3,1,596,8,2023-01-03T09:19:00
usr_020,prob_bas_3_083,basics,3,1,1008,8,2023-01-04T00:10:00
usr_020,prob_rec_1_006,recursion,1,1,113,2,2023-01-04T19:13:00
usr_020,prob_gra_1_023,graphs,1,1,138,1,2023-01-05T00:29:00
usr_020,prob_tre_2_079,trees,2,1,256,4,2023-01-05T09:21:00
usr_020,prob_arr_1_004,arrays,1,1,196,1,2023-01-06T04:56:00
usr_020,prob_str_3_012,strings,3,1,651,6,2023-01-06T08:21:00
usr_020,prob_tre_3_042,trees,3,1,520,6,2023-01-07T01:11:00
usr_020,prob_bas_3_018,basics,3,1,549,6,2023-01-07T05:31:00
usr_020,prob_str_3_018,strings,3,1,420,7,2023-01-07T13:31:00
usr_020,prob_dyn_1_081,dynamic_programming,1,1,137,1,2023-01-08T09:38:00
usr_020,prob_arr_2_024,arrays,2,1,285,4,2023-01-09T04:58:00
usr_020,prob_tre_3_027,trees,3,1,565,5,2023-01-09T12:09:00
usr_020,prob_sea_2_026,searching,2,1,243,3,2023-01-09T23:06:00
usr_020,prob_tre_2_038,trees,2,1,173,4,2023-01-10T16:51:00
usr_020,prob_sor_1_090,sorting,1,1,160,1,2023-01-11T15:39:00
usr_020,prob_rec_1_025,recursion,1,1,93,2,2023-01-12T15:01:00
usr_020,prob_str_2_072,strings,2,1,213,3,2023-01-12T23:24:00
usr_020,prob_tre_3_048,trees,3,1,878,5,2023-01-13T23:01:00
usr_020,prob_gra_1_063,graphs,1,1,140,1,2023-01-14T00:05:00
usr_020,prob_str_1_013,strings,1,1,96,2,2023-01-14T13:47:00
usr_020,prob_arr_3_036,arrays,3,1,397,6,2023-01-15T02:17:00
usr_020,prob_gra_1_099,graphs,1,1,97,2,2023-01-16T00:24:00
usr_020,prob_str_1_015,strings,1,1,89,1,2023-01-16T10:03:00
usr_020,prob_rec_1_067,recursion,1,1,172,1,2023-01-16T18:39:00
usr_020,prob_tre_3_081,trees,3,1,421,4,2023-01-16T19:38:00
usr_020,prob_arr_1_014,arrays,1,1,123,2,2023-01-17T05:06:00
usr_020,prob_str_3_072,strings,3,1,365,4,2023-01-17T16:42:00
usr_020,prob_dyn_2_062,dynamic_programming,2,1,173,3,2023-01-17T17:30:00
usr_020,prob_tre_2_050,trees,2,1,131,3,2023-01-17T18:17:00
usr_020,prob_bas_2_097,basics,2,1,144,3,2023-01-17T20:47:00
usr_020,prob_dyn_2_060,dynamic_programming,2,1,221,2,2023-01-18T07:14:00
usr_020,prob_str_2_095,strings,2,1,164,1,2023-01-19T02:20:00
usr_020,prob_tre_3_074,trees,3,1,285,3,2023-01-19T11:29:00
usr_020,prob_arr_1_091,arrays,1,1,81,1,2023-01-19T23:55:00
usr_020,prob_str_1_001,strings,1,1,60,1,2023-01-20T21:15:00
usr_020,prob_rec_2_080,recursion,2,1,84,2,2023-01-21T19:43:00
usr_020,prob_sea_3_024,searching,3,0,296,6,2023-01-22T05:10:00
usr_020,prob_dyn_1_016,dynamic_programming,1,1,83,1,2023-01-22T22:58:00
usr_020,prob_tre_1_031,trees,1,1,47,1,2023-01-23T00:56:00
usr_020,prob_bas_3_057,basics,3,0,206,6,2023-01-23T05:32:00
usr_020,prob_str_1_029,strings,1,1,38,1,2023-01-24T00:38:00
usr_020,prob_dyn_2_056,dynamic_programming,2,1,131,2,2023-01-24T21:40:00
usr_020,prob_arr_2_064,arrays,2,1,97,1,2023-01-25T18:13:00
usr_020,prob_bas_1_023,basics,1,1,74,1,2023-01-26T15:07:00
usr_021,prob_bas_1_079,basics,1,1,291,2,2023-01-01T16:49:00
usr_021,prob_dyn_1_067,dynamic_programming,1,1,446,2,2023-01-02T13:01:00
usr_021,prob_tre_1_052,trees,1,1,384,3,2023-01-03T12:39:00
usr_021,prob_rec_2_061,recursion,2,0,656,8,2023-01-03T15:34:00
usr_021,prob_str_2_072,strings,2,1,537,5,2023-01-04T08:10:00
usr_021,prob_sor_1_031,sorting,1,1,417,3,2023-01-04T19:11:00
usr_021,prob_sea_2_073,searching,2,0,1111,6,2023-01-05T18:15:00
usr_021,prob_dyn_3_098,dynamic_programming,3,0,1364,9,2023-01-06T17:02:00
usr_021,prob_sea_1_090,searching,1,1,277,3,2023-01-07T10:38:00
usr_021,prob_sea_1_022,searching,1,1,344,2,2023-01-08T07:23:00
usr_021,prob_gra_1_051,graphs,1,1,378,3,2023-01-09T05:26:00
usr_021,prob_dyn_1_037,dynamic_programming,1,1,433,2,2023-01-09T08:21:00
usr_021,prob_arr_2_036,arrays,2,0,749,8,2023-01-09T18:09:00
usr_021,prob_rec_3_090,recursion,3,1,935,8,2023-01-10T14:15:00
usr_021,prob_rec_2_076,recursion,2,1,476,4,2023-01-10T18:14:00
usr_021,prob_sea_3_070,searching,3,1,1233,8,2023-01-11T02:59:00
usr_021,prob_bas_2_093,basics,2,1,570,5,2023-01-12T02:05:00
usr_021,prob_rec_2_022,recursion,2,0,540,6,2023-01-12T10:39:00
usr_021,prob_str_2_091,strings,2,0,694,5,2023-01-12T14:35:00
usr_021,prob_tre_3_008,trees,3,0,912,10,2023-01-13T07:23:00
usr_021,prob_sor_1_017,sorting,1,1,198,3,2023-01-13T20:30:00
usr_021,prob_sea_1_055,searching,1,0,336,3,2023-01-14T18:50:00
usr_021,prob_arr_3_078,arrays,3,1,1556,8,2023-01-15T15:28:00
usr_021,prob_str_1_055,strings,1,1,201,2,2023-01-16T13:02:00
usr_021,prob_rec_2_028,recursion,2,1,612,5,2023-01-16T21:51:00
usr_021,prob_bas_2_024,basics,2,1,373,4,2023-01-17T00:44:00
usr_021,prob_sor_3_097,sorting,3,1,2120,8,2023-01-17T09:19:00
usr_021,prob_bas_2_093,basics,2,1,483,4,2023-01-17T17:02:00
usr_021,prob_str_3_074,strings,3,1,1214,7,2023-01-18T04:11:00
usr_021,prob_tre_3_042,trees,3,0,1465,9,2023-01-19T01:32:00
usr_021,prob_sea_3_063,searching,3,1,1163,6,2023-01-19T18:26:00
usr_021,prob_gra_1_023,graphs,1,0,225,3,2023-01-20T11:49:00
usr_021,prob_gra_3_018,graphs,3,0,1137,8,2023-01-21T01:07:00
usr_021,prob_sea_2_025,searching,2,1,449,3,2023-01-21T11:24:00
usr_021,prob_arr_3_050,arrays,3,0,736,8,2023-01-22T09:54:00
usr_021,prob_str_1_004,strings,1,1,253,1,2023-01-23T05:15:00
usr_021,prob_gra_2_093,graphs,2,1,398,3,2023-01-24T00:46:00
usr_021,prob_rec_3_067,recursion,3,1,851,7,2023-01-24T10:05:00
usr_021,prob_str_1_096,strings,1,1,211,2,2023-01-24T18:31:00
usr_021,prob_dyn_2_017,dynamic_programming,2,1,538,4,2023-01-25T10:51:00
usr_021,prob_gra_2_089,graphs,2,1,422,4,2023-01-25T11:40:00
usr_021,prob_rec_1_041,recursion,1,1,183,1,2023-01-26T00:42:00
usr_021,prob_sor_3_038,sorting,3,1,641,5,2023-01-26T21:14:00
usr_021,prob_arr_1_032,arrays,1,1,167,2,2023-01-27T12:43:00
usr_021,prob_rec_1_039,recursion,1,1,202,2,2023-01-28T10:06:00
usr_021,prob_arr_1_009,arrays,1,1,211,1,2023-01-29T08:10:00
usr_021,prob_sea_1_045,searching,1,1,205,2,2023-01-29T12:09:00
usr_021,prob_sor_2_085,sorting,2,1,354,3,2023-01-29T13:19:00
usr_021,prob_rec_1_091,recursion,1,1,266,1,2023-01-29T17:07:00
usr_021,prob_gra_2_055,graphs,2,1,367,3,2023-01-30T09:34:00
usr_021,prob_tre_2_070,trees,2,1,427,3,2023-01-31T08:27:00
usr_021,prob_sea_1_096,searching,1,1,196,1,2023-02-01T01:01:00
usr_021,prob_bas_2_038,basics,2,1,621,3,2023-02-01T16:17:00
usr_021,prob_rec_3_068,recursion,3,0,1268,5,2023-02-01T20:44:00
usr_021,prob_rec_1_057,recursion,1,1,223,1,2023-02-02T20:35:00
usr_021,prob_rec_1_014,recursion,1,1,192,2,2023-02-03T08:49:00
usr_021,prob_arr_2_093,arrays,2,1,479,3,2023-02-03T16:40:00
usr_021,prob_rec_3_031,recursion,3,1,591,5,2023-02-04T01:49:00
usr_021,prob_gra_2_021,graphs,2,1,609,2,2023-02-04T14:08:00
usr_021,prob_arr_3_074,arrays,3,1,513,4,2023-02-05T11:02:00
usr_021,prob_sor_1_015,sorting,1,1,183,1,2023-02-05T22:21:00
usr_021,prob_sor_1_029,sorting,1,1,208,1,2023-02-06T13:25:00
usr_021,prob_rec_3_080,recursion,3,1,682,4,2023-02-07T04:36:00
usr_021,prob_dyn_3_097,dynamic_programming,3,1,530,3,2023-02-07T22:34:00
usr_021,prob_str_2_003,strings,2,1,233,1,2023-02-08T13:23:00
usr_021,prob_str_1_028,strings,1,1,172,1,2023-02-08T20:23:00
usr_021,prob_str_1_094,strings,1,1,143,1,2023-02-09T03:10:00
usr_021,prob_gra_2_060,graphs,2,1,495,2,2023-02-09T07:19:00
usr_021,prob_dyn_3_086,dynamic_programming,3,1,322,4,2023-02-10T00:17:00
usr_021,prob_arr_2_046,arrays,2,1,227,1,2023-02-10T03:29:00
usr_021,prob_sea_2_056,searching,2,1,297,1,2023-02-10T19:19:00
usr_022,prob_rec_1_037,recursion,1,1,198,3,2023-01-01T11:36:00
usr_022,prob_sor_3_022,sorting,3,0,831,12,2023-01-01T21:02:00
usr_022,prob_str_1_041,strings,1,1,226,3,2023-01-02T05:49:00
usr_022,prob_rec_2_095,recursion,2,0,320,10,2023-01-03T05:40:00
usr_022,prob_str_3_027,strings,3,0,684,13,2023-01-03T17:48:00
usr_022,prob_tre_3_030,trees,3,0,802,13,2023-01-04T05:59:00
usr_022,prob_tre_3_088,trees,3,0,970,13,2023-01-04T20:40:00
usr_022,prob_bas_1_043,basics,1,0,224,5,2023-01-05T15:33:00
usr_022,prob_gra_2_080,graphs,2,0,338,7,2023-01-05T19:35:00
usr_022,prob_sor_1_090,sorting,1,1,353,4,2023-01-06T05:03:00
usr_022,prob_dyn_1_053,dynamic_programming,1,0,238,5,2023-01-06T22:21:00
usr_022,prob_arr_2_056,arrays,2,1,494,6,2023-01-07T07:44:00
usr_022,prob_arr_2_093,arrays,2,0,451,8,2023-01-07T19:12:00
usr_022,prob_tre_1_061,trees,1,0,163,5,2023-01-08T16:33:00
usr_022,prob_sor_3_058,sorting,3,0,851,11,2023-01-08T22:14:00
usr_022,prob_rec_1_042,recursion,1,1,247,2,2023-01-09T15:57:00
usr_022,prob_sea_1_082,searching,1,1,208,3,2023-01-10T13:35:00
usr_022,prob_gra_1_064,graphs,1,1,112,2,2023-01-11T05:39:00
usr_022,prob_dyn_2_052,dynamic_programming,2,1,673,5,2023-01-12T01:25:00
usr_022,prob_rec_2_023,recursion,2,1,365,6,2023-01-12T05:14:00
usr_022,prob_sea_3_056,searching,3,1,484,9,2023-01-12T15:09:00
usr_022,prob_sea_2_076,searching,2,1,283,5,2023-01-12T18:43:00
usr_022,prob_arr_1_039,arrays,1,1,180,2,2023-01-13T18:24:00
usr_022,prob_rec_1_084,recursion,1,1,167,3,2023-01-14T04:28:00
usr_022,prob_tre_2_029,trees,2,1,411,5,2023-01-14T07:39:00
usr_022,prob_bas_3_021,basics,3,1,557,9,2023-01-14T10:32:00
usr_022,prob_str_2_056,strings,2,0,414,6,2023-01-15T05:55:00
usr_022,prob_str_1_054,strings,1,1,214,2,2023-01-15T16:46:00
usr_022,prob_bas_3_045,basics,3,0,639,9,2023-01-15T16:57:00
usr_022,prob_rec_3_068,recursion,3,0,466,10,2023-01-16T04:05:00
usr_022,prob_rec_2_015,recursion,2,1,468,5,2023-01-17T02:23:00
usr_022,prob_bas_2_100,basics,2,1,218,4,2023-01-17T15:48:00
usr_022,prob_tre_1_064,trees,1,1,92,3,2023-01-18T15:38:00
usr_022,prob_sea_2_076,searching,2,0,206,5,2023-01-18T19:12:00
usr_022,prob_sor_1_032,sorting,1,1,140,1,2023-01-19T08:52:00
usr_022,prob_dyn_2_062,dynamic_programming,2,1,317,3,2023-01-19T08:59:00
usr_022,prob_sor_1_094,sorting,1,1,153,2,2023-01-20T04:39:00
usr_022,prob_rec_2_080,recursion,2,0,399,6,2023-01-20T23:23:00
usr_022,prob_gra_1_019,graphs,1,1,97,1,2023-01-20T23:54:00
usr_022,prob_arr_3_004,arrays,3,0,372,9,2023-01-21T02:02:00
usr_022,prob_tre_3_096,trees,3,0,361,7,2023-01-21T17:52:00
usr_022,prob_bas_2_035,basics,2,1,198,3,2023-01-21T19:27:00
usr_022,prob_sor_1_063,sorting,1,1,80,2,2023-01-21T22:05:00
usr_022,prob_str_1_050,strings,1,1,135,2,2023-01-22T02:35:00
usr_022,prob_tre_3_084,trees,3,0,293,6,2023-01-23T01:36:00
usr_022,prob_gra_3_079,graphs,3,0,547,8,2023-01-23T12:39:00
usr_022,prob_sea_3_003,searching,3,0,832,5,2023-01-23T20:20:00
usr_022,prob_str_1_035,strings,1,0,111,2,2023-01-24T16:25:00
usr_022,prob_dyn_1_013,dynamic_programming,1,1,65,1,2023-01-25T01:53:00
usr_022,prob_tre_2_061,trees,2,1,201,3,2023-01-25T14:01:00
usr_022,prob_sea_2_028,searching,2,1,224,2,2023-01-25T18:40:00
usr_022,prob_tre_1_068,trees,1,1,64,2,2023-01-25T19:05:00
usr_022,prob_dyn_3_081,dynamic_programming,3,0,383,6,2023-01-25T22:08:00
usr_022,prob_rec_3_082,recursion,3,1,259,3,2023-01-25T22:45:00
usr_022,prob_gra_3_019,graphs,3,0,391,5,2023-01-26T09:42:00
usr_023,prob_rec_3_050,recursion,3,1,1072,10,2023-01-01T22:27:00
usr_023,prob_dyn_2_093,dynamic_programming,2,0,825,7,2023-01-02T10:03:00
usr_023,prob_str_2_024,strings,2,0,734,8,2023-01-02T11:11:00
usr_023,prob_gra_3_075,graphs,3,0,1241,12,2023-01-02T12:04:00
usr_023,prob_sor_3_029,sorting,3,1,1322,10,2023-01-02T20:34:00
usr_023,prob_bas_2_094,basics,2,1,931,5,2023-01-03T16:19:00
usr_023,prob_tre_2_037,trees,2,1,495,5,2023-01-04T10:20:00
usr_023,prob_rec_3_041,recursion,3,0,1292,11,2023-01-04T19:50:00
usr_023,prob_str_2_091,strings,2,0,396,7,2023-01-05T06:22:00
usr_023,prob_str_3_090,strings,3,0,988,10,2023-01-05T09:52:00
usr_023,prob_rec_3_007,recursion,3,0,1732,10,2023-01-06T00:50:00
usr_023,prob_sea_3_005,searching,3,0,2122,10,2023-01-06T03:27:00
usr_023,prob_sor_1_047,sorting,1,1,246,2,2023-01-06T16:29:00
usr_023,prob_rec_1_017,recursion,1,1,251,3,2023-01-07T03:10:00
usr_023,prob_sea_2_050,searching,2,0,444,6,2023-01-07T04:35:00
usr_023,prob_sea_3_083,searching,3,0,825,10,2023-01-08T04:26:00
usr_023,prob_str_1_012,strings,1,1,207,2,2023-01-09T01:44:00
usr_023,prob_sea_1_005,searching,1,1,215,2,2023-01-10T00:12:00
usr_023,prob_bas_3_087,basics,3,1,640,7,2023-01-10T01:41:00
usr_023,prob_sor_3_099,sorting,3,1,1171,7,2023-01-10T02:42:00
usr_023,prob_gra_2_095,graphs,2,0,483,6,2023-01-10T15:15:00
usr_023,prob_gra_1_023,graphs,1,0,234,4,2023-01-10T17:04:00
usr_023,prob_sea_3_006,searching,3,0,919,9,2023-01-11T04:19:00
usr_023,prob_sor_2_086,sorting,2,1,292,5,2023-01-11T09:28:00
usr_023,prob_dyn_3_091,dynamic_programming,3,1,938,7,2023-01-12T00:01:00
usr_023,prob_arr_1_019,arrays,1,1,273,1,2023-01-12T00:21:00
usr_023,prob_sea_2_095,searching,2,1,543,4,2023-01-12T16:35:00
usr_023,prob_gra_2_032,graphs,2,1,456,3,2023-01-13T00:06:00
usr_023,prob_gra_2_076,graphs,2,1,343,4,2023-01-13T16:17:00
usr_023,prob_dyn_1_095,dynamic_programming,1,1,176,2,2023-01-14T09:10:00
usr_023,prob_sea_1_073,searching,1,1,233,1,2023-01-15T04:01:00
usr_023,prob_sea_2_094,searching,2,0,499,5,2023-01-15T23:07:00
usr_023,prob_bas_1_078,basics,1,1,300,1,2023-01-16T13:30:00
usr_023,prob_dyn_2_089,dynamic_programming,2,0,224,4,2023-01-16T15:48:00
usr_023,prob_sor_1_095,sorting,1,1,137,1,2023-01-17T11:18:00
usr_023,prob_dyn_2_028,dynamic_programming,2,1,573,3,2023-01-17T11:33:00
usr_023,prob_sea_2_034,searching,2,1,479,2,2023-01-17T16:54:00
usr_023,prob_sor_1_092,sorting,1,1,174,2,2023-01-18T05:14:00
usr_023,prob_str_1_091,strings,1,1,155,1,2023-01-18T09:04:00
usr_023,prob_sor_2_069,sorting,2,1,385,3,2023-01-18T17:50:00
usr_023,prob_sor_3_049,sorting,3,0,709,6,2023-01-19T05:06:00
usr_023,prob_gra_2_015,graphs,2,1,297,3,2023-01-20T00:17:00
usr_023,prob_str_3_017,strings,3,0,899,7,2023-01-20T03:53:00
usr_023,prob_dyn_3_039,dynamic_programming,3,1,588,5,2023-01-20T04:13:00
usr_023,prob_sor_2_054,sorting,2,1,420,2,2023-01-20T09:48:00
usr_023,prob_sor_3_038,sorting,3,1,678,4,2023-01-20T19:10:00
usr_023,prob_tre_3_049,trees,3,0,631,4,2023-01-21T17:56:00
usr_023,prob_tre_1_072,trees,1,1,102,1,2023-01-21T18:28:00
usr_023,prob_sea_3_092,searching,3,1,376,4,2023-01-22T14:13:00
usr_023,prob_gra_1_090,graphs,1,1,188,1,2023-01-22T18:11:00
usr_023,prob_dyn_1_023,dynamic_programming,1,1,140,1,2023-01-23T10:16:00
usr_024,prob_str_2_026,strings,2,1,271,6,2023-01-01T12:42:00
usr_024,prob_rec_1_028,recursion,1,1,161,2,2023-01-01T16:22:00
usr_024,prob_rec_2_065,recursion,2,1,437,6,2023-01-02T00:24:00
usr_024,prob_str_3_036,strings,3,1,1143,9,2023-01-02T05:56:00
usr_024,prob_dyn_2_018,dynamic_programming,2,1,391,4,2023-01-02T12:12:00
usr_024,prob_arr_1_041,arrays,1,1,204,3,2023-01-03T06:32:00
usr_024,prob_rec_3_069,recursion,3,1,826,9,2023-01-03T23:53:00
usr_024,prob_gra_3_028,graphs,3,1,1100,9,2023-01-04T23:17:00
usr_024,prob_sea_1_011,searching,1,1,136,2,2023-01-04T23:32:00
usr_024,prob_tre_1_002,trees,1,1,282,2,2023-01-05T11:56:00
usr_024,prob_gra_1_081,graphs,1,1,196,2,2023-01-05T18:22:00
usr_024,prob_sor_2_082,sorting,2,1,583,4,2023-01-06T08:54:00
usr_024,prob_rec_1_046,recursion,1,1,127,2,2023-01-06T09:52:00
usr_024,prob_str_3_098,strings,3,1,1336,8,2023-01-07T08:46:00
usr_024,prob_sor_1_006,sorting,1,1,183,2,2023-01-07T16:03:00
usr_024,prob_bas_1_033,basics,1,1,136,2,2023-01-08T01:15:00
usr_024,prob_arr_1_094,arrays,1,1,256,3,2023-01-08T23:17:00
usr_024,prob_rec_1_004,recursion,1,1,151,3,2023-01-09T16:54:00
usr_024,prob_dyn_2_085,dynamic_programming,2,1,219,4,2023-01-09T22:35:00
usr_024,prob_bas_2_042,basics,2,1,342,5,2023-01-10T05:19:00
usr_024,prob_dyn_2_083,dynamic_programming,2,1,451,4,2023-01-10T07:09:00
usr_024,prob_sor_2_028,sorting,2,1,300,4,2023-01-10T20:49:00
usr_024,prob_arr_1_029,arrays,1,1,131,2,2023-01-11T18:16:00
usr_024,prob_sor_1_027,sorting,1,1,165,1,2023-01-12T17:21:00
usr_024,prob_arr_1_100,arrays,1,1,121,2,2023-01-13T12:14:00
usr_024,prob_tre_3_076,trees,3,1,630,7,2023-01-14T05:50:00
usr_024,prob_tre_3_073,trees,3,1,514,7,2023-01-14T17:08:00
usr_024,prob_rec_2_080,recursion,2,1,322,4,2023-01-15T15:51:00
usr_024,prob_bas_3_050,basics,3,1,494,6,2023-01-16T04:22:00
usr_024,prob_sor_1_075,sorting,1,1,102,1,2023-01-16T10:38:00
usr_024,prob_rec_1_061,recursion,1,1,158,1,2023-01-16T11:00:00
usr_024,prob_tre_1_099,trees,1,1,122,2,2023-01-16T16:33:00
usr_024,prob_dyn_2_024,dynamic_programming,2,1,435,3,2023-01-16T20:27:00
usr_024,prob_tre_1_017,trees,1,1,135,1,2023-01-17T13:53:00
usr_024,prob_tre_1_086,trees,1,1,137,1,2023-01-18T03:06:00
usr_024,prob_rec_2_042,recursion,2,1,244,4,2023-01-18T17:26:00
usr_024,prob_tre_3_023,trees,3,1,331,6,2023-01-18T19:34:00
usr_024,prob_dyn_3_082,dynamic_programming,3,1,422,5,2023-01-18T21:42:00
usr_024,prob_sor_2_045,sorting,2,1,269,3,2023-01-19T07:21:00
usr_024,prob_sor_1_035,sorting,1,1,92,1,2023-01-19T12:30:00
usr_024,prob_sea_1_050,searching,1,1,119,2,2023-01-19T18:16:00
usr_024,prob_sor_3_081,sorting,3,1,596,6,2023-01-20T13:34:00
usr_024,prob_sor_3_016,sorting,3,1,449,6,2023-01-21T01:28:00
usr_024,prob_sea_1_091,searching,1,1,100,1,2023-01-21T18:51:00
usr_024,prob_rec_1_008,recursion,1,1,136,1,2023-01-21T21:58:00
usr_024,prob_bas_2_093,basics,2,1,219,2,2023-01-22T01:34:00
usr_024,prob_sea_3_027,searching,3,1,834,6,2023-01-22T18:02:00
usr_024,prob_tre_1_001,trees,1,1,87,1,2023-01-22T23:59:00
usr_024,prob_sor_2_003,sorting,2,1,234,3,2023-01-23T00:19:00
usr_024,prob_bas_3_040,basics,3,1,526,5,2023-01-23T07:11:00
usr_024,prob_sea_1_059,searching,1,1,105,2,2023-01-23T19:31:00
usr_024,prob_dyn_2_093,dynamic_programming,2,1,202,2,2023-01-23T21:07:00
usr_024,prob_rec_1_009,recursion,1,1,127,1,2023-01-24T10:17:00
usr_024,prob_sea_2_016,searching,2,1,227,2,2023-01-25T06:14:00
usr_024,prob_arr_2_089,arrays,2,1,213,2,2023-01-25T20:08:00
usr_024,prob_str_2_082,strings,2,1,180,2,2023-01-26T08:51:00
usr_024,prob_tre_2_097,trees,2,1,233,2,2023-01-27T06:18:00
usr_024,prob_sor_1_093,sorting,1,1,53,1,2023-01-28T05:01:00
usr_024,prob_sea_2_050,searching,2,1,232,2,2023-01-28T09:10:00
usr_024,prob_gra_1_002,graphs,1,1,89,2,2023-01-28T18:04:00
usr_024,prob_arr_3_001,arrays,3,0,355,6,2023-01-29T02:46:00
usr_024,prob_dyn_3_079,dynamic_programming,3,1,656,4,2023-01-29T04:34:00
usr_024,prob_sor_1_029,sorting,1,1,76,1,2023-01-29T20:02:00
usr_024,prob_gra_1_088,graphs,1,1,131,1,2023-01-30T07:31:00
usr_024,prob_sea_3_049,searching,3,1,352,4,2023-01-31T02:59:00
usr_024,prob_sor_2_077,sorting,2,1,221,1,2023-01-31T04:06:00
usr_024,prob_arr_3_065,arrays,3,1,265,3,2023-01-31T20:53:00
usr_024,prob_tre_3_035,trees,3,0,532,5,2023-02-01T18:27:00
usr_024,prob_str_2_060,strings,2,1,139,1,2023-02-01T21:14:00
usr_024,prob_str_2_027,strings,2,1,130,2,2023-02-02T07:19:00
usr_024,prob_str_2_039,strings,2,1,236,1,2023-02-02T22:20:00
usr_024,prob_dyn_1_040,dynamic_programming,1,1,46,1,2023-02-03T01:23:00
usr_024,prob_sea_3_074,searching,3,0,620,6,2023-02-03T03:31:00
usr_024,prob_tre_3_071,trees,3,1,674,4,2023-02-03T13:11:00
usr_024,prob_arr_2_040,arrays,2,1,52,2,2023-02-04T03:12:00
usr_024,prob_arr_3_090,arrays,3,1,322,2,2023-02-04T11:19:00
usr_024,prob_arr_2_017,arrays,2,1,170,2,2023-02-04T15:45:00
usr_025,prob_str_3_049,strings,3,0,635,12,2023-01-01T14:36:00
usr_025,prob_str_1_012,strings,1,0,263,5,2023-01-02T04:49:00
usr_025,prob_rec_1_098,recursion,1,1,148,3,2023-01-03T01:58:00
usr_025,prob_sea_1_040,searching,1,1,224,4,2023-01-03T02:42:00
usr_025,prob_sea_3_089,searching,3,1,1051,10,2023-01-03T10:41:00
usr_025,prob_sor_2_090,sorting,2,0,494,8,2023-01-04T04:55:00
usr_025,prob_arr_1_004,arrays,1,1,211,3,2023-01-05T00:15:00
usr_025,prob_rec_2_081,recursion,2,1,316,6,2023-01-05T04:54:00
usr_025,prob_bas_3_087,basics,3,0,1150,11,2023-01-05T16:40:00
usr_025,prob_gra_3_065,graphs,3,0,830,11,2023-01-05T17:49:00
usr_025,prob_tre_1_017,trees,1,0,247,4,2023-01-06T05:34:00
usr_025,prob_bas_1_082,basics,1,1,230,3,2023-01-06T07:48:00
usr_025,prob_gra_1_032,graphs,1,0,126,4,2023-01-07T01:13:00
usr_025,prob_tre_1_012,trees,1,0,351,4,2023-01-07T09:37:00
usr_025,prob_tre_2_035,trees,2,1,381,5,2023-01-07T16:32:00
usr_025,prob_gra_1_097,graphs,1,1,144,3,2023-01-08T01:39:00
usr_025,prob_gra_2_074,graphs,2,1,599,5,2023-01-08T17:27:00
usr_025,prob_str_2_021,strings,2,0,398,5,2023-01-09T10:46:00
usr_025,prob_tre_3_035,trees,3,0,745,10,2023-01-10T06:44:00
usr_025,prob_tre_1_054,trees,1,1,240,2,2023-01-10T08:05:00
usr_025,prob_sea_1_001,searching,1,1,152,2,2023-01-10T18:49:00
usr_025,prob_sor_3_085,sorting,3,1,770,8,2023-01-11T02:29:00
usr_025,prob_sea_1_031,searching,1,0,331,5,2023-01-11T20:37:00
usr_025,prob_dyn_1_053,dynamic_programming,1,1,191,3,2023-01-12T16:45:00
usr_025,prob_rec_2_010,recursion,2,0,403,6,2023-01-13T02:08:00
usr_025,prob_dyn_2_047,dynamic_programming,2,1,397,4,2023-01-13T10:44:00
usr_025,prob_rec_2_019,recursion,2,1,288,5,2023-01-13T12:01:00
usr_025,prob_dyn_1_072,dynamic_programming,1,1,130,1,2023-01-14T06:05:00
usr_025,prob_dyn_2_057,dynamic_programming,2,1,345,4,2023-01-14T17:59:00
usr_025,prob_gra_2_029,graphs,2,1,301,3,2023-01-15T11:34:00
usr_025,prob_sor_3_017,sorting,3,0,646,7,2023-01-15T21:38:00
usr_025,prob_gra_1_056,graphs,1,1,172,2,2023-01-16T18:26:00
usr_025,prob_tre_1_033,trees,1,1,149,2,2023-01-17T09:08:00
usr_025,prob_tre_3_014,trees,3,1,669,6,2023-01-17T20:51:00
usr_025,prob_dyn_1_055,dynamic_programming,1,1,129,2,2023-01-18T19:21:00
usr_025,prob_tre_3_016,trees,3,1,378,5,2023-01-19T02:39:00
usr_025,prob_str_3_067,strings,3,0,496,8,2023-01-19T15:55:00
usr_025,prob_sor_2_095,sorting,2,1,212,3,2023-01-19T17:45:00
usr_025,prob_gra_1_070,graphs,1,1,101,2,2023-01-19T21:21:00
usr_025,prob_arr_2_085,arrays,2,1,256,3,2023-01-19T23:28:00
usr_025,prob_str_3_088,strings,3,1,478,6,2023-01-20T21:12:00
usr_025,prob_arr_1_036,arrays,1,1,282,1,2023-01-20T22:32:00
usr_025,prob_sea_1_071,searching,1,1,161,1,2023-01-20T22:53:00
usr_025,prob_str_2_077,strings,2,1,168,3,2023-01-21T12:32:00
usr_025,prob_bas_3_024,basics,3,1,434,5,2023-01-22T12:24:00
usr_025,prob_dyn_1_041,dynamic_programming,1,1,92,2,2023-01-22T20:43:00
usr_025,prob_gra_3_014,graphs,3,1,352,4,2023-01-23T18:21:00
usr_025,prob_sor_2_061,sorting,2,1,204,3,2023-01-24T06:54:00
usr_025,prob_bas_2_082,basics,2,1,300,1,2023-01-24T14:55:00
usr_025,prob_gra_1_033,graphs,1,1,121,1,2023-01-25T09:18:00
usr_025,prob_sor_2_080,sorting,2,1,133,1,2023-01-25T20:46:00
usr_025,prob_gra_2_070,graphs,2,1,227,1,2023-01-25T21:14:00
usr_025,prob_str_1_007,strings,1,1,73,1,2023-01-26T08:49:00
usr_026,prob_str_2_041,strings,2,0,474,8,2023-01-01T01:43:00
usr_026,prob_dyn_3_031,dynamic_programming,3,0,941,11,2023-01-01T08:05:00
usr_026,prob_tre_1_087,trees,1,0,308,3,2023-01-02T00:26:00
usr_026,prob_rec_1_084,recursion,1,1,392,2,2023-01-02T23:54:00
usr_026,prob_dyn_2_018,dynamic_programming,2,1,452,6,2023-01-03T07:50:00
usr_026,prob_tre_1_089,trees,1,1,268,3,2023-01-03T23:41:00
usr_026,prob_dyn_1_074,dynamic_programming,1,1,213,3,2023-01-04T08:35:00
usr_026,prob_tre_2_087,trees,2,0,398,6,2023-01-04T13:44:00
usr_026,prob_bas_3_024,basics,3,0,774,12,2023-01-05T10:59:00
usr_026,prob_tre_1_079,trees,1,1,311,3,2023-01-05T16:37:00
usr_026,prob_bas_1_079,basics,1,1,248,2,2023-01-06T04:34:00
usr_026,prob_rec_2_045,recursion,2,1,344,5,2023-01-06T19:25:00
usr_026,prob_tre_1_002,trees,1,1,143,3,2023-01-07T10:54:00
usr_026,prob_dyn_2_092,dynamic_programming,2,1,524,5,2023-01-07T18:54:00
usr_026,prob_arr_1_071,arrays,1,1,253,3,2023-01-08T11:51:00
usr_026,prob_rec_2_027,recursion,2,0,386,6,2023-01-09T08:17:00
usr_026,prob_bas_3_027,basics,3,0,577,10,2023-01-09T11:35:00
usr_026,prob_dyn_1_067,dynamic_programming,1,1,145,3,2023-01-10T08:29:00
usr_026,prob_tre_3_079,trees,3,1,1015,9,2023-01-10T11:01:00
usr_026,prob_str_2_045,strings,2,0,296,5,2023-01-10T20:23:00
usr_026,prob_arr_1_035,arrays,1,1,200,2,2023-01-11T08:51:00
usr_026,prob_gra_2_076,graphs,2,1,705,4,2023-01-11T09:00:00
usr_026,prob_str_2_049,strings,2,1,325,4,2023-01-12T04:43:00
usr_026,prob_tre_1_006,trees,1,0,234,4,2023-01-12T06:51:00
usr_026,prob_sea_3_037,searching,3,1,802,8,2023-01-12T13:45:00
usr_026,prob_tre_2_019,trees,2,1,389,4,2023-01-12T14:09:00
usr_026,prob_bas_1_055,basics,1,0,215,3,2023-01-12T23:06:00
usr_026,prob_str_3_005,strings,3,0,532,9,2023-01-13T08:30:00
usr_026,prob_dyn_2_039,dynamic_programming,2,1,400,4,2023-01-13T19:22:00
usr_026,prob_dyn_3_049,dynamic_programming,3,1,874,8,2023-01-14T15:44:00
usr_026,prob_rec_2_087,recursion,2,1,281,5,2023-01-15T01:19:00
usr_026,prob_tre_3_082,trees,3,1,1008,7,2023-01-15T03:13:00
usr_026,prob_dyn_2_067,dynamic_programming,2,1,661,4,2023-01-15T23:38:00
usr_026,prob_dyn_1_058,dynamic_programming,1,1,219,1,2023-01-16T15:35:00
usr_026,prob_sor_3_081,sorting,3,0,719,8,2023-01-17T07:35:00
usr_026,prob_dyn_2_017,dynamic_programming,2,1,379,3,2023-01-18T03:31:00
usr_026,prob_sor_3_051,sorting,3,0,399,8,2023-01-19T03:31:00
usr_026,prob_str_1_024,strings,1,1,184,1,2023-01-19T06:34:00
usr_026,prob_tre_2_029,trees,2,1,209,3,2023-01-20T04:11:00
usr_026,prob_arr_3_022,arrays,3,1,678,7,2023-01-20T16:28:00
usr_026,prob_rec_2_041,recursion,2,1,247,3,2023-01-21T05:53:00
usr_026,prob_dyn_3_009,dynamic_programming,3,1,611,7,2023-01-21T18:21:00
usr_026,prob_dyn_2_056,dynamic_programming,2,1,298,4,2023-01-22T00:05:00
usr_026,prob_bas_3_050,basics,3,0,427,7,2023-01-22T14:29:00
usr_026,prob_dyn_2_072,dynamic_programming,2,1,332,3,2023-01-23T06:06:00
usr_026,prob_arr_1_069,arrays,1,1,135,2,2023-01-23T06:16:00
usr_026,prob_sor_1_014,sorting,1,1,195,2,2023-01-23T19:30:00
usr_026,prob_tre_3_089,trees,3,1,661,6,2023-01-24T01:06:00
usr_026,prob_bas_2_024,basics,2,1,333,3,2023-01-24T06:22:00
usr_026,prob_sea_2_037,searching,2,1,324,2,2023-01-24T17:39:00
usr_026,prob_sea_1_086,searching,1,1,105,2,2023-01-25T03:42:00
usr_026,prob_bas_2_010,basics,2,1,173,2,2023-01-26T03:15:00
usr_026,prob_sor_1_096,sorting,1,1,79,2,2023-01-26T23:05:00
usr_026,prob_rec_2_055,recursion,2,1,413,3,2023-01-27T03:35:00
usr_026,prob_bas_1_002,basics,1,1,314,1,2023-01-27T23:20:00
usr_026,prob_arr_2_096,arrays,2,1,180,3,2023-01-28T21:37:00
usr_026,prob_arr_3_087,arrays,3,1,374,5,2023-01-29T08:00:00
usr_026,prob_gra_3_058,graphs,3,0,387,5,2023-01-29T20:15:00
usr_026,prob_sea_3_008,searching,3,1,536,5,2023-01-30T11:24:00
usr_026,prob_gra_3_058,graphs,3,0,344,6,2023-01-31T08:10:00
usr_026,prob_tre_1_050,trees,1,1,126,2,2023-01-31T11:24:00
usr_026,prob_str_1_026,strings,1,1,162,2,2023-02-01T04:01:00
usr_026,prob_bas_2_042,basics,2,1,232,2,2023-02-01T22:59:00
usr_026,prob_sea_2_012,searching,2,1,153,2,2023-02-02T04:43:00
usr_026,prob_str_3_059,strings,3,1,445,4,2023-02-02T09:20:00
usr_026,prob_arr_1_100,arrays,1,1,101,1,2023-02-03T02:42:00
usr_026,prob_dyn_2_020,dynamic_programming,2,1,165,1,2023-02-03T08:49:00
usr_026,prob_str_1_057,strings,1,1,153,1,2023-02-03T11:57:00
usr_026,prob_gra_2_085,graphs,2,1,201,2,2023-02-03T20:05:00
usr_026,prob_tre_3_051,trees,3,0,270,5,2023-02-04T19:47:00
usr_027,prob_rec_2_062,recursion,2,0,557,8,2023-01-01T23:14:00
usr_027,prob_dyn_3_021,dynamic_programming,3,0,1282,14,2023-01-02T11:50:00
usr_027,prob_tre_1_090,trees,1,1,693,4,2023-01-02T18:27:00
usr_027,prob_gra_3_068,graphs,3,0,2458,13,2023-01-03T06:11:00
usr_027,prob_sea_2_032,searching,2,0,752,8,2023-01-03T23:51:00
usr_027,prob_arr_3_012,arrays,3,0,1136,14,2023-01-04T18:08:00
usr_027,prob_gra_1_057,graphs,1,0,212,5,2023-01-05T16:23:00
usr_027,prob_dyn_3_095,dynamic_programming,3,0,1974,13,2023-01-05T22:13:00
usr_027,prob_arr_1_055,arrays,1,1,302,3,2023-01-06T03:37:00
usr_027,prob_arr_2_097,arrays,2,0,677,9,2023-01-06T10:36:00
usr_027,prob_bas_2_054,basics,2,0,548,9,2023-01-06T23:13:00
usr_027,prob_tre_1_076,trees,1,1,292,4,2023-01-07T20:17:00
usr_027,prob_arr_1_023,arrays,1,1,231,3,2023-01-07T23:48:00
usr_027,prob_sor_2_052,sorting,2,1,410,6,2023-01-08T09:13:00
usr_027,prob_bas_2_025,basics,2,1,485,6,2023-01-08T21:57:00
usr_027,prob_tre_2_052,trees,2,1,494,7,2023-01-09T01:52:00
usr_027,prob_arr_3_046,arrays,3,1,947,10,2023-01-09T02:53:00
usr_027,prob_dyn_3_034,dynamic_programming,3,0,1070,11,2023-01-09T23:30:00
usr_027,prob_dyn_1_039,dynamic_programming,1,0,212,4,2023-01-10T11:25:00
usr_027,prob_bas_1_090,basics,1,0,282,4,2023-01-10T19:11:00
usr_027,prob_tre_2_032,trees,2,0,569,7,2023-01-11T07:40:00
usr_027,prob_sor_1_099,sorting,1,1,281,3,2023-01-11T22:46:00
usr_027,prob_sor_2_096,sorting,2,0,913,7,2023-01-12T03:15:00
usr_027,prob_arr_2_083,arrays,2,1,597,5,2023-01-12T19:35:00
usr_027,prob_tre_3_063,trees,3,0,783,10,2023-01-13T01:40:00
usr_027,prob_rec_1_089,recursion,1,1,230,3,2023-01-13T10:59:00
usr_027,prob_bas_1_030,basics,1,1,161,3,2023-01-14T08:05:00
usr_027,prob_tre_2_088,trees,2,0,560,6,2023-01-14T18:47:00
usr_027,prob_gra_2_050,graphs,2,0,587,7,2023-01-15T08:04:00
usr_027,prob_sor_2_086,sorting,2,0,531,7,2023-01-16T06:24:00
usr_027,prob_sea_1_088,searching,1,0,321,3,2023-01-16T13:45:00
usr_027,prob_rec_3_076,recursion,3,0,809,11,2023-01-17T04:02:00
usr_027,prob_arr_3_023,arrays,3,0,958,10,2023-01-17T23:38:00
usr_027,prob_gra_3_070,graphs,3,0,1060,9,2023-01-18T14:28:00
usr_027,prob_arr_2_032,arrays,2,0,607,6,2023-01-18T17:51:00
usr_027,prob_rec_2_063,recursion,2,0,319,6,2023-01-18T22:53:00
usr_027,prob_arr_1_003,arrays,1,0,241,4,2023-01-19T03:05:00
usr_027,prob_gra_2_056,graphs,2,0,397,5,2023-01-19T05:43:00
usr_027,prob_str_2_075,strings,2,1,451,4,2023-01-19T20:41:00
usr_027,prob_sea_3_022,searching,3,0,822,9,2023-01-20T18:53:00
usr_027,prob_bas_1_002,basics,1,1,134,2,2023-01-20T21:25:00
usr_027,prob_sea_1_024,searching,1,0,212,3,2023-01-21T21:10:00
usr_027,prob_rec_1_009,recursion,1,1,118,2,2023-01-22T07:01:00
usr_027,prob_str_1_016,strings,1,1,153,2,2023-01-22T08:31:00
usr_027,prob_sor_1_015,sorting,1,0,191,3,2023-01-22T12:13:00
usr_027,prob_arr_1_100,arrays,1,1,129,2,2023-01-22T22:55:00
usr_027,prob_tre_2_081,trees,2,1,315,4,2023-01-23T21:15:00
usr_027,prob_dyn_2_093,dynamic_programming,2,1,289,4,2023-01-23T21:51:00
usr_027,prob_sor_2_016,sorting,2,1,220,3,2023-01-24T13:40:00
usr_027,prob_str_3_050,strings,3,0,472,6,2023-01-25T10:59:00
usr_027,prob_sea_2_030,searching,2,1,302,3,2023-01-26T10:18:00
usr_027,prob_tre_2_060,trees,2,1,323,4,2023-01-26T18:11:00
usr_027,prob_arr_3_052,arrays,3,1,570,5,2023-01-27T05:41:00
usr_027,prob_dyn_3_084,dynamic_programming,3,0,465,7,2023-01-28T04:27:00
usr_027,prob_sor_2_017,sorting,2,0,324,3,2023-01-29T02:19:00
usr_027,prob_str_2_058,strings,2,0,340,4,2023-01-29T04:02:00
usr_027,prob_gra_1_041,graphs,1,1,197,2,2023-01-29T04:50:00
usr_027,prob_rec_2_011,recursion,2,1,214,3,2023-01-29T08:18:00
usr_027,prob_dyn_2_036,dynamic_programming,2,1,228,3,2023-01-29T13:55:00
usr_027,prob_gra_3_019,graphs,3,0,701,5,2023-01-30T13:38:00
usr_027,prob_str_2_060,strings,2,1,227,3,2023-01-30T21:28:00
usr_027,prob_tre_1_088,trees,1,1,90,1,2023-01-31T15:25:00
usr_027,prob_rec_3_001,recursion,3,0,441,6,2023-02-01T10:14:00
usr_027,prob_tre_3_034,trees,3,0,503,5,2023-02-01T13:05:00
usr_028,prob_gra_1_045,graphs,1,0,416,4,2023-01-01T05:04:00
usr_028,prob_gra_3_040,graphs,3,0,1568,13,2023-01-01T08:06:00
usr_028,prob_sor_3_007,sorting,3,0,1349,13,2023-01-01T12:56:00
usr_028,prob_bas_3_009,basics,3,0,1386,13,2023-01-02T02:41:00
usr_028,prob_bas_3_056,basics,3,0,2351,12,2023-01-02T19:08:00
usr_028,prob_sor_3_050,sorting,3,0,3317,12,2023-01-02T23:51:00
usr_028,prob_rec_1_034,recursion,1,0,331,5,2023-01-03T00:31:00
usr_028,prob_tre_3_085,trees,3,0,3277,13,2023-01-03T14:07:00
usr_028,prob_gra_1_025,graphs,1,0,585,5,2023-01-04T01:09:00
usr_028,prob_sea_2_088,searching,2,0,1182,8,2023-01-05T00:07:00
usr_028,prob_gra_2_092,graphs,2,0,964,8,2023-01-05T03:28:00
usr_028,prob_arr_3_090,arrays,3,0,1705,13,2023-01-06T03:16:00
usr_028,prob_arr_1_086,arrays,1,0,333,6,2023-01-06T10:51:00
usr_028,prob_rec_2_021,recursion,2,1,652,6,2023-01-07T08:36:00
usr_028,prob_str_1_025,strings,1,1,439,3,2023-01-07T18:36:00
usr_028,prob_dyn_1_049,dynamic_programming,1,1,468,3,2023-01-08T04:11:00
usr_028,prob_rec_3_073,recursion,3,1,2520,9,2023-01-08T18:06:00
usr_028,prob_sea_2_091,searching,2,1,959,5,2023-01-09T13:30:00
usr_028,prob_arr_2_063,arrays,2,1,733,5,2023-01-09T20:17:00
usr_028,prob_tre_2_088,trees,2,1,1246,6,2023-01-10T02:26:00
usr_028,prob_gra_1_016,graphs,1,0,781,3,2023-01-10T11:23:00
usr_028,prob_bas_3_083,basics,3,0,1555,10,2023-01-11T04:13:00
usr_028,prob_bas_2_070,basics,2,0,820,6,2023-01-12T00:06:00
usr_028,prob_gra_3_001,graphs,3,1,1380,8,2023-01-12T10:30:00
usr_028,prob_arr_2_027,arrays,2,1,647,5,2023-01-12T22:41:00
usr_028,prob_rec_1_026,recursion,1,1,276,2,2023-01-13T21:14:00
usr_028,prob_arr_3_095,arrays,3,0,1701,9,2023-01-14T08:38:00
usr_028,prob_bas_2_027,basics,2,1,637,5,2023-01-15T00:53:00
usr_028,prob_str_1_061,strings,1,1,364,3,2023-01-15T01:08:00
usr_028,prob_gra_2_085,graphs,2,0,793,6,2023-01-15T05:40:00
usr_028,prob_dyn_3_062,dynamic_programming,3,0,1379,9,2023-01-15T15:39:00
usr_028,prob_tre_1_005,trees,1,1,368,1,2023-01-16T00:17:00
usr_028,prob_sea_2_099,searching,2,1,544,3,2023-01-16T23:39:00
usr_028,prob_dyn_3_054,dynamic_programming,3,0,1213,8,2023-01-17T22:53:00
usr_028,prob_rec_3_066,recursion,3,1,1092,7,2023-01-18T02:32:00
usr_028,prob_arr_3_075,arrays,3,0,877,9,2023-01-18T10:35:00
usr_028,prob_dyn_2_004,dynamic_programming,2,1,570,3,2023-01-18T18:30:00
usr_028,prob_sor_1_014,sorting,1,1,189,2,2023-01-18T18:48:00
usr_028,prob_tre_1_084,trees,1,0,202,3,2023-01-19T17:41:00
usr_028,prob_arr_2_032,arrays,2,1,384,3,2023-01-20T01:42:00
usr_028,prob_bas_2_045,basics,2,0,550,3,2023-01-20T08:15:00
usr_028,prob_str_2_052,strings,2,1,317,2,2023-01-21T01:50:00
usr_028,prob_sor_2_068,sorting,2,1,490,2,2023-01-21T23:04:00
usr_028,prob_tre_1_085,trees,1,1,277,2,2023-01-22T14:26:00
usr_028,prob_sor_1_015,sorting,1,1,198,1,2023-01-23T10:02:00
usr_028,prob_sor_2_009,sorting,2,1,502,2,2023-01-23T21:49:00
usr_028,prob_str_3_075,strings,3,1,797,5,2023-01-23T22:50:00
usr_028,prob_rec_2_100,recursion,2,0,367,3,2023-01-24T10:39:00
usr_028,prob_tre_2_004,trees,2,1,418,3,2023-01-25T10:23:00
usr_028,prob_dyn_2_095,dynamic_programming,2,1,237,1,2023-01-25T17:20:00
usr_028,prob_sea_1_056,searching,1,1,171,1,2023-01-26T15:13:00
usr_029,prob_bas_2_061,basics,2,1,829,7,2023-01-01T04:28:00
usr_029,prob_bas_2_038,basics,2,1,749,7,2023-01-01T22:54:00
usr_029,prob_bas_1_095,basics,1,0,381,4,2023-01-02T21:58:00
usr_029,prob_tre_1_086,trees,1,0,882,5,2023-01-03T21:10:00
usr_029,prob_rec_3_030,recursion,3,0,2378,12,2023-01-04T12:33:00
usr_029,prob_bas_2_035,basics,2,0,832,8,2023-01-04T16:34:00
usr_029,prob_tre_1_066,trees,1,1,385,4,2023-01-05T04:53:00
usr_029,prob_gra_2_036,graphs,2,0,1370,7,2023-01-05T19:34:00
usr_029,prob_tre_1_098,trees,1,1,446,4,2023-01-06T04:45:00
usr_029,prob_tre_2_049,trees,2,1,821,5,2023-01-06T16:44:00
usr_029,prob_sor_3_027,sorting,3,0,1797,12,2023-01-07T09:38:00
usr_029,prob_arr_1_064,arrays,1,1,415,3,2023-01-07T20:01:00
usr_029,prob_bas_1_097,basics,1,0,293,4,2023-01-08T04:19:00
usr_029,prob_sea_2_069,searching,2,0,754,6,2023-01-08T05:19:00
usr_029,prob_gra_3_093,graphs,3,0,1468,10,2023-01-09T00:27:00
usr_029,prob_arr_2_089,arrays,2,0,1522,8,2023-01-09T21:47:00
usr_029,prob_tre_2_095,trees,2,0,895,6,2023-01-09T21:59:00
usr_029,prob_str_2_026,strings,2,1,835,5,2023-01-10T02:25:00
usr_029,prob_tre_3_083,trees,3,0,1404,9,2023-01-10T16:47:00
usr_029,prob_sor_2_078,sorting,2,1,818,5,2023-01-11T04:40:00
usr_029,prob_rec_1_009,recursion,1,0,394,3,2023-01-11T10:42:00
usr_029,prob_gra_3_055,graphs,3,1,1421,8,2023-01-11T22:52:00
usr_029,prob_str_2_040,strings,2,1,519,4,2023-01-12T17:51:00
usr_029,prob_arr_3_017,arrays,3,1,1337,8,2023-01-13T05:20:00
usr_029,prob_dyn_2_029,dynamic_programming,2,1,820,5,2023-01-13T16:50:00
usr_029,prob_arr_2_020,arrays,2,1,711,5,2023-01-14T14:06:00
usr_029,prob_gra_1_027,graphs,1,0,261,4,2023-01-15T13:35:00
usr_029,prob_tre_3_094,trees,3,0,1554,9,2023-01-15T18:42:00
usr_029,prob_bas_1_009,basics,1,1,344,2,2023-01-16T15:46:00
usr_029,prob_sor_2_018,sorting,2,1,522,4,2023-01-16T20:34:00
usr_029,prob_dyn_3_050,dynamic_programming,3,0,1038,8,2023-01-17T05:02:00
usr_029,prob_dyn_3_051,dynamic_programming,3,1,795,7,2023-01-17T10:45:00
usr_029,prob_dyn_3_013,dynamic_programming,3,1,1359,6,2023-01-18T08:50:00
usr_029,prob_dyn_3_010,dynamic_programming,3,0,994,8,2023-01-18T21:21:00
usr_029,prob_rec_1_049,recursion,1,1,289,2,2023-01-19T15:33:00
usr_029,prob_dyn_3_095,dynamic_programming,3,1,1070,5,2023-01-19T22:32:00
usr_029,prob_dyn_2_078,dynamic_programming,2,1,1059,3,2023-01-20T07:33:00
usr_029,prob_tre_2_009,trees,2,1,614,4,2023-01-20T15:41:00
usr_029,prob_str_3_018,strings,3,1,751,6,2023-01-21T10:45:00
usr_029,prob_tre_3_092,trees,3,1,1056,5,2023-01-22T02:56:00
usr_029,prob_str_2_088,strings,2,1,388,2,2023-01-22T07:31:00
usr_029,prob_tre_2_049,trees,2,1,383,2,2023-01-22T08:28:00
usr_029,prob_sea_3_021,searching,3,0,1533,6,2023-01-22T23:20:00
usr_029,prob_bas_2_068,basics,2,1,411,2,2023-01-23T10:35:00
usr_029,prob_gra_2_091,graphs,2,0,326,4,2023-01-23T20:31:00
usr_029,prob_tre_2_020,trees,2,1,424,2,2023-01-24T10:01:00
usr_029,prob_bas_3_010,basics,3,1,746,4,2023-01-25T09:31:00
usr_029,prob_str_2_093,strings,2,1,485,3,2023-01-25T16:28:00
usr_029,prob_str_1_045,strings,1,1,130,1,2023-01-25T19:24:00
usr_029,prob_sea_1_047,searching,1,1,268,1,2023-01-26T19:17:00
usr_029,prob_sor_3_047,sorting,3,1,500,3,2023-01-27T16:35:00
usr_029,prob_str_1_019,strings,1,1,234,1,2023-01-27T20:21:00
usr_030,prob_str_3_080,strings,3,0,1500,13,2023-01-01T00:26:00
usr_030,prob_gra_2_057,graphs,2,0,505,9,2023-01-01T02:16:00
usr_030,prob_tre_2_066,trees,2,0,867,8,2023-01-02T00:19:00
usr_030,prob_arr_2_048,arrays,2,0,1076,7,2023-01-03T00:04:00
usr_030,prob_tre_1_048,trees,1,0,407,6,2023-01-03T17:31:00
usr_030,prob_tre_3_096,trees,3,1,1175,11,2023-01-04T00:48:00
usr_030,prob_sea_2_003,searching,2,0,775,8,2023-01-04T20:55:00
usr_030,prob_sea_2_088,searching,2,1,788,6,2023-01-05T03:18:00
usr_030,prob_gra_2_063,graphs,2,1,502,6,2023-01-05T08:46:00
usr_030,prob_str_1_007,strings,1,1,202,4,2023-01-05T18:03:00
usr_030,prob_gra_2_005,graphs,2,1,394,6,2023-01-06T17:51:00
usr_030,prob_sor_1_026,sorting,1,1,467,2,2023-01-07T06:43:00
usr_030,prob_bas_1_034,basics,1,0,319,3,2023-01-07T15:42:00
usr_030,prob_str_1_082,strings,1,0,251,3,2023-01-08T09:51:00
usr_030,prob_arr_1_016,arrays,1,1,356,2,2023-01-09T01:22:00
usr_030,prob_gra_3_089,graphs,3,0,1022,10,2023-01-09T19:07:00
usr_030,prob_sea_1_020,searching,1,1,300,2,2023-01-10T01:07:00
usr_030,prob_bas_1_003,basics,1,1,243,2,2023-01-10T12:00:00
usr_030,prob_tre_3_068,trees,3,0,1060,9,2023-01-11T03:54:00
usr_030,prob_str_3_090,strings,3,0,2146,9,2023-01-11T10:17:00
usr_030,prob_sea_3_023,searching,3,0,1280,10,2023-01-11T12:08:00
usr_030,prob_tre_3_042,trees,3,0,1288,10,2023-01-12T11:11:00
usr_030,prob_gra_2_084,graphs,2,1,422,5,2023-01-13T08:44:00
usr_030,prob_rec_1_080,recursion,1,1,159,3,2023-01-13T14:47:00
usr_030,prob_bas_2_073,basics,2,0,394,5,2023-01-13T18:45:00
usr_030,prob_sor_3_062,sorting,3,0,950,10,2023-01-14T07:47:00
usr_030,prob_bas_1_037,basics,1,1,266,3,2023-01-14T15:15:00
usr_030,prob_tre_1_065,trees,1,1,273,3,2023-01-14T20:00:00
usr_030,prob_sor_3_062,sorting,3,1,877,7,2023-01-15T07:31:00
usr_030,prob_str_1_031,strings,1,1,192,3,2023-01-15T18:02:00
usr_030,prob_tre_1_022,trees,1,0,196,3,2023-01-16T00:15:00
usr_030,prob_sea_1_005,searching,1,1,178,2,2023-01-17T00:07:00
usr_030,prob_sor_1_055,sorting,1,1,268,1,2023-01-17T03:27:00
usr_030,prob_sor_3_065,sorting,3,1,625,6,2023-01-17T21:27:00
usr_030,prob_sor_3_046,sorting,3,1,996,7,2023-01-18T19:38:00
usr_030,prob_bas_1_013,basics,1,1,133,1,2023-01-19T08:42:00
usr_030,prob_str_3_006,strings,3,0,1005,9,2023-01-20T06:47:00
usr_030,prob_dyn_2_085,dynamic_programming,2,1,383,4,2023-01-20T21:09:00
usr_030,prob_rec_1_090,recursion,1,1,198,2,2023-01-21T11:32:00
usr_030,prob_dyn_3_049,dynamic_programming,3,0,622,7,2023-01-22T02:20:00
usr_030,prob_tre_1_038,trees,1,1,202,1,2023-01-22T07:53:00
usr_030,prob_tre_3_082,trees,3,1,872,5,2023-01-23T04:16:00
usr_030,prob_str_1_093,strings,1,1,186,1,2023-01-23T15:58:00
usr_030,prob_sea_1_098,searching,1,1,126,2,2023-01-23T21:45:00
usr_030,prob_sea_3_074,searching,3,0,549,7,2023-01-24T13:32:00
usr_030,prob_str_1_057,strings,1,1,273,2,2023-01-24T18:53:00
usr_030,prob_dyn_3_023,dynamic_programming,3,0,463,5,2023-01-25T04:09:00
usr_030,prob_bas_2_060,basics,2,1,355,3,2023-01-25T04:40:00
usr_030,prob_tre_1_024,trees,1,1,215,1,2023-01-25T20:43:00
usr_030,prob_str_2_024,strings,2,0,295,4,2023-01-26T18:22:00
usr_030,prob_str_2_040,strings,2,1,355,2,2023-01-27T12:41:00
usr_030,prob_dyn_2_029,dynamic_programming,2,1,231,2,2023-01-28T08:37:00
usr_030,prob_sea_1_042,searching,1,1,174,1,2023-01-29T06:54:00
usr_030,prob_sor_3_030,sorting,3,1,568,5,2023-01-29T21:23:00
usr_030,prob_arr_1_007,arrays,1,1,157,1,2023-01-30T19:28:00
usr_030,prob_rec_2_020,recursion,2,1,187,1,2023-01-30T22:38:00
usr_030,prob_sor_2_028,sorting,2,0,265,3,2023-01-31T05:09:00
usr_030,prob_dyn_3_077,dynamic_programming,3,0,500,6,2023-01-31T12:37:00
usr_031,prob_gra_2_089,graphs,2,1,751,6,2023-01-01T19:33:00
usr_031,prob_sea_2_053,searching,2,1,855,6,2023-01-02T05:34:00
usr_031,prob_sor_2_064,sorting,2,1,1028,5,2023-01-03T03:57:00
usr_031,prob_bas_2_038,basics,2,0,950,7,2023-01-03T22:45:00
usr_031,prob_dyn_3_041,dynamic_programming,3,0,1940,12,2023-01-04T05:49:00
usr_031,prob_rec_3_014,recursion,3,1,1464,8,2023-01-04T18:58:00
usr_031,prob_sor_2_071,sorting,2,1,762,6,2023-01-04T21:42:00
usr_031,prob_dyn_2_032,dynamic_programming,2,1,1092,6,2023-01-04T23:24:00
usr_031,prob_gra_2_049,graphs,2,0,993,7,2023-01-05T21:56:00
usr_031,prob_sor_1_012,sorting,1,1,828,3,2023-01-06T00:50:00
usr_031,prob_gra_3_027,graphs,3,0,1380,11,2023-01-06T10:48:00
usr_031,prob_arr_2_084,arrays,2,0,559,7,2023-01-06T11:51:00
usr_031,prob_sor_2_034,sorting,2,1,609,5,2023-01-06T18:45:00
usr_031,prob_dyn_2_056,dynamic_programming,2,1,725,4,2023-01-07T14:18:00
usr_031,prob_rec_1_004,recursion,1,1,476,2,2023-01-07T16:05:00
usr_031,prob_bas_1_063,basics,1,1,474,3,2023-01-08T04:31:00
usr_031,prob_rec_3_024,recursion,3,1,1134,8,2023-01-09T03:01:00
usr_031,prob_str_3_096,strings,3,1,2336,7,2023-01-09T08:58:00
usr_031,prob_bas_2_003,basics,2,0,815,5,2023-01-09T18:20:00
usr_031,prob_gra_3_036,graphs,3,1,1653,7,2023-01-10T01:11:00
usr_031,prob_gra_2_043,graphs,2,0,507,5,2023-01-10T17:37:00
usr_031,prob_rec_1_016,recursion,1,1,384,2,2023-01-11T09:16:00
usr_031,prob_arr_2_088,arrays,2,0,595,5,2023-01-11T10:53:00
usr_031,prob_dyn_2_032,dynamic_programming,2,1,990,4,2023-01-11T13:57:00
usr_031,prob_arr_1_096,arrays,1,1,360,2,2023-01-12T07:40:00
usr_031,prob_rec_2_023,recursion,2,1,577,5,2023-01-12T10:12:00
usr_031,prob_gra_1_044,graphs,1,1,198,3,2023-01-13T02:22:00
usr_031,prob_tre_1_085,trees,1,1,250,1,2023-01-13T07:55:00
usr_031,prob_arr_3_086,arrays,3,1,1114,7,2023-01-14T00:25:00
usr_031,prob_dyn_1_012,dynamic_programming,1,1,245,1,2023-01-14T23:31:00
usr_031,prob_sea_2_086,searching,2,1,642,3,2023-01-15T20:52:00
usr_031,prob_gra_1_053,graphs,1,1,313,2,2023-01-16T00:38:00
usr_031,prob_arr_1_016,arrays,1,1,216,2,2023-01-16T05:31:00
usr_031,prob_str_2_061,strings,2,1,507,3,2023-01-17T03:37:00
usr_031,prob_gra_2_080,graphs,2,1,838,4,2023-01-17T17:24:00
usr_031,prob_sor_2_097,sorting,2,0,1310,5,2023-01-18T06:33:00
usr_031,prob_sea_1_095,searching,1,1,252,2,2023-01-18T20:37:00
usr_031,prob_dyn_3_076,dynamic_programming,3,0,1182,8,2023-01-19T16:02:00
usr_031,prob_rec_1_065,recursion,1,1,308,2,2023-01-20T10:43:00
usr_031,prob_sea_3_097,searching,3,0,963,8,2023-01-21T02:06:00
usr_031,prob_gra_2_053,graphs,2,1,681,3,2023-01-22T01:52:00
usr_031,prob_bas_1_076,basics,1,1,352,1,2023-01-22T07:28:00
usr_031,prob_sea_2_057,searching,2,1,620,3,2023-01-23T01:09:00
usr_031,prob_bas_2_044,basics,2,1,462,2,2023-01-23T17:41:00
usr_031,prob_dyn_1_076,dynamic_programming,1,1,203,2,2023-01-24T00:54:00
usr_031,prob_arr_1_047,arrays,1,1,290,1,2023-01-24T05:05:00
usr_031,prob_tre_3_048,trees,3,1,850,5,2023-01-24T20:02:00
usr_031,prob_gra_1_006,graphs,1,1,376,2,2023-01-25T06:09:00
usr_031,prob_str_1_051,strings,1,1,247,1,2023-01-26T00:44:00
usr_031,prob_gra_2_015,graphs,2,1,403,2,2023-01-26T06:54:00
usr_031,prob_gra_3_073,graphs,3,1,724,5,2023-01-27T01:26:00
usr_031,prob_rec_3_095,recursion,3,1,962,5,2023-01-27T17:50:00
usr_031,prob_arr_3_083,arrays,3,1,1785,5,2023-01-27T21:06:00
usr_031,prob_tre_2_030,trees,2,1,434,2,2023-01-28T10:53:00
usr_031,prob_tre_1_001,trees,1,1,507,2,2023-01-28T21:17:00
usr_031,prob_arr_2_039,arrays,2,1,961,2,2023-01-29T10:19:00
usr_031,prob_dyn_1_032,dynamic_programming,1,1,268,1,2023-01-29T22:03:00
usr_031,prob_rec_1_053,recursion,1,1,125,2,2023-01-30T12:45:00
usr_031,prob_rec_1_023,recursion,1,1,197,1,2023-01-30T13:21:00
usr_031,prob_gra_2_091,graphs,2,1,433,1,2023-01-31T03:46:00
usr_031,prob_arr_1_037,arrays,1,1,219,1,2023-01-31T14:13:00
usr_031,prob_sor_3_019,sorting,3,1,569,3,2023-01-31T22:11:00
usr_031,prob_gra_2_009,graphs,2,1,621,1,2023-02-01T00:36:00
usr_031,prob_sor_2_001,sorting,2,1,599,2,2023-02-01T01:55:00
usr_031,prob_sea_1_051,searching,1,1,121,1,2023-02-01T04:22:00
usr_031,prob_arr_2_064,arrays,2,1,322,1,2023-02-01T06:38:00
usr_031,prob_dyn_1_058,dynamic_programming,1,1,293,1,2023-02-01T14:13:00
usr_031,prob_gra_3_012,graphs,3,0,659,4,2023-02-02T01:01:00
usr_031,prob_tre_3_062,trees,3,1,623,4,2023-02-02T03:24:00
usr_031,prob_str_2_052,strings,2,1,237,1,2023-02-02T16:31:00
usr_032,prob_arr_1_078,arrays,1,1,246,2,2023-01-01T20:59:00
usr_032,prob_gra_2_049,graphs,2,1,248,6,2023-01-01T21:08:00
usr_032,prob_tre_2_011,trees,2,1,335,6,2023-01-02T05:55:00
usr_032,prob_arr_3_027,arrays,3,1,935,10,2023-01-03T04:37:00
usr_032,prob_gra_3_019,graphs,3,1,1151,9,2023-01-03T15:48:00
usr_032,prob_dyn_3_034,dynamic_programming,3,1,856,9,2023-01-04T04:02:00
usr_032,prob_dyn_1_075,dynamic_programming,1,0,353,5,2023-01-04T18:52:00
usr_032,prob_bas_1_007,basics,1,0,227,3,2023-01-05T00:43:00
usr_032,prob_sea_1_032,searching,1,1,246,3,2023-01-05T05:58:00
usr_032,prob_rec_2_039,recursion,2,1,255,5,2023-01-06T02:10:00
usr_032,prob_gra_2_085,graphs,2,1,301,5,2023-01-06T15:46:00
usr_032,prob_dyn_1_050,dynamic_programming,1,1,127,3,2023-01-07T00:23:00
usr_032,prob_rec_1_024,recursion,1,1,194,3,2023-01-07T02:21:00
usr_032,prob_dyn_3_076,dynamic_programming,3,1,755,8,2023-01-07T06:16:00
usr_032,prob_dyn_3_088,dynamic_programming,3,1,720,8,2023-01-07T19:42:00
usr_032,prob_bas_3_060,basics,3,1,649,8,2023-01-07T21:10:00
usr_032,prob_sea_1_098,searching,1,1,131,2,2023-01-08T12:13:00
usr_032,prob_gra_2_041,graphs,2,0,554,7,2023-01-08T20:25:00
usr_032,prob_sor_2_065,sorting,2,1,317,5,2023-01-09T18:20:00
usr_032,prob_sea_3_005,searching,3,1,572,7,2023-01-09T20:05:00
usr_032,prob_sor_1_035,sorting,1,1,136,3,2023-01-10T16:15:00
usr_032,prob_gra_3_049,graphs,3,1,681,7,2023-01-10T21:38:00
usr_032,prob_tre_3_047,trees,3,0,689,8,2023-01-11T11:18:00
usr_032,prob_rec_3_040,recursion,3,1,476,6,2023-01-11T22:26:00
usr_032,prob_sor_1_006,sorting,1,1,150,1,2023-01-12T14:40:00
usr_032,prob_dyn_2_088,dynamic_programming,2,1,458,3,2023-01-12T15:29:00
usr_032,prob_sea_1_065,searching,1,1,126,2,2023-01-13T06:45:00
usr_032,prob_arr_1_088,arrays,1,1,85,1,2023-01-13T08:37:00
usr_032,prob_sor_3_053,sorting,3,0,587,8,2023-01-13T10:36:00
usr_032,prob_gra_1_053,graphs,1,1,147,2,2023-01-13T12:36:00
usr_032,prob_str_2_067,strings,2,0,457,5,2023-01-14T03:43:00
usr_032,prob_tre_1_036,trees,1,1,77,1,2023-01-14T07:02:00
usr_032,prob_dyn_1_056,dynamic_programming,1,1,138,2,2023-01-14T18:20:00
usr_032,prob_bas_2_005,basics,2,1,241,4,2023-01-15T17:29:00
usr_032,prob_gra_1_052,graphs,1,1,108,2,2023-01-15T23:12:00
usr_032,prob_gra_1_011,graphs,1,1,110,2,2023-01-16T12:14:00
usr_032,prob_tre_2_096,trees,2,1,199,3,2023-01-16T21:45:00
usr_032,prob_dyn_1_009,dynamic_programming,1,1,121,2,2023-01-17T07:22:00
usr_032,prob_tre_3_069,trees,3,0,689,6,2023-01-17T09:51:00
usr_032,prob_gra_2_049,graphs,2,1,171,2,2023-01-17T22:53:00
usr_032,prob_arr_1_023,arrays,1,1,105,2,2023-01-18T10:41:00
usr_032,prob_arr_3_046,arrays,3,1,247,5,2023-01-18T19:15:00
usr_032,prob_gra_2_024,graphs,2,1,350,2,2023-01-19T03:44:00
usr_032,prob_tre_3_090,trees,3,1,273,5,2023-01-19T14:31:00
usr_032,prob_bas_2_008,basics,2,1,165,2,2023-01-20T05:57:00
usr_032,prob_rec_1_068,recursion,1,1,80,1,2023-01-20T07:54:00
usr_032,prob_sor_2_035,sorting,2,1,141,1,2023-01-21T06:41:00
usr_032,prob_sor_3_095,sorting,3,1,191,3,2023-01-22T05:56:00
usr_032,prob_bas_2_002,basics,2,1,179,1,2023-01-23T03:46:00
usr_032,prob_rec_2_021,recursion,2,1,134,2,2023-01-23T18:39:00
usr_032,prob_bas_1_094,basics,1,1,62,1,2023-01-24T06:50:00
usr_033,prob_dyn_3_056,dynamic_programming,3,0,1396,10,2023-01-01T16:01:00
usr_033,prob_arr_2_072,arrays,2,0,1256,7,2023-01-02T11:18:00
usr_033,prob_sea_2_021,searching,2,1,745,6,2023-01-02T23:21:00
usr_033,prob_sor_1_034,sorting,1,0,500,5,2023-01-03T11:12:00
usr_033,prob_sor_1_098,sorting,1,1,433,3,2023-01-03T23:55:00
usr_033,prob_sea_1_042,searching,1,1,499,2,2023-01-04T19:11:00
usr_033,prob_arr_2_090,arrays,2,0,1455,7,2023-01-04T20:17:00
usr_033,prob_tre_3_030,trees,3,1,2235,9,2023-01-05T03:15:00
usr_033,prob_rec_2_079,recursion,2,0,627,8,2023-01-05T08:57:00
usr_033,prob_arr_3_031,arrays,3,0,2766,10,2023-01-05T15:12:00
usr_033,prob_arr_1_074,arrays,1,0,454,5,2023-01-06T13:07:00
usr_033,prob_str_3_096,strings,3,0,2102,10,2023-01-06T13:41:00
usr_033,prob_arr_3_024,arrays,3,1,1586,9,2023-01-07T03:25:00
usr_033,prob_sea_1_094,searching,1,1,351,3,2023-01-07T08:30:00
usr_033,prob_gra_1_071,graphs,1,0,394,4,2023-01-07T11:56:00
usr_033,prob_rec_1_004,recursion,1,1,470,2,2023-01-08T02:59:00
usr_033,prob_sor_3_080,sorting,3,0,1635,9,2023-01-08T22:10:00
usr_033,prob_str_1_002,strings,1,1,516,2,2023-01-09T03:39:00
usr_033,prob_gra_2_059,graphs,2,1,1209,4,2023-01-09T10:01:00
usr_033,prob_rec_3_079,recursion,3,0,1373,9,2023-01-10T06:48:00
usr_033,prob_arr_2_065,arrays,2,1,783,5,2023-01-11T05:22:00
usr_033,prob_sor_1_074,sorting,1,1,436,2,2023-01-12T03:38:00
usr_033,prob_sea_3_006,searching,3,1,1340,7,2023-01-12T09:37:00
usr_033,prob_sea_2_075,searching,2,1,650,4,2023-01-12T15:52:00
usr_033,prob_gra_2_088,graphs,2,1,857,4,2023-01-12T23:02:00
usr_033,prob_gra_1_053,graphs,1,1,287,2,2023-01-13T02:16:00
usr_033,prob_dyn_1_094,dynamic_programming,1,1,230,2,2023-01-13T14:46:00
usr_033,prob_sor_3_070,sorting,3,1,1495,7,2023-01-14T09:43:00
usr_033,prob_dyn_1_052,dynamic_programming,1,1,300,3,2023-01-14T10:08:00
usr_033,prob_arr_3_040,arrays,3,1,1529,7,2023-01-15T05:32:00
usr_033,prob_tre_1_084,trees,1,1,306,1,2023-01-15T12:56:00
usr_033,prob_gra_3_019,graphs,3,1,1115,7,2023-01-15T14:21:00
usr_033,prob_rec_1_025,recursion,1,1,294,2,2023-01-16T14:09:00
usr_033,prob_arr_1_061,arrays,1,1,344,1,2023-01-16T16:35:00
usr_033,prob_tre_2_017,trees,2,1,1030,3,2023-01-17T02:55:00
usr_033,prob_arr_2_052,arrays,2,1,480,4,2023-01-17T19:22:00
usr_033,prob_str_3_038,strings,3,1,1384,6,2023-01-18T01:32:00
usr_033,prob_sea_2_034,searching,2,1,653,3,2023-01-19T00:04:00
usr_033,prob_sea_1_026,searching,1,1,401,1,2023-01-19T07:56:00
usr_033,prob_tre_3_026,trees,3,0,851,8,2023-01-20T00:52:00
usr_033,prob_gra_1_072,graphs,1,1,345,1,2023-01-20T16:29:00
usr_033,prob_gra_2_018,graphs,2,0,636,6,2023-01-20T18:01:00
usr_033,prob_str_2_078,strings,2,1,490,3,2023-01-21T14:23:00
usr_033,prob_gra_3_072,graphs,3,0,1402,8,2023-01-22T06:30:00
usr_033,prob_dyn_1_062,dynamic_programming,1,1,273,1,2023-01-22T18:18:00
usr_033,prob_str_2_048,strings,2,1,491,2,2023-01-23T15:06:00
usr_033,prob_rec_3_092,recursion,3,1,720,6,2023-01-24T14:35:00
usr_033,prob_rec_2_073,recursion,2,1,382,3,2023-01-24T20:51:00
usr_033,prob_str_3_023,strings,3,1,1077,6,2023-01-25T07:24:00
usr_033,prob_dyn_2_099,dynamic_programming,2,1,411,2,2023-01-25T11:55:00
usr_033,prob_gra_1_049,graphs,1,1,201,1,2023-01-25T12:50:00
usr_033,prob_dyn_3_020,dynamic_programming,3,1,901,4,2023-01-26T00:33:00
usr_033,prob_tre_1_040,trees,1,1,245,1,2023-01-26T09:59:00
usr_033,prob_sor_1_023,sorting,1,1,306,2,2023-01-26T18:23:00
usr_033,prob_rec_1_017,recursion,1,1,258,2,2023-01-27T16:52:00
usr_033,prob_gra_1_055,graphs,1,1,180,2,2023-01-28T11:44:00
usr_033,prob_gra_3_083,graphs,3,1,883,4,2023-01-28T16:54:00
usr_033,prob_bas_2_011,basics,2,1,552,3,2023-01-29T06:52:00
usr_033,prob_gra_2_065,graphs,2,1,919,2,2023-01-29T23:49:00
usr_033,prob_bas_3_045,basics,3,1,1362,5,2023-01-30T12:33:00
usr_033,prob_dyn_3_013,dynamic_programming,3,0,869,4,2023-01-31T03:49:00
usr_033,prob_arr_3_018,arrays,3,1,794,3,2023-01-31T10:59:00
usr_033,prob_str_2_053,strings,2,1,400,2,2023-01-31T16:21:00
usr_033,prob_str_2_084,strings,2,1,373,2,2023-02-01T16:03:00
usr_033,prob_rec_2_097,recursion,2,1,231,2,2023-02-02T12:00:00
usr_033,prob_bas_2_053,basics,2,1,305,1,2023-02-02T17:42:00
usr_033,prob_sea_3_050,searching,3,1,643,4,2023-02-02T17:50:00
usr_033,prob_rec_1_084,recursion,1,1,138,1,2023-02-02T18:10:00
usr_033,prob_rec_3_043,recursion,3,1,591,3,2023-02-03T04:17:00
usr_034,prob_sor_3_087,sorting,3,1,922,11,2023-01-01T13:05:00
usr_034,prob_arr_2_059,arrays,2,0,513,9,2023-01-02T11:42:00
usr_034,prob_sor_1_026,sorting,1,1,179,3,2023-01-03T00:57:00
usr_034,prob_sor_1_005,sorting,1,0,398,4,2023-01-04T00:46:00
usr_034,prob_dyn_3_057,dynamic_programming,3,1,618,11,2023-01-04T08:34:00
usr_034,prob_str_2_082,strings,2,1,316,7,2023-01-05T01:51:00
usr_034,prob_sor_3_077,sorting,3,0,1466,12,2023-01-05T13:20:00
usr_034,prob_gra_3_054,graphs,3,0,642,12,2023-01-06T11:19:00
usr_034,prob_sor_1_048,sorting,1,1,225,4,2023-01-07T05:41:00
usr_034,prob_gra_1_064,graphs,1,1,224,4,2023-01-08T00:36:00
usr_034,prob_str_1_081,strings,1,0,177,5,2023-01-08T18:50:00
usr_034,prob_sor_3_037,sorting,3,0,679,12,2023-01-09T10:57:00
usr_034,prob_gra_2_049,graphs,2,1,448,5,2023-01-09T11:55:00
usr_034,prob_dyn_1_006,dynamic_programming,1,1,185,2,2023-01-10T01:04:00
usr_034,prob_rec_3_054,recursion,3,0,997,11,2023-01-10T17:08:00
usr_034,prob_tre_2_011,trees,2,0,526,6,2023-01-11T06:36:00
usr_034,prob_gra_1_037,graphs,1,1,147,3,2023-01-11T23:14:00
usr_034,prob_tre_2_010,trees,2,1,392,6,2023-01-12T00:43:00
usr_034,prob_sor_2_005,sorting,2,1,357,5,2023-01-12T05:35:00
usr_034,prob_gra_1_011,graphs,1,1,180,3,2023-01-12T06:27:00
usr_034,prob_gra_2_041,graphs,2,0,402,6,2023-01-12T20:03:00
usr_034,prob_arr_1_076,arrays,1,1,142,3,2023-01-13T01:02:00
usr_034,prob_tre_2_053,trees,2,0,398,8,2023-01-13T16:55:00
usr_034,prob_gra_1_008,graphs,1,1,127,3,2023-01-14T14:03:00
usr_034,prob_sea_3_017,searching,3,0,791,10,2023-01-15T05:06:00
usr_034,prob_sea_1_048,searching,1,0,182,3,2023-01-15T07:55:00
usr_034,prob_gra_3_041,graphs,3,0,709,9,2023-01-16T02:23:00
usr_034,prob_dyn_1_004,dynamic_programming,1,0,198,4,2023-01-16T09:01:00
usr_034,prob_bas_1_080,basics,1,1,222,2,2023-01-17T07:45:00
usr_034,prob_sea_2_083,searching,2,1,412,4,2023-01-17T12:59:00
usr_034,prob_arr_1_028,arrays,1,0,214,4,2023-01-18T09:23:00
usr_034,prob_dyn_1_016,dynamic_programming,1,1,169,3,2023-01-19T05:48:00
usr_034,prob_bas_3_015,basics,3,1,701,8,2023-01-19T14:07:00
usr_034,prob_str_3_087,strings,3,0,720,9,2023-01-20T06:00:00
usr_034,prob_sor_3_013,sorting,3,0,519,9,2023-01-20T06:58:00
usr_034,prob_arr_2_006,arrays,2,0,391,6,2023-01-20T20:55:00
usr_034,prob_dyn_1_006,dynamic_programming,1,0,111,3,2023-01-21T02:41:00
usr_034,prob_rec_2_019,recursion,2,1,295,5,2023-01-21T14:19:00
usr_034,prob_sea_2_081,searching,2,0,336,6,2023-01-21T23:46:00
usr_034,prob_bas_2_054,basics,2,0,204,7,2023-01-22T04:05:00
usr_034,prob_str_1_006,strings,1,1,103,2,2023-01-22T19:11:00
usr_034,prob_dyn_1_089,dynamic_programming,1,1,256,1,2023-01-23T06:47:00
usr_034,prob_gra_2_047,graphs,2,1,216,4,2023-01-24T02:28:00
usr_034,prob_str_3_081,strings,3,0,753,9,2023-01-24T15:28:00
usr_034,prob_str_2_050,strings,2,1,337,4,2023-01-24T21:05:00
usr_034,prob_arr_1_085,arrays,1,0,130,2,2023-01-25T17:56:00
usr_034,prob_rec_1_024,recursion,1,0,96,3,2023-01-26T04:40:00
usr_034,prob_sor_3_079,sorting,3,1,819,6,2023-01-26T08:25:00
usr_034,prob_str_3_093,strings,3,1,992,7,2023-01-27T00:11:00
usr_034,prob_tre_2_043,trees,2,0,199,5,2023-01-27T05:28:00
usr_034,prob_tre_3_036,trees,3,0,475,7,2023-01-28T05:06:00
usr_034,prob_rec_3_084,recursion,3,0,426,7,2023-01-28T08:11:00
usr_034,prob_bas_3_066,basics,3,1,669,5,2023-01-29T04:22:00
usr_034,prob_gra_1_057,graphs,1,1,124,2,2023-01-29T16:57:00
usr_034,prob_rec_3_038,recursion,3,1,429,5,2023-01-29T22:30:00
usr_034,prob_arr_1_051,arrays,1,1,142,2,2023-01-30T17:19:00
usr_034,prob_tre_1_008,trees,1,1,106,1,2023-01-31T04:59:00
usr_034,prob_dyn_1_055,dynamic_programming,1,1,106,1,2023-02-01T04:19:00
usr_034,prob_gra_3_048,graphs,3,0,321,6,2023-02-01T17:07:00
usr_034,prob_arr_3_019,arrays,3,0,405,6,2023-02-02T15:06:00
usr_034,prob_bas_2_077,basics,2,1,180,2,2023-02-03T06:27:00
usr_034,prob_tre_2_028,trees,2,1,234,3,2023-02-03T17:56:00
usr_034,prob_tre_3_016,trees,3,0,658,5,2023-02-04T00:00:00
usr_034,prob_arr_3_004,arrays,3,1,336,5,2023-02-04T03:30:00
usr_034,prob_bas_2_039,basics,2,1,203,3,2023-02-05T01:16:00
usr_034,prob_bas_2_055,basics,2,1,260,2,2023-02-05T09:05:00
usr_034,prob_bas_2_049,basics,2,1,166,3,2023-02-05T20:56:00
usr_034,prob_rec_2_001,recursion,2,1,176,2,2023-02-06T12:58:00
usr_034,prob_str_2_070,strings,2,1,162,2,2023-02-06T23:54:00
usr_034,prob_str_3_041,strings,3,1,295,3,2023-02-07T00:48:00
usr_034,prob_bas_1_036,basics,1,1,92,1,2023-02-08T00:01:00
usr_034,prob_arr_2_005,arrays,2,1,241,2,2023-02-08T06:53:00
usr_034,prob_sor_1_095,sorting,1,1,70,1,2023-02-08T11:13:00
usr_035,prob_dyn_3_032,dynamic_programming,3,0,1113,11,2023-01-01T13:33:00
usr_035,prob_bas_3_048,basics,3,1,1679,9,2023-01-02T07:30:00
usr_035,prob_str_3_075,strings,3,1,1113,10,2023-01-03T03:12:00
usr_035,prob_rec_1_047,recursion,1,1,235,2,2023-01-03T07:06:00
usr_035,prob_rec_1_057,recursion,1,1,209,2,2023-01-03T10:27:00
usr_035,prob_bas_1_012,basics,1,1,284,3,2023-01-03T21:47:00
usr_035,prob_gra_2_067,graphs,2,1,505,5,2023-01-04T21:24:00
usr_035,prob_arr_1_053,arrays,1,1,146,3,2023-01-05T19:32:00
usr_035,prob_sea_2_085,searching,2,1,373,4,2023-01-06T05:49:00
usr_035,prob_bas_1_081,basics,1,1,291,2,2023-01-06T22:28:00
usr_035,prob_sor_1_021,sorting,1,1,235,3,2023-01-07T15:39:00
usr_035,prob_bas_1_081,basics,1,0,235,5,2023-01-08T06:04:00
usr_035,prob_dyn_2_067,dynamic_programming,2,1,475,5,2023-01-08T12:09:00
usr_035,prob_rec_1_068,recursion,1,1,262,2,2023-01-09T04:21:00
usr_035,prob_rec_3_100,recursion,3,1,577,7,2023-01-10T01:05:00
usr_035,prob_bas_3_053,basics,3,0,904,9,2023-01-10T09:16:00
usr_035,prob_bas_3_011,basics,3,0,914,9,2023-01-10T15:27:00
usr_035,prob_bas_3_005,basics,3,1,956,7,2023-01-11T02:37:00
usr_035,prob_sea_2_031,searching,2,1,671,5,2023-01-11T14:12:00
usr_035,prob_sor_2_057,sorting,2,0,240,5,2023-01-11T20:09:00
usr_035,prob_arr_1_092,arrays,1,1,196,2,2023-01-12T13:37:00
usr_035,prob_sea_1_032,searching,1,1,186,2,2023-01-13T11:32:00
usr_035,prob_str_1_040,strings,1,1,125,1,2023-01-13T20:23:00
usr_035,prob_arr_3_015,arrays,3,0,487,8,2023-01-13T21:56:00
usr_035,prob_arr_3_051,arrays,3,1,972,6,2023-01-14T01:14:00
usr_035,prob_arr_3_011,arrays,3,0,423,9,2023-01-14T18:17:00
usr_035,prob_arr_3_056,arrays,3,0,767,9,2023-01-15T04:57:00
usr_035,prob_bas_1_079,basics,1,1,177,1,2023-01-15T13:45:00
usr_035,prob_gra_1_049,graphs,1,1,156,1,2023-01-15T21:36:00
usr_035,prob_dyn_1_052,dynamic_programming,1,1,185,2,2023-01-16T12:14:00
usr_035,prob_sor_1_036,sorting,1,1,91,1,2023-01-17T07:25:00
usr_035,prob_dyn_1_082,dynamic_programming,1,1,132,2,2023-01-17T17:48:00
usr_035,prob_bas_1_086,basics,1,1,81,2,2023-01-18T11:56:00
usr_035,prob_gra_2_021,graphs,2,1,319,2,2023-01-18T21:43:00
usr_035,prob_dyn_3_089,dynamic_programming,3,1,353,5,2023-01-19T02:46:00
usr_035,prob_bas_2_086,basics,2,1,246,3,2023-01-19T04:00:00
usr_035,prob_tre_2_037,trees,2,1,190,3,2023-01-19T07:12:00
usr_035,prob_sea_1_100,searching,1,1,98,1,2023-01-19T07:31:00
usr_035,prob_sea_3_012,searching,3,1,721,4,2023-01-19T15:42:00
usr_035,prob_rec_2_031,recursion,2,1,200,3,2023-01-19T23:55:00
usr_035,prob_sea_2_053,searching,2,1,237,3,2023-01-20T19:38:00
usr_035,prob_dyn_1_078,dynamic_programming,1,1,125,2,2023-01-20T22:53:00
usr_035,prob_tre_2_092,trees,2,1,202,3,2023-01-21T08:15:00
usr_035,prob_str_1_022,strings,1,1,126,1,2023-01-22T03:01:00
usr_035,prob_dyn_3_048,dynamic_programming,3,0,330,6,2023-01-22T05:41:00
usr_035,prob_rec_1_100,recursion,1,1,97,1,2023-01-22T18:25:00
usr_035,prob_tre_3_067,trees,3,1,353,3,2023-01-23T17:55:00
usr_035,prob_dyn_1_078,dynamic_programming,1,1,73,1,2023-01-24T09:23:00
usr_035,prob_sor_1_099,sorting,1,1,90,1,2023-01-24T15:44:00
usr_035,prob_str_2_023,strings,2,1,176,1,2023-01-24T20:24:00
usr_035,prob_dyn_1_058,dynamic_programming,1,1,45,1,2023-01-25T04:45:00
usr_036,prob_tre_2_068,trees,2,1,302,5,2023-01-01T08:42:00
usr_036,prob_bas_3_094,basics,3,0,723,10,2023-01-02T03:42:00
usr_036,prob_arr_2_019,arrays,2,0,290,7,2023-01-02T07:45:00
usr_036,prob_arr_2_065,arrays,2,1,218,5,2023-01-02T09:09:00
usr_036,prob_tre_3_029,trees,3,0,434,9,2023-01-02T14:53:00
usr_036,prob_sor_2_029,sorting,2,1,260,4,2023-01-02T19:31:00
usr_036,prob_bas_1_045,basics,1,1,175,2,2023-01-03T16:00:00
usr_036,prob_str_2_040,strings,2,0,423,5,2023-01-03T23:02:00
usr_036,prob_rec_1_100,recursion,1,1,140,2,2023-01-04T11:46:00
usr_036,prob_str_2_068,strings,2,1,244,5,2023-01-05T10:40:00
usr_036,prob_dyn_3_019,dynamic_programming,3,1,398,7,2023-01-06T04:55:00
usr_036,prob_arr_1_069,arrays,1,1,199,1,2023-01-06T08:21:00
usr_036,prob_arr_3_074,arrays,3,1,644,6,2023-01-06T10:41:00
usr_036,prob_bas_1_072,basics,1,1,145,1,2023-01-06T19:18:00
usr_036,prob_arr_1_043,arrays,1,1,134,2,2023-01-07T04:00:00
usr_036,prob_rec_3_055,recursion,3,1,570,6,2023-01-07T20:05:00
usr_036,prob_arr_1_083,arrays,1,1,95,1,2023-01-08T03:16:00
usr_036,prob_rec_1_027,recursion,1,1,113,1,2023-01-08T05:38:00
usr_036,prob_sea_1_049,searching,1,1,91,2,2023-01-08T13:02:00
usr_036,prob_rec_2_017,recursion,2,1,294,3,2023-01-08T20:39:00
usr_036,prob_gra_2_019,graphs,2,1,235,3,2023-01-09T18:22:00
usr_036,prob_dyn_2_093,dynamic_programming,2,1,160,4,2023-01-10T04:42:00
usr_036,prob_sea_2_088,searching,2,1,211,4,2023-01-10T05:09:00
usr_036,prob_str_3_099,strings,3,0,488,6,2023-01-10T13:48:00
usr_036,prob_arr_2_033,arrays,2,1,191,4,2023-01-11T11:04:00
usr_036,prob_tre_1_030,trees,1,1,152,1,2023-01-11T11:58:00
usr_036,prob_str_3_026,strings,3,1,682,5,2023-01-12T06:54:00
usr_036,prob_tre_2_060,trees,2,1,303,4,2023-01-13T06:29:00
usr_036,prob_tre_2_035,trees,2,1,215,4,2023-01-13T22:29:00
usr_036,prob_tre_1_016,trees,1,1,117,2,2023-01-14T04:40:00
usr_036,prob_arr_1_099,arrays,1,1,50,1,2023-01-14T15:01:00
usr_036,prob_bas_2_023,basics,2,1,230,2,2023-01-14T21:25:00
usr_036,prob_gra_2_086,graphs,2,1,172,2,2023-01-14T23:36:00
usr_036,prob_sor_3_046,sorting,3,1,271,6,2023-01-15T00:35:00
usr_036,prob_bas_3_055,basics,3,0,504,7,2023-01-15T22:41:00
usr_036,prob_bas_1_001,basics,1,1,72,2,2023-01-16T07:39:00
usr_036,prob_arr_2_053,arrays,2,1,139,2,2023-01-16T13:57:00
usr_036,prob_tre_2_027,trees,2,1,204,2,2023-01-17T05:29:00
usr_036,prob_rec_2_095,recursion,2,1,102,2,2023-01-18T02:35:00
usr_036,prob_tre_1_053,trees,1,1,113,1,2023-01-18T12:20:00
usr_036,prob_dyn_3_091,dynamic_programming,3,1,216,5,2023-01-19T09:54:00
usr_036,prob_gra_2_087,graphs,2,1,114,3,2023-01-19T14:25:00
usr_036,prob_tre_3_078,trees,3,1,349,5,2023-01-19T20:55:00
usr_036,prob_arr_2_027,arrays,2,1,125,3,2023-01-20T12:39:00
usr_036,prob_gra_3_012,graphs,3,1,258,5,2023-01-21T11:04:00
usr_036,prob_sea_1_013,searching,1,1,63,1,2023-01-22T09:38:00
usr_036,prob_arr_1_054,arrays,1,1,80,1,2023-01-23T03:57:00
usr_036,prob_sea_3_007,searching,3,0,318,5,2023-01-23T16:22:00
usr_036,prob_gra_1_061,graphs,1,1,85,1,2023-01-24T09:46:00
usr_036,prob_bas_2_007,basics,2,1,360,1,2023-01-25T07:27:00
usr_036,prob_tre_2_075,trees,2,1,103,1,2023-01-25T17:34:00
usr_036,prob_dyn_1_027,dynamic_programming,1,1,31,1,2023-01-26T05:26:00
usr_036,prob_dyn_1_076,dynamic_programming,1,1,54,1,2023-01-26T13:34:00
usr_036,prob_bas_3_015,basics,3,1,208,4,2023-01-26T16:19:00
usr_036,prob_tre_3_017,trees,3,1,257,4,2023-01-27T04:41:00
usr_036,prob_bas_3_052,basics,3,1,261,4,2023-01-27T19:54:00
usr_036,prob_dyn_2_035,dynamic_programming,2,1,147,2,2023-01-28T07:02:00
usr_036,prob_str_2_076,strings,2,1,148,1,2023-01-28T17:56:00
usr_036,prob_sor_1_052,sorting,1,1,39,1,2023-01-29T01:57:00
usr_036,prob_sea_2_088,searching,2,1,114,1,2023-01-29T13:47:00
usr_036,prob_tre_2_065,trees,2,1,92,1,2023-01-30T09:34:00
usr_036,prob_gra_2_100,graphs,2,1,77,1,2023-01-30T23:14:00
usr_036,prob_str_1_014,strings,1,1,55,1,2023-01-31T03:10:00
usr_036,prob_bas_2_012,basics,2,1,59,1,2023-01-31T14:07:00
usr_037,prob_bas_3_046,basics,3,0,2508,12,2023-01-01T15:18:00
usr_037,prob_tre_3_088,trees,3,0,1484,11,2023-01-02T02:22:00
usr_037,prob_str_2_071,strings,2,0,1319,8,2023-01-02T04:10:00
usr_037,prob_tre_3_048,trees,3,0,2353,13,2023-01-02T06:03:00
usr_037,prob_arr_2_011,arrays,2,0,713,7,2023-01-02T13:00:00
usr_037,prob_dyn_2_033,dynamic_programming,2,0,1207,8,2023-01-03T00:01:00
usr_037,prob_arr_1_005,arrays,1,1,702,4,2023-01-03T07:14:00
usr_037,prob_str_3_047,strings,3,0,1500,12,2023-01-03T18:12:00
usr_037,prob_tre_1_004,trees,1,1,739,3,2023-01-03T23:51:00
usr_037,prob_str_2_098,strings,2,1,727,6,2023-01-04T16:32:00
usr_037,prob_bas_3_022,basics,3,0,1399,12,2023-01-05T04:26:00
usr_037,prob_tre_2_043,trees,2,1,1094,6,2023-01-05T15:07:00
usr_037,prob_tre_1_016,trees,1,1,600,2,2023-01-05T18:39:00
usr_037,prob_tre_2_040,trees,2,0,694,7,2023-01-06T03:40:00
usr_037,prob_sea_2_031,searching,2,0,1088,6,2023-01-06T11:01:00
usr_037,prob_str_3_012,strings,3,0,2332,9,2023-01-06T21:36:00
usr_037,prob_sor_1_038,sorting,1,1,681,2,2023-01-07T16:54:00
usr_037,prob_sor_3_035,sorting,3,0,1469,10,2023-01-08T06:07:00
usr_037,prob_tre_1_071,trees,1,1,566,3,2023-01-08T13:36:00
usr_037,prob_bas_2_086,basics,2,1,621,4,2023-01-09T03:28:00
usr_037,prob_sor_3_080,sorting,3,1,1758,8,2023-01-09T13:50:00
usr_037,prob_str_1_095,strings,1,1,482,2,2023-01-10T11:35:00
usr_037,prob_str_2_057,strings,2,1,665,5,2023-01-10T21:59:00
usr_037,prob_tre_2_093,trees,2,0,1021,5,2023-01-11T07:59:00
usr_037,prob_bas_1_020,basics,1,1,478,3,2023-01-12T02:09:00
usr_037,prob_tre_3_086,trees,3,0,1498,8,2023-01-12T20:00:00
usr_037,prob_tre_3_013,trees,3,0,1792,9,2023-01-12T22:56:00
usr_037,prob_sea_3_090,searching,3,1,1258,8,2023-01-13T03:38:00
usr_037,prob_rec_1_028,recursion,1,1,421,2,2023-01-13T06:19:00
usr_037,prob_sor_2_002,sorting,2,1,1134,3,2023-01-13T07:37:00
usr_037,prob_rec_1_025,recursion,1,1,439,2,2023-01-13T19:24:00
usr_037,prob_sor_1_022,sorting,1,1,226,1,2023-01-14T07:34:00
usr_037,prob_bas_2_037,basics,2,1,638,3,2023-01-15T06:59:00
usr_037,prob_dyn_3_025,dynamic_programming,3,0,1570,8,2023-01-15T17:56:00
usr_037,prob_bas_2_014,basics,2,1,467,4,2023-01-16T09:41:00
usr_037,prob_tre_2_034,trees,2,0,677,5,2023-01-16T15:30:00
usr_037,prob_tre_1_097,trees,1,1,293,1,2023-01-17T02:10:00
usr_037,prob_bas_1_089,basics,1,1,351,2,2023-01-17T15:28:00
usr_037,prob_str_3_048,strings,3,0,1208,7,2023-01-18T07:20:00
usr_037,prob_sea_2_083,searching,2,1,584,3,2023-01-18T12:48:00
usr_037,prob_dyn_2_016,dynamic_programming,2,1,400,2,2023-01-19T07:29:00
usr_037,prob_sea_1_058,searching,1,1,401,1,2023-01-19T19:46:00
usr_037,prob_bas_2_044,basics,2,1,525,3,2023-01-19T20:11:00
usr_037,prob_dyn_3_080,dynamic_programming,3,0,1260,6,2023-01-20T05:46:00
usr_037,prob_arr_2_018,arrays,2,1,583,3,2023-01-21T02:18:00
usr_037,prob_bas_3_048,basics,3,0,1702,6,2023-01-21T09:56:00
usr_037,prob_arr_3_082,arrays,3,1,947,5,2023-01-21T19:21:00
usr_037,prob_sor_1_023,sorting,1,1,216,2,2023-01-22T00:19:00
usr_037,prob_sor_2_069,sorting,2,1,365,2,2023-01-22T21:22:00
usr_037,prob_bas_1_019,basics,1,1,202,1,2023-01-23T08:52:00
usr_037,prob_bas_3_091,basics,3,0,1005,5,2023-01-23T12:47:00
usr_037,prob_bas_2_035,basics,2,1,379,2,2023-01-23T14:23:00
usr_037,prob_str_3_085,strings,3,1,645,4,2023-01-24T07:41:00
usr_038,prob_str_1_066,strings,1,0,291,4,2023-01-01T09:12:00
usr_038,prob_tre_2_016,trees,2,1,567,6,2023-01-01T12:07:00
usr_038,prob_arr_2_042,arrays,2,1,330,6,2023-01-02T08:13:00
usr_038,prob_bas_2_034,basics,2,1,396,5,2023-01-02T17:55:00
usr_038,prob_dyn_3_029,dynamic_programming,3,1,1082,9,2023-01-03T09:42:00
usr_038,prob_gra_1_009,graphs,1,1,227,2,2023-01-03T23:20:00
usr_038,prob_gra_1_017,graphs,1,0,280,5,2023-01-04T04:25:00
usr_038,prob_dyn_1_033,dynamic_programming,1,1,456,2,2023-01-04T05:20:00
usr_038,prob_rec_1_099,recursion,1,1,242,2,2023-01-04T05:49:00
usr_038,prob_sea_2_079,searching,2,0,485,7,2023-01-04T07:30:00
usr_038,prob_arr_3_089,arrays,3,1,688,7,2023-01-04T08:29:00
usr_038,prob_bas_3_071,basics,3,1,778,7,2023-01-05T07:08:00
usr_038,prob_tre_3_065,trees,3,1,819,7,2023-01-05T21:23:00
usr_038,prob_dyn_3_009,dynamic_programming,3,1,638,8,2023-01-06T05:37:00
usr_038,prob_dyn_3_075,dynamic_programming,3,1,963,7,2023-01-07T00:15:00
usr_038,prob_rec_2_094,recursion,2,1,355,4,2023-01-07T11:20:00
usr_038,prob_bas_1_039,basics,1,1,239,3,2023-01-07T20:23:00
usr_038,prob_sor_3_045,sorting,3,0,576,9,2023-01-08T11:56:00
usr_038,prob_gra_2_025,graphs,2,1,447,4,2023-01-08T13:07:00
usr_038,prob_dyn_2_022,dynamic_programming,2,1,290,5,2023-01-08T23:18:00
usr_038,prob_rec_1_017,recursion,1,1,167,3,2023-01-09T21:49:00
usr_038,prob_tre_1_079,trees,1,1,213,1,2023-01-10T11:15:00
usr_038,prob_arr_1_041,arrays,1,1,159,2,2023-01-11T04:02:00
usr_038,prob_sea_3_074,searching,3,1,720,6,2023-01-11T04:53:00
usr_038,prob_gra_2_098,graphs,2,1,274,4,2023-01-11T16:48:00
usr_038,prob_sea_1_001,searching,1,1,131,2,2023-01-12T16:40:00
usr_038,prob_str_3_053,strings,3,0,601,7,2023-01-13T04:20:00
usr_038,prob_gra_2_043,graphs,2,1,442,4,2023-01-13T10:49:00
usr_038,prob_bas_1_100,basics,1,1,202,2,2023-01-13T12:38:00
usr_038,prob_gra_2_089,graphs,2,1,468,3,2023-01-13T23:09:00
usr_038,prob_sor_2_067,sorting,2,1,267,4,2023-01-14T17:06:00
usr_038,prob_dyn_3_100,dynamic_programming,3,1,615,7,2023-01-15T12:54:00
usr_038,prob_sor_2_058,sorting,2,1,574,3,2023-01-16T03:16:00
usr_038,prob_arr_3_021,arrays,3,1,819,6,2023-01-16T16:23:00
usr_038,prob_dyn_2_025,dynamic_programming,2,1,295,3,2023-01-16T17:36:00
usr_038,prob_dyn_2_056,dynamic_programming,2,1,342,3,2023-01-17T09:12:00
usr_038,prob_gra_1_026,graphs,1,1,142,1,2023-01-18T00:09:00
usr_038,prob_arr_3_071,arrays,3,1,524,6,2023-01-18T15:49:00
usr_038,prob_gra_2_022,graphs,2,1,349,3,2023-01-18T19:55:00
usr_038,prob_bas_2_035,basics,2,1,279,3,2023-01-19T05:58:00
usr_038,prob_rec_1_069,recursion,1,1,283,1,2023-01-20T03:31:00
usr_038,prob_dyn_2_087,dynamic_programming,2,1,350,2,2023-01-20T10:07:00
usr_038,prob_sor_2_062,sorting,2,1,367,2,2023-01-21T04:03:00
usr_038,prob_gra_1_013,graphs,1,1,162,2,2023-01-21T19:55:00
usr_038,prob_sea_2_068,searching,2,1,450,2,2023-01-22T13:45:00
usr_038,prob_gra_3_082,graphs,3,0,653,6,2023-01-22T20:37:00
usr_038,prob_bas_1_001,basics,1,1,91,2,2023-01-23T14:41:00
usr_038,prob_rec_2_095,recursion,2,1,137,3,2023-01-24T10:01:00
usr_038,prob_tre_1_060,trees,1,1,194,2,2023-01-25T02:18:00
usr_038,prob_rec_2_076,recursion,2,1,195,3,2023-01-25T04:53:00
usr_038,prob_arr_3_020,arrays,3,0,411,5,2023-01-26T01:06:00
usr_038,prob_dyn_1_041,dynamic_programming,1,1,73,2,2023-01-26T05:10:00
usr_038,prob_str_2_089,strings,2,1,180,3,2023-01-26T16:08:00
usr_038,prob_tre_2_060,trees,2,1,235,3,2023-01-27T15:55:00
usr_038,prob_str_1_087,strings,1,1,124,1,2023-01-28T06:14:00
usr_038,prob_rec_3_028,recursion,3,1,864,3,2023-01-28T07:34:00
usr_038,prob_sor_2_056,sorting,2,1,236,2,2023-01-28T18:26:00
usr_038,prob_str_1_044,strings,1,1,73,1,2023-01-29T14:53:00
usr_038,prob_gra_1_023,graphs,1,1,95,1,2023-01-29T18:56:00
usr_038,prob_gra_1_012,graphs,1,1,82,1,2023-01-29T23:56:00
usr_038,prob_str_1_099,strings,1,1,202,1,2023-01-30T14:22:00
usr_038,prob_arr_2_087,arrays,2,1,344,1,2023-01-30T22:13:00
usr_038,prob_tre_2_037,trees,2,1,209,1,2023-01-31T10:55:00
usr_038,prob_sea_3_067,searching,3,1,423,4,2023-01-31T23:56:00
usr_038,prob_rec_3_090,recursion,3,0,345,4,2023-02-01T15:42:00
usr_038,prob_gra_2_040,graphs,2,1,142,2,2023-02-02T04:09:00
usr_038,prob_bas_1_095,basics,1,1,73,1,2023-02-03T00:52:00
usr_039,prob_gra_3_008,graphs,3,0,1655,14,2023-01-01T01:46:00
usr_039,prob_sor_1_074,sorting,1,0,516,5,2023-01-01T10:32:00
usr_039,prob_sea_1_045,searching,1,1,494,4,2023-01-01T17:53:00
usr_039,prob_bas_2_022,basics,2,0,1177,8,2023-01-01T21:48:00
usr_039,prob_sea_1_099,searching,1,1,558,4,2023-01-02T20:56:00
usr_039,prob_dyn_2_067,dynamic_programming,2,0,1110,8,2023-01-02T22:13:00
usr_039,prob_str_1_043,strings,1,0,449,4,2023-01-03T13:01:00
usr_039,prob_sor_2_084,sorting,2,0,1143,9,2023-01-04T04:49:00
usr_039,prob_dyn_2_076,dynamic_programming,2,0,1651,10,2023-01-04T16:59:00
usr_039,prob_str_1_083,strings,1,0,427,5,2023-01-04T22:54:00
usr_039,prob_bas_3_060,basics,3,0,1729,13,2023-01-05T00:18:00
usr_039,prob_dyn_2_007,dynamic_programming,2,1,1130,6,2023-01-05T04:53:00
usr_039,prob_dyn_3_063,dynamic_programming,3,0,1363,13,2023-01-05T12:20:00
usr_039,prob_gra_1_094,graphs,1,1,639,3,2023-01-06T01:43:00
usr_039,prob_sea_3_046,searching,3,0,2075,13,2023-01-06T19:36:00
usr_039,prob_dyn_2_067,dynamic_programming,2,1,1132,7,2023-01-07T13:30:00
usr_039,prob_sea_2_080,searching,2,1,692,6,2023-01-07T16:59:00
usr_039,prob_sor_3_072,sorting,3,0,2501,11,2023-01-08T13:06:00
usr_039,prob_dyn_3_030,dynamic_programming,3,0,2313,12,2023-01-09T02:25:00
usr_039,prob_dyn_1_083,dynamic_programming,1,0,641,5,2023-01-09T09:43:00
usr_039,prob_rec_1_068,recursion,1,1,447,4,2023-01-09T16:43:00
usr_039,prob_str_1_081,strings,1,0,415,6,2023-01-10T08:22:00
usr_039,prob_tre_3_063,trees,3,0,2058,12,2023-01-10T20:34:00
usr_039,prob_bas_2_029,basics,2,0,1059,8,2023-01-11T07:29:00
usr_039,prob_dyn_1_046,dynamic_programming,1,0,387,4,2023-01-11T22:50:00
usr_039,prob_tre_1_074,trees,1,0,836,3,2023-01-12T01:04:00
usr_039,prob_rec_3_011,recursion,3,0,2630,12,2023-01-12T19:47:00
usr_039,prob_sor_2_031,sorting,2,1,1360,5,2023-01-13T11:10:00
usr_039,prob_rec_2_050,recursion,2,0,635,7,2023-01-13T20:50:00
usr_039,prob_rec_3_014,recursion,3,0,1212,10,2023-01-13T22:12:00
usr_039,prob_gra_1_055,graphs,1,0,447,3,2023-01-13T22:25:00
usr_039,prob_gra_1_099,graphs,1,0,354,5,2023-01-14T10:28:00
usr_039,prob_dyn_2_032,dynamic_programming,2,0,921,7,2023-01-14T23:07:00
usr_039,prob_arr_1_023,arrays,1,1,503,2,2023-01-15T04:53:00
usr_039,prob_str_1_022,strings,1,1,291,2,2023-01-15T06:56:00
usr_039,prob_str_1_059,strings,1,1,614,3,2023-01-16T04:46:00
usr_039,prob_gra_2_001,graphs,2,1,811,5,2023-01-16T21:25:00
usr_039,prob_str_2_035,strings,2,1,649,4,2023-01-17T02:39:00
usr_039,prob_gra_3_072,graphs,3,0,1865,10,2023-01-17T15:06:00
usr_039,prob_str_2_082,strings,2,1,545,5,2023-01-18T03:37:00
usr_039,prob_tre_1_099,trees,1,0,456,4,2023-01-18T17:44:00
usr_039,prob_arr_1_009,arrays,1,1,367,3,2023-01-19T11:29:00
usr_039,prob_gra_3_013,graphs,3,0,1138,10,2023-01-20T03:31:00
usr_039,prob_sor_3_004,sorting,3,0,1709,8,2023-01-20T04:24:00
usr_039,prob_arr_2_064,arrays,2,1,775,4,2023-01-20T21:25:00
usr_039,prob_sor_1_031,sorting,1,1,266,3,2023-01-21T10:48:00
usr_039,prob_gra_3_011,graphs,3,0,1445,10,2023-01-21T12:18:00
usr_039,prob_rec_3_050,recursion,3,0,1506,8,2023-01-21T21:50:00
usr_039,prob_bas_1_031,basics,1,1,229,1,2023-01-22T01:43:00
usr_039,prob_rec_3_072,recursion,3,1,1473,7,2023-01-22T09:54:00
usr_039,prob_gra_1_048,graphs,1,1,515,2,2023-01-23T00:00:00
usr_039,prob_gra_2_064,graphs,2,1,551,4,2023-01-23T21:25:00
usr_039,prob_dyn_2_041,dynamic_programming,2,1,1048,4,2023-01-24T14:20:00
usr_039,prob_bas_1_090,basics,1,0,219,2,2023-01-25T07:08:00
usr_039,prob_bas_1_064,basics,1,0,273,3,2023-01-25T21:19:00
usr_039,prob_str_2_006,strings,2,1,701,3,2023-01-26T02:31:00
usr_039,prob_gra_3_089,graphs,3,0,1027,7,2023-01-26T15:35:00
usr_039,prob_rec_1_057,recursion,1,1,299,1,2023-01-26T23:45:00
usr_039,prob_rec_2_028,recursion,2,1,424,3,2023-01-27T06:18:00
usr_039,prob_rec_2_056,recursion,2,1,372,3,2023-01-27T22:22:00
usr_039,prob_bas_2_011,basics,2,1,523,2,2023-01-28T13:31:00
usr_039,prob_rec_1_023,recursion,1,1,246,2,2023-01-29T07:28:00
usr_039,prob_str_2_042,strings,2,1,439,2,2023-01-29T13:42:00
usr_039,prob_bas_2_067,basics,2,0,501,5,2023-01-29T17:37:00
usr_039,prob_str_2_028,strings,2,1,521,3,2023-01-30T01:25:00
usr_039,prob_str_2_031,strings,2,0,465,3,2023-01-30T16:42:00
usr_039,prob_gra_2_022,graphs,2,1,313,2,2023-01-31T04:25:00
usr_039,prob_gra_1_031,graphs,1,0,240,3,2023-01-31T09:24:00
usr_039,prob_sea_1_010,searching,1,1,199,1,2023-01-31T14:30:00
usr_039,prob_sea_3_032,searching,3,1,592,5,2023-01-31T14:57:00
usr_039,prob_tre_2_025,trees,2,1,718,3,2023-01-31T18:31:00
usr_039,prob_sea_2_079,searching,2,1,560,3,2023-01-31T21:46:00
usr_039,prob_arr_1_076,arrays,1,1,208,1,2023-02-01T05:27:00
usr_039,prob_dyn_3_100,dynamic_programming,3,1,914,4,2023-02-01T20:25:00
usr_040,prob_tre_3_086,trees,3,0,3504,15,2023-01-01T21:17:00
usr_040,prob_arr_1_055,arrays,1,0,1387,6,2023-01-02T11:38:00
usr_040,prob_sea_2_028,searching,2,0,1738,10,2023-01-03T01:07:00
usr_040,prob_tre_1_080,trees,1,1,693,4,2023-01-03T18:18:00
usr_040,prob_sor_3_099,sorting,3,0,2256,15,2023-01-04T02:09:00
usr_040,prob_dyn_1_050,dynamic_programming,1,0,607,5,2023-01-04T04:45:00
usr_040,prob_bas_3_012,basics,3,0,2334,15,2023-01-04T23:52:00
usr_040,prob_gra_1_051,graphs,1,1,502,3,2023-01-05T17:38:00
usr_040,prob_arr_3_028,arrays,3,0,4239,14,2023-01-06T00:05:00
usr_040,prob_dyn_3_043,dynamic_programming,3,0,2096,13,2023-01-06T15:48:00
usr_040,prob_gra_1_001,graphs,1,0,967,6,2023-01-06T16:39:00
usr_040,prob_arr_1_058,arrays,1,0,702,5,2023-01-06T23:16:00
usr_040,prob_sea_3_004,searching,3,0,2754,14,2023-01-07T17:24:00
usr_040,prob_str_1_002,strings,1,1,587,3,2023-01-08T14:05:00
usr_040,prob_tre_2_059,trees,2,0,1546,9,2023-01-09T08:35:00
usr_040,prob_rec_1_057,recursion,1,0,658,5,2023-01-10T00:18:00
usr_040,prob_arr_3_035,arrays,3,0,2937,13,2023-01-10T10:48:00
usr_040,prob_sea_2_084,searching,2,0,2172,8,2023-01-10T19:19:00
usr_040,prob_dyn_2_068,dynamic_programming,2,0,1217,7,2023-01-11T13:21:00
usr_040,prob_gra_2_080,graphs,2,0,1145,8,2023-01-12T13:02:00
usr_040,prob_gra_3_085,graphs,3,0,4448,12,2023-01-13T05:32:00
usr_040,prob_arr_1_026,arrays,1,1,859,4,2023-01-13T15:21:00
usr_040,prob_tre_3_053,trees,3,0,3189,13,2023-01-13T16:17:00
usr_040,prob_gra_1_047,graphs,1,1,647,4,2023-01-13T18:47:00
usr_040,prob_arr_2_095,arrays,2,0,1181,7,2023-01-14T17:52:00
usr_040,prob_arr_2_096,arrays,2,0,1346,8,2023-01-15T10:57:00
usr_040,prob_arr_3_092,arrays,3,0,1512,12,2023-01-15T17:02:00
usr_040,prob_sea_1_035,searching,1,1,701,2,2023-01-16T07:42:00
usr_040,prob_gra_2_036,graphs,2,1,1747,6,2023-01-16T09:40:00
usr_040,prob_dyn_3_018,dynamic_programming,3,0,2280,12,2023-01-16T16:36:00
usr_040,prob_gra_1_037,graphs,1,0,430,3,2023-01-17T01:09:00
usr_040,prob_rec_1_030,recursion,1,0,457,4,2023-01-17T04:24:00
usr_040,prob_sor_1_010,sorting,1,0,601,3,2023-01-17T08:43:00
usr_040,prob_arr_3_019,arrays,3,0,3299,9,2023-01-18T08:07:00
usr_040,prob_str_3_063,strings,3,0,1809,10,2023-01-18T12:15:00
usr_040,prob_sor_2_005,sorting,2,1,719,5,2023-01-19T03:45:00
usr_040,prob_sor_1_042,sorting,1,1,383,2,2023-01-20T00:30:00
usr_040,prob_bas_3_056,basics,3,0,2119,10,2023-01-20T17:34:00
usr_040,prob_sor_1_059,sorting,1,0,661,4,2023-01-20T20:18:00
usr_040,prob_tre_3_041,trees,3,0,2349,9,2023-01-21T00:49:00
usr_040,prob_bas_3_082,basics,3,1,1606,7,2023-01-21T18:41:00
usr_040,prob_bas_3_064,basics,3,0,1975,10,2023-01-22T12:24:00
usr_040,prob_tre_3_023,trees,3,0,1871,9,2023-01-22T17:19:00
usr_040,prob_rec_2_014,recursion,2,1,648,5,2023-01-23T00:10:00
usr_040,prob_bas_1_069,basics,1,0,462,5,2023-01-23T21:46:00
usr_040,prob_bas_2_043,basics,2,0,1402,6,2023-01-24T06:43:00
usr_040,prob_gra_1_036,graphs,1,1,275,3,2023-01-24T18:54:00
usr_040,prob_arr_2_040,arrays,2,1,964,4,2023-01-25T17:48:00
usr_040,prob_arr_3_097,arrays,3,1,1783,6,2023-01-26T05:52:00
usr_040,prob_tre_3_029,trees,3,0,1058,8,2023-01-26T12:28:00
usr_040,prob_dyn_3_016,dynamic_programming,3,0,1777,8,2023-01-27T04:47:00
usr_040,prob_gra_2_009,graphs,2,1,636,3,2023-01-27T10:36:00
usr_040,prob_sor_3_099,sorting,3,0,1688,9,2023-01-28T09:45:00
usr_040,prob_gra_2_080,graphs,2,0,834,5,2023-01-29T08:22:00
usr_040,prob_bas_3_016,basics,3,1,2364,6,2023-01-30T03:22:00
usr_040,prob_sor_3_021,sorting,3,0,1044,6,2023-01-31T02:54:00
usr_040,prob_str_2_001,strings,2,0,781,6,2023-02-01T01:22:00
usr_040,prob_tre_2_088,trees,2,1,509,3,2023-02-01T17:54:00
usr_040,prob_bas_1_027,basics,1,0,230,4,2023-02-02T12:04:00
usr_040,prob_gra_1_010,graphs,1,1,300,2,2023-02-03T05:25:00
usr_040,prob_bas_1_020,basics,1,1,362,1,2023-02-03T09:50:00
usr_040,prob_gra_1_061,graphs,1,1,240,1,2023-02-03T19:26:00
usr_040,prob_sor_2_088,sorting,2,1,513,2,2023-02-04T06:51:00
usr_040,prob_bas_1_083,basics,1,1,312,2,2023-02-04T14:16:00
usr_040,prob_bas_3_082,basics,3,0,856,7,2023-02-04T17:09:00
usr_040,prob_str_1_060,strings,1,1,303,1,2023-02-05T16:52:00
usr_040,prob_gra_3_099,graphs,3,0,934,5,2023-02-05T22:53:00
usr_040,prob_tre_1_099,trees,1,0,278,2,2023-02-06T17:10:00
usr_040,prob_arr_2_006,arrays,2,0,365,3,2023-02-06T20:42:00
usr_040,prob_tre_1_059,trees,1,1,194,2,2023-02-07T20:12:00
usr_040,prob_bas_3_099,basics,3,0,1325,6,2023-02-07T21:21:00
usr_040,prob_bas_1_004,basics,1,1,328,1,2023-02-08T07:10:00
usr_041,prob_dyn_2_025,dynamic_programming,2,0,501,7,2023-01-01T16:52:00
usr_041,prob_gra_2_017,graphs,2,1,710,5,2023-01-02T12:47:00
usr_041,prob_str_3_049,strings,3,0,732,10,2023-01-02T18:59:00
usr_041,prob_sea_2_080,searching,2,1,371,5,2023-01-03T04:41:00
usr_041,prob_str_3_094,strings,3,1,729,8,2023-01-03T07:54:00
usr_041,prob_str_2_060,strings,2,0,367,7,2023-01-04T07:44:00
usr_041,prob_tre_1_042,trees,1,1,151,2,2023-01-05T01:38:00
usr_041,prob_tre_3_030,trees,3,1,626,8,2023-01-06T00:06:00
usr_041,prob_tre_3_094,trees,3,0,933,10,2023-01-06T20:36:00
usr_041,prob_sea_3_032,searching,3,0,648,10,2023-01-06T22:18:00
usr_041,prob_gra_2_091,graphs,2,1,413,4,2023-01-07T00:33:00
usr_041,prob_sor_3_095,sorting,3,1,773,7,2023-01-07T08:53:00
usr_041,prob_sor_3_081,sorting,3,1,844,7,2023-01-07T18:42:00
usr_041,prob_sea_3_079,searching,3,0,974,9,2023-01-07T22:12:00
usr_041,prob_tre_1_012,trees,1,1,144,2,2023-01-08T16:48:00
usr_041,prob_sea_2_040,searching,2,1,282,4,2023-01-08T17:47:00
usr_041,prob_sor_3_069,sorting,3,0,849,9,2023-01-09T16:12:00
usr_041,prob_str_3_049,strings,3,1,922,7,2023-01-10T02:47:00
usr_041,prob_rec_3_007,recursion,3,1,598,7,2023-01-10T10:08:00
usr_041,prob_sea_3_009,searching,3,1,541,8,2023-01-10T17:04:00
usr_041,prob_bas_1_077,basics,1,1,149,3,2023-01-11T00:50:00
usr_041,prob_dyn_1_069,dynamic_programming,1,1,184,3,2023-01-11T19:59:00
usr_041,prob_sor_2_082,sorting,2,1,302,4,2023-01-12T17:13:00
usr_041,prob_tre_3_012,trees,3,1,588,6,2023-01-13T00:44:00
usr_041,prob_gra_1_076,graphs,1,1,230,1,2023-01-13T21:33:00
usr_041,prob_rec_1_057,recursion,1,1,192,2,2023-01-14T12:14:00
usr_041,prob_sor_2_053,sorting,2,1,229,3,2023-01-15T10:39:00
usr_041,prob_dyn_1_100,dynamic_programming,1,1,137,2,2023-01-16T07:23:00
usr_041,prob_str_3_038,strings,3,1,735,6,2023-01-17T06:50:00
usr_041,prob_dyn_2_098,dynamic_programming,2,1,250,4,2023-01-18T00:59:00
usr_041,prob_gra_1_080,graphs,1,1,176,2,2023-01-18T04:16:00
usr_041,prob_arr_3_083,arrays,3,1,548,7,2023-01-18T06:50:00
usr_041,prob_str_2_064,strings,2,1,273,3,2023-01-18T16:09:00
usr_041,prob_tre_3_088,trees,3,1,610,6,2023-01-18T17:32:00
usr_041,prob_bas_2_090,basics,2,1,279,3,2023-01-19T04:36:00
usr_041,prob_rec_2_035,recursion,2,1,318,3,2023-01-19T10:15:00
usr_041,prob_dyn_2_033,dynamic_programming,2,1,290,4,2023-01-19T19:30:00
usr_041,prob_gra_3_074,graphs,3,1,593,6,2023-01-20T00:05:00
usr_041,prob_gra_2_008,graphs,2,1,319,3,2023-01-20T15:52:00
usr_041,prob_sea_1_081,searching,1,1,167,2,2023-01-21T12:27:00
usr_041,prob_rec_3_037,recursion,3,1,501,5,2023-01-22T03:09:00
usr_041,prob_sea_3_072,searching,3,0,512,7,2023-01-22T20:30:00
usr_041,prob_dyn_2_037,dynamic_programming,2,1,247,4,2023-01-22T21:37:00
usr_041,prob_sea_2_058,searching,2,1,362,3,2023-01-23T02:28:00
usr_041,prob_str_3_022,strings,3,0,607,8,2023-01-24T01:31:00
usr_041,prob_gra_3_013,graphs,3,1,473,5,2023-01-24T07:38:00
usr_041,prob_arr_3_056,arrays,3,1,531,5,2023-01-24T09:29:00
usr_041,prob_rec_3_092,recursion,3,1,597,5,2023-01-25T01:43:00
usr_041,prob_dyn_1_072,dynamic_programming,1,1,143,2,2023-01-25T08:48:00
usr_041,prob_rec_2_049,recursion,2,1,299,3,2023-01-26T04:22:00
usr_041,prob_bas_3_005,basics,3,0,1059,5,2023-01-26T15:47:00
usr_041,prob_arr_3_021,arrays,3,1,670,4,2023-01-27T06:16:00
usr_041,prob_arr_1_078,arrays,1,1,261,1,2023-01-28T04:13:00
usr_041,prob_sea_3_071,searching,3,1,411,4,2023-01-28T22:50:00
usr_041,prob_tre_1_053,trees,1,1,193,2,2023-01-29T02:28:00
usr_041,prob_sor_2_072,sorting,2,1,270,2,2023-01-29T08:48:00
usr_041,prob_str_2_056,strings,2,1,303,3,2023-01-29T23:04:00
usr_041,prob_sea_2_100,searching,2,1,256,3,2023-01-30T01:24:00
usr_041,prob_arr_1_031,arrays,1,1,101,1,2023-01-30T16:23:00
usr_041,prob_sea_1_014,searching,1,1,30,1,2023-01-30T20:18:00
usr_041,prob_str_1_071,strings,1,1,150,1,2023-01-31T15:44:00
usr_041,prob_sea_1_043,searching,1,1,139,2,2023-02-01T11:05:00
usr_041,prob_arr_3_086,arrays,3,1,408,5,2023-02-02T09:03:00
usr_041,prob_dyn_1_048,dynamic_programming,1,1,106,1,2023-02-02T15:28:00
usr_041,prob_sea_3_020,searching,3,1,488,3,2023-02-02T22:55:00
usr_041,prob_str_2_066,strings,2,1,151,2,2023-02-03T17:41:00
usr_041,prob_sea_3_012,searching,3,0,770,4,2023-02-04T02:22:00
usr_041,prob_bas_2_053,basics,2,1,248,2,2023-02-05T01:50:00
usr_041,prob_dyn_3_090,dynamic_programming,3,0,230,5,2023-02-05T08:43:00
usr_041,prob_arr_2_096,arrays,2,1,145,1,2023-02-06T02:14:00
usr_041,prob_dyn_2_042,dynamic_programming,2,1,162,1,2023-02-06T18:03:00
usr_041,prob_sea_3_028,searching,3,1,283,4,2023-02-06T21:19:00
usr_041,prob_rec_1_009,recursion,1,1,125,1,2023-02-07T17:45:00
usr_041,prob_sor_1_019,sorting,1,1,105,1,2023-02-08T14:39:00
usr_041,prob_tre_2_034,trees,2,1,151,1,2023-02-08T14:51:00
usr_041,prob_tre_3_083,trees,3,1,301,3,2023-02-09T00:34:00
usr_041,prob_arr_3_087,arrays,3,0,226,6,2023-02-09T21:23:00
usr_041,prob_arr_3_077,arrays,3,1,244,2,2023-02-10T00:38:00
usr_041,prob_str_2_081,strings,2,1,170,2,2023-02-10T01:52:00
usr_042,prob_tre_3_081,trees,3,0,3141,12,2023-01-01T05:01:00
usr_042,prob_str_2_089,strings,2,0,657,8,2023-01-01T17:07:00
usr_042,prob_str_2_097,strings,2,1,1741,6,2023-01-02T12:03:00
usr_042,prob_rec_3_069,recursion,3,1,1726,11,2023-01-02T20:32:00
usr_042,prob_arr_1_043,arrays,1,0,577,6,2023-01-03T06:55:00
usr_042,prob_sor_1_011,sorting,1,1,455,3,2023-01-03T10:28:00
usr_042,prob_dyn_2_031,dynamic_programming,2,0,836,7,2023-01-04T01:21:00
usr_042,prob_str_1_076,strings,1,1,523,3,2023-01-05T00:48:00
usr_042,prob_gra_1_018,graphs,1,1,315,3,2023-01-05T05:34:00
usr_042,prob_str_2_073,strings,2,1,833,7,2023-01-05T22:14:00
usr_042,prob_bas_3_084,basics,3,1,1279,11,2023-01-06T11:21:00
usr_042,prob_gra_2_071,graphs,2,0,894,8,2023-01-06T14:01:00
usr_042,prob_sea_1_011,searching,1,1,499,3,2023-01-07T00:21:00
usr_042,prob_gra_3_062,graphs,3,1,1679,10,2023-01-07T17:16:00
usr_042,prob_arr_3_063,arrays,3,1,1620,10,2023-01-08T14:19:00
usr_042,prob_sor_2_083,sorting,2,1,962,6,2023-01-09T13:39:00
usr_042,prob_tre_2_074,trees,2,1,1030,5,2023-01-10T01:03:00
usr_042,prob_gra_1_037,graphs,1,1,349,2,2023-01-10T20:35:00
usr_042,prob_arr_2_086,arrays,2,1,894,6,2023-01-11T04:48:00
usr_042,prob_tre_2_067,trees,2,1,983,6,2023-01-11T19:43:00
usr_042,prob_sor_1_093,sorting,1,1,484,3,2023-01-12T11:42:00
usr_042,prob_tre_3_061,trees,3,0,1091,11,2023-01-12T15:10:00
usr_042,prob_bas_1_042,basics,1,1,550,2,2023-01-13T11:22:00
usr_042,prob_tre_2_036,trees,2,0,1198,7,2023-01-14T01:55:00
usr_042,prob_sea_1_099,searching,1,0,722,4,2023-01-14T17:02:00
usr_042,prob_dyn_3_065,dynamic_programming,3,0,1304,11,2023-01-15T06:52:00
usr_042,prob_rec_2_077,recursion,2,1,1140,6,2023-01-15T17:15:00
usr_042,prob_dyn_1_098,dynamic_programming,1,0,316,3,2023-01-16T02:29:00
usr_042,prob_str_1_095,strings,1,0,479,5,2023-01-16T19:35:00
usr_042,prob_sea_3_002,searching,3,1,1237,9,2023-01-16T21:36:00
usr_042,prob_arr_2_022,arrays,2,1,1082,4,2023-01-17T18:31:00
usr_042,prob_rec_3_025,recursion,3,1,1413,9,2023-01-18T10:38:00
usr_042,prob_sea_2_068,searching,2,1,648,4,2023-01-18T22:38:00
usr_042,prob_dyn_3_020,dynamic_programming,3,0,1426,9,2023-01-19T16:15:00
usr_042,prob_gra_3_003,graphs,3,1,1553,7,2023-01-20T15:56:00
usr_042,prob_sor_2_036,sorting,2,1,718,5,2023-01-21T02:47:00
usr_042,prob_dyn_2_040,dynamic_programming,2,1,514,4,2023-01-22T00:28:00
usr_042,prob_str_3_024,strings,3,0,1294,8,2023-01-22T14:16:00
usr_042,prob_sea_3_042,searching,3,0,1540,10,2023-01-23T10:09:00
usr_042,prob_arr_2_043,arrays,2,1,634,5,2023-01-23T17:04:00
usr_042,prob_sea_3_077,searching,3,1,2395,8,2023-01-24T14:51:00
usr_042,prob_tre_3_042,trees,3,1,1354,8,2023-01-25T09:15:00
usr_042,prob_dyn_3_092,dynamic_programming,3,0,1449,7,2023-01-25T15:11:00
usr_042,prob_str_2_057,strings,2,1,492,4,2023-01-26T00:22:00
usr_042,prob_bas_2_039,basics,2,0,519,4,2023-01-26T02:08:00
usr_042,prob_gra_3_010,graphs,3,1,1306,7,2023-01-26T20:53:00
usr_042,prob_dyn_3_085,dynamic_programming,3,0,1581,8,2023-01-27T02:53:00
usr_042,prob_rec_1_010,recursion,1,1,339,1,2023-01-27T08:05:00
usr_042,prob_tre_2_040,trees,2,1,942,3,2023-01-28T00:31:00
usr_042,prob_bas_3_058,basics,3,1,1144,7,2023-01-28T18:14:00
usr_042,prob_bas_1_039,basics,1,1,213,2,2023-01-29T16:38:00
usr_042,prob_dyn_3_005,dynamic_programming,3,1,1239,6,2023-01-30T02:53:00
usr_042,prob_tre_2_053,trees,2,1,801,4,2023-01-30T17:12:00
usr_042,prob_bas_2_033,basics,2,0,496,6,2023-01-31T01:28:00
usr_042,prob_rec_2_078,recursion,2,1,362,4,2023-01-31T23:51:00
usr_042,prob_str_2_087,strings,2,1,416,3,2023-02-01T18:47:00
usr_042,prob_bas_3_062,basics,3,1,1187,5,2023-02-02T11:36:00
usr_042,prob_rec_3_059,recursion,3,1,2194,6,2023-02-03T06:49:00
usr_042,prob_dyn_2_039,dynamic_programming,2,1,673,3,2023-02-03T20:31:00
usr_042,prob_tre_1_074,trees,1,1,315,1,2023-02-04T19:28:00
usr_042,prob_tre_3_094,trees,3,0,615,7,2023-02-04T19:48:00
usr_042,prob_rec_1_096,recursion,1,1,229,1,2023-02-05T13:24:00
usr_042,prob_sor_3_014,sorting,3,1,1019,5,2023-02-05T16:27:00
usr_042,prob_rec_2_017,recursion,2,1,427,2,2023-02-05T21:50:00
usr_042,prob_tre_2_059,trees,2,1,540,2,2023-02-06T20:46:00
usr_042,prob_sea_2_075,searching,2,1,483,2,2023-02-07T13:39:00
usr_042,prob_tre_3_017,trees,3,1,668,4,2023-02-08T08:47:00
usr_042,prob_gra_1_042,graphs,1,1,244,2,2023-02-08T21:04:00
usr_042,prob_str_2_034,strings,2,1,285,2,2023-02-09T09:13:00
usr_042,prob_arr_2_040,arrays,2,1,433,3,2023-02-09T12:33:00
usr_042,prob_sea_2_078,searching,2,0,395,4,2023-02-09T17:57:00
usr_042,prob_gra_3_082,graphs,3,1,556,3,2023-02-10T09:53:00
usr_042,prob_str_3_100,strings,3,1,519,4,2023-02-10T17:03:00
usr_042,prob_bas_2_040,basics,2,1,368,1,2023-02-11T08:51:00
usr_042,prob_rec_3_088,recursion,3,1,571,4,2023-02-11T22:20:00
usr_042,prob_sor_1_079,sorting,1,1,119,1,2023-02-12T11:59:00
usr_042,prob_rec_1_020,recursion,1,1,210,1,2023-02-13T06:54:00
usr_043,prob_sea_2_059,searching,2,0,1340,10,2023-01-01T16:19:00
usr_043,prob_tre_1_034,trees,1,0,502,5,2023-01-01T23:33:00
usr_043,prob_tre_1_045,trees,1,0,595,4,2023-01-02T05:36:00
usr_043,prob_tre_3_048,trees,3,0,1659,13,2023-01-02T22:28:00
usr_043,prob_str_2_075,strings,2,1,780,6,2023-01-03T22:17:00
usr_043,prob_rec_1_022,recursion,1,0,436,5,2023-01-04T15:06:00
usr_043,prob_bas_1_046,basics,1,0,404,6,2023-01-05T13:11:00
usr_043,prob_gra_1_055,graphs,1,0,1047,5,2023-01-05T21:23:00
usr_043,prob_bas_3_090,basics,3,0,3882,11,2023-01-06T16:21:00
usr_043,prob_dyn_2_039,dynamic_programming,2,1,1718,6,2023-01-07T12:54:00
usr_043,prob_sor_3_096,sorting,3,0,1803,12,2023-01-07T15:51:00
usr_043,prob_sor_1_095,sorting,1,1,555,4,2023-01-07T20:35:00
usr_043,prob_sea_3_022,searching,3,0,1682,11,2023-01-08T14:55:00
usr_043,prob_bas_2_084,basics,2,1,1140,6,2023-01-08T23:36:00
usr_043,prob_tre_3_079,trees,3,0,1518,10,2023-01-09T21:42:00
usr_043,prob_bas_2_062,basics,2,1,938,6,2023-01-10T14:53:00
usr_043,prob_gra_1_063,graphs,1,0,518,5,2023-01-10T19:26:00
usr_043,prob_dyn_1_053,dynamic_programming,1,0,521,4,2023-01-11T04:46:00
usr_043,prob_dyn_1_044,dynamic_programming,1,1,338,3,2023-01-11T11:05:00
usr_043,prob_rec_1_058,recursion,1,0,353,3,2023-01-12T02:37:00
usr_043,prob_gra_1_087,graphs,1,0,481,4,2023-01-12T05:29:00
usr_043,prob_arr_3_009,arrays,3,0,1612,10,2023-01-13T03:10:00
usr_043,prob_gra_1_061,graphs,1,1,515,2,2023-01-13T20:52:00
usr_043,prob_str_3_014,strings,3,0,1761,9,2023-01-14T20:02:00
usr_043,prob_dyn_3_061,dynamic_programming,3,0,1757,11,2023-01-15T14:28:00
usr_043,prob_dyn_3_035,dynamic_programming,3,1,1687,8,2023-01-16T02:01:00
usr_043,prob_arr_1_017,arrays,1,1,442,2,2023-01-16T17:38:00
usr_043,prob_sea_3_043,searching,3,0,1468,8,2023-01-17T03:13:00
usr_043,prob_gra_3_085,graphs,3,0,1547,9,2023-01-17T14:28:00
usr_043,prob_sea_1_058,searching,1,1,414,3,2023-01-17T19:30:00
usr_043,prob_arr_3_070,arrays,3,0,1329,10,2023-01-18T06:07:00
usr_043,prob_tre_3_014,trees,3,1,1132,6,2023-01-19T03:22:00
usr_043,prob_sor_1_063,sorting,1,1,417,2,2023-01-19T06:51:00
usr_043,prob_sea_3_063,searching,3,1,1022,7,2023-01-20T05:11:00
usr_043,prob_gra_3_051,graphs,3,0,1075,7,2023-01-20T13:01:00
usr_043,prob_sea_1_006,searching,1,0,327,3,2023-01-20T19:49:00
usr_043,prob_dyn_3_024,dynamic_programming,3,0,1528,9,2023-01-20T21:52:00
usr_043,prob_arr_3_005,arrays,3,0,1322,7,2023-01-21T18:10:00
usr_043,prob_rec_1_057,recursion,1,0,234,2,2023-01-22T14:02:00
usr_043,prob_tre_1_040,trees,1,1,305,1,2023-01-22T15:17:00
usr_043,prob_tre_3_046,trees,3,0,1286,8,2023-01-23T12:31:00
usr_043,prob_sor_2_021,sorting,2,1,532,3,2023-01-23T22:12:00
usr_043,prob_rec_2_081,recursion,2,1,622,2,2023-01-24T18:24:00
usr_043,prob_rec_1_023,recursion,1,0,294,4,2023-01-25T09:52:00
usr_043,prob_sea_3_077,searching,3,1,1752,4,2023-01-25T14:12:00
usr_043,prob_str_1_071,strings,1,0,208,4,2023-01-25T23:10:00
usr_043,prob_rec_2_007,recursion,2,0,536,4,2023-01-26T04:28:00
usr_043,prob_sea_1_067,searching,1,1,277,2,2023-01-26T18:03:00
usr_043,prob_arr_3_100,arrays,3,0,959,5,2023-01-27T12:26:00
usr_043,prob_rec_1_011,recursion,1,1,173,1,2023-01-27T18:17:00
usr_043,prob_arr_1_072,arrays,1,1,259,1,2023-01-28T01:18:00
usr_044,prob_rec_2_036,recursion,2,1,662,6,2023-01-01T11:46:00
usr_044,prob_rec_3_026,recursion,3,1,1015,10,2023-01-02T01:21:00
usr_044,prob_tre_3_028,trees,3,1,1315,10,2023-01-02T04:00:00
usr_044,prob_bas_2_035,basics,2,0,600,6,2023-01-02T11:10:00
usr_044,prob_sor_2_100,sorting,2,1,787,6,2023-01-02T22:47:00
usr_044,prob_rec_3_028,recursion,3,0,986,11,2023-01-03T00:33:00
usr_044,prob_rec_1_032,recursion,1,1,294,3,2023-01-03T08:14:00
usr_044,prob_str_3_047,strings,3,0,745,11,2023-01-04T05:22:00
usr_044,prob_bas_3_083,basics,3,1,839,9,2023-01-04T10:51:00
usr_044,prob_gra_1_081,graphs,1,1,293,3,2023-01-04T13:26:00
usr_044,prob_bas_3_014,basics,3,1,1122,9,2023-01-05T11:27:00
usr_044,prob_dyn_2_084,dynamic_programming,2,0,571,7,2023-01-05T20:44:00
usr_044,prob_rec_1_097,recursion,1,0,288,4,2023-01-06T18:49:00
usr_044,prob_gra_3_016,graphs,3,1,791,8,2023-01-07T14:08:00
usr_044,prob_rec_2_013,recursion,2,1,467,6,2023-01-08T03:36:00
usr_044,prob_str_1_027,strings,1,1,198,2,2023-01-08T17:05:00
usr_044,prob_dyn_3_090,dynamic_programming,3,0,1088,9,2023-01-09T13:53:00
usr_044,prob_str_2_024,strings,2,1,717,4,2023-01-09T18:06:00
usr_044,prob_tre_1_073,trees,1,1,369,2,2023-01-10T12:33:00
usr_044,prob_gra_3_080,graphs,3,0,978,10,2023-01-10T23:48:00
usr_044,prob_arr_3_074,arrays,3,0,1199,10,2023-01-11T14:46:00
usr_044,prob_bas_2_025,basics,2,0,985,6,2023-01-12T01:57:00
usr_044,prob_sor_2_071,sorting,2,1,341,4,2023-01-12T10:42:00
usr_044,prob_sea_1_042,searching,1,1,155,3,2023-01-13T05:00:00
usr_044,prob_rec_2_017,recursion,2,0,513,6,2023-01-13T11:09:00
usr_044,prob_bas_2_016,basics,2,1,498,5,2023-01-14T08:05:00
usr_044,prob_dyn_2_037,dynamic_programming,2,1,538,5,2023-01-15T05:21:00
usr_044,prob_str_1_064,strings,1,1,157,3,2023-01-15T17:14:00
usr_044,prob_tre_3_017,trees,3,0,977,9,2023-01-16T00:51:00
usr_044,prob_str_1_058,strings,1,1,269,3,2023-01-16T12:30:00
usr_044,prob_rec_1_078,recursion,1,1,137,2,2023-01-16T19:46:00
usr_044,prob_sea_2_032,searching,2,1,281,3,2023-01-17T00:25:00
usr_044,prob_rec_2_027,recursion,2,1,471,4,2023-01-17T23:42:00
usr_044,prob_bas_2_073,basics,2,1,426,4,2023-01-18T17:03:00
usr_044,prob_dyn_1_097,dynamic_programming,1,1,138,1,2023-01-18T17:29:00
usr_044,prob_arr_3_100,arrays,3,0,686,9,2023-01-18T23:17:00
usr_044,prob_str_2_003,strings,2,1,453,4,2023-01-19T12:22:00
usr_044,prob_sea_2_018,searching,2,1,320,3,2023-01-20T08:57:00
usr_044,prob_bas_2_092,basics,2,1,326,4,2023-01-21T06:39:00
usr_044,prob_sea_1_028,searching,1,0,161,4,2023-01-21T14:17:00
usr_044,prob_str_3_071,strings,3,1,1063,5,2023-01-21T21:05:00
usr_044,prob_str_3_058,strings,3,1,544,6,2023-01-22T04:28:00
usr_044,prob_tre_2_019,trees,2,1,310,3,2023-01-23T02:50:00
usr_044,prob_rec_3_053,recursion,3,1,521,6,2023-01-23T10:48:00
usr_044,prob_str_2_075,strings,2,1,265,3,2023-01-24T10:03:00
usr_044,prob_sea_3_001,searching,3,0,512,8,2023-01-24T21:02:00
usr_044,prob_gra_3_058,graphs,3,1,491,6,2023-01-25T18:52:00
usr_044,prob_str_3_052,strings,3,1,779,6,2023-01-26T07:28:00
usr_044,prob_rec_1_043,recursion,1,1,135,1,2023-01-26T22:55:00
usr_044,prob_tre_2_014,trees,2,1,284,2,2023-01-27T17:11:00
usr_044,prob_arr_2_065,arrays,2,1,555,2,2023-01-28T16:34:00
usr_044,prob_dyn_3_053,dynamic_programming,3,1,644,4,2023-01-28T18:16:00
usr_044,prob_str_3_010,strings,3,1,588,4,2023-01-29T01:07:00
usr_044,prob_bas_2_028,basics,2,1,214,3,2023-01-29T14:03:00
usr_044,prob_sor_1_079,sorting,1,1,137,2,2023-01-30T01:26:00
usr_044,prob_sor_1_018,sorting,1,1,90,1,2023-01-30T17:31:00
usr_044,prob_sea_1_029,searching,1,1,163,2,2023-01-31T13:33:00
usr_044,prob_bas_1_040,basics,1,1,119,1,2023-01-31T18:47:00
usr_044,prob_str_3_036,strings,3,1,657,3,2023-02-01T11:42:00
usr_044,prob_arr_2_065,arrays,2,1,180,1,2023-02-02T05:07:00
usr_044,prob_rec_1_094,recursion,1,1,159,1,2023-02-03T04:31:00
usr_044,prob_rec_1_055,recursion,1,1,43,1,2023-02-03T04:59:00
usr_044,prob_rec_2_100,recursion,2,1,199,2,2023-02-03T07:27:00
usr_044,prob_dyn_1_090,dynamic_programming,1,1,69,1,2023-02-03T17:11:00
usr_045,prob_dyn_2_019,dynamic_programming,2,1,462,5,2023-01-01T10:16:00
usr_045,prob_gra_2_079,graphs,2,1,528,6,2023-01-01T12:12:00
usr_045,prob_sea_3_026,searching,3,0,860,10,2023-01-02T03:28:00
usr_045,prob_bas_3_084,basics,3,1,692,9,2023-01-03T02:00:00
usr_045,prob_sor_2_056,sorting,2,1,478,4,2023-01-03T03:24:00
usr_045,prob_sor_2_071,sorting,2,1,428,4,2023-01-03T18:16:00
usr_045,prob_rec_3_018,recursion,3,1,647,8,2023-01-04T07:36:00
usr_045,prob_arr_3_093,arrays,3,1,520,7,2023-01-04T23:01:00
usr_045,prob_dyn_1_070,dynamic_programming,1,1,237,3,2023-01-04T23:40:00
usr_045,prob_arr_1_049,arrays,1,1,180,3,2023-01-05T11:21:00
usr_045,prob_bas_2_093,basics,2,0,392,6,2023-01-06T02:09:00
usr_045,prob_tre_1_054,trees,1,1,125,3,2023-01-06T08:07:00
usr_045,prob_rec_1_041,recursion,1,1,191,2,2023-01-06T23:30:00
usr_045,prob_sor_2_087,sorting,2,1,356,5,2023-01-07T03:15:00
usr_045,prob_arr_1_039,arrays,1,1,172,2,2023-01-08T01:58:00
usr_045,prob_sea_1_059,searching,1,1,168,2,2023-01-08T14:42:00
usr_045,prob_gra_2_051,graphs,2,1,461,3,2023-01-08T22:53:00
usr_045,prob_gra_2_014,graphs,2,1,342,4,2023-01-09T08:24:00
usr_045,prob_dyn_2_076,dynamic_programming,2,0,672,6,2023-01-09T23:59:00
usr_045,prob_dyn_1_091,dynamic_programming,1,1,187,1,2023-01-10T03:17:00
usr_045,prob_str_2_066,strings,2,1,497,4,2023-01-10T16:45:00
usr_045,prob_rec_3_036,recursion,3,1,722,7,2023-01-11T05:27:00
usr_045,prob_sor_1_042,sorting,1,1,151,1,2023-01-11T11:03:00
usr_045,prob_sor_2_014,sorting,2,1,228,4,2023-01-11T20:44:00
usr_045,prob_sea_1_100,searching,1,1,203,1,2023-01-12T07:53:00
usr_045,prob_gra_2_042,graphs,2,1,218,3,2023-01-12T11:48:00
usr_045,prob_tre_2_097,trees,2,1,284,3,2023-01-12T18:08:00
usr_045,prob_bas_1_085,basics,1,1,242,1,2023-01-13T02:22:00
usr_045,prob_dyn_1_091,dynamic_programming,1,1,101,2,2023-01-13T11:06:00
usr_045,prob_rec_2_037,recursion,2,1,265,3,2023-01-14T07:08:00
usr_045,prob_str_3_012,strings,3,0,865,8,2023-01-14T10:49:00
usr_045,prob_tre_3_027,trees,3,1,720,6,2023-01-14T16:38:00
usr_045,prob_str_2_089,strings,2,1,189,2,2023-01-15T09:09:00
usr_045,prob_tre_3_098,trees,3,0,642,7,2023-01-15T09:33:00
usr_045,prob_str_3_020,strings,3,1,810,4,2023-01-16T03:49:00
usr_045,prob_tre_2_083,trees,2,1,289,3,2023-01-16T08:44:00
usr_045,prob_dyn_1_049,dynamic_programming,1,1,99,2,2023-01-16T23:32:00
usr_045,prob_bas_2_096,basics,2,1,179,2,2023-01-17T04:37:00
usr_045,prob_gra_2_065,graphs,2,1,227,3,2023-01-18T00:46:00
usr_045,prob_sor_3_100,sorting,3,1,603,5,2023-01-18T18:14:00
usr_045,prob_arr_1_050,arrays,1,1,83,2,2023-01-19T13:57:00
usr_045,prob_sea_3_074,searching,3,1,426,3,2023-01-20T10:29:00
usr_045,prob_arr_3_036,arrays,3,1,450,3,2023-01-21T05:05:00
usr_045,prob_str_1_009,strings,1,1,100,1,2023-01-21T11:03:00
usr_045,prob_dyn_2_029,dynamic_programming,2,1,200,1,2023-01-22T09:01:00
usr_045,prob_sea_1_090,searching,1,1,56,1,2023-01-23T03:24:00
usr_045,prob_sor_1_041,sorting,1,1,157,1,2023-01-23T23:22:00
usr_045,prob_str_3_074,strings,3,1,377,3,2023-01-24T07:20:00
usr_045,prob_sor_3_045,sorting,3,1,578,3,2023-01-25T01:57:00
usr_045,prob_gra_2_062,graphs,2,1,148,1,2023-01-25T02:38:00
usr_045,prob_str_2_054,strings,2,1,115,1,2023-01-25T10:24:00
usr_046,prob_str_3_098,strings,3,0,2776,15,2023-01-01T19:26:00
usr_046,prob_tre_2_004,trees,2,1,1194,8,2023-01-01T23:20:00
usr_046,prob_bas_3_096,basics,3,0,2446,13,2023-01-01T23:53:00
usr_046,prob_bas_2_009,basics,2,0,1492,9,2023-01-02T15:38:00
usr_046,prob_bas_1_087,basics,1,1,500,3,2023-01-03T02:39:00
usr_046,prob_bas_1_070,basics,1,1,478,3,2023-01-03T15:58:00
usr_046,prob_arr_1_044,arrays,1,1,690,3,2023-01-03T21:45:00
usr_046,prob_dyn_3_061,dynamic_programming,3,0,2743,12,2023-01-04T21:25:00
usr_046,prob_bas_2_043,basics,2,0,914,8,2023-01-04T22:25:00
usr_046,prob_bas_1_070,basics,1,0,626,6,2023-01-05T07:18:00
usr_046,prob_sea_2_020,searching,2,0,1088,8,2023-01-05T14:47:00
usr_046,prob_sea_2_026,searching,2,1,1364,7,2023-01-05T20:42:00
usr_046,prob_arr_3_071,arrays,3,0,1506,12,2023-01-06T17:19:00
usr_046,prob_str_3_035,strings,3,1,2526,10,2023-01-07T10:14:00
usr_046,prob_bas_2_069,basics,2,1,1223,6,2023-01-08T09:02:00
usr_046,prob_dyn_3_067,dynamic_programming,3,0,2243,12,2023-01-08T16:58:00
usr_046,prob_sea_1_070,searching,1,1,377,3,2023-01-09T13:43:00
usr_046,prob_gra_3_025,graphs,3,0,1793,10,2023-01-10T11:12:00
usr_046,prob_bas_3_098,basics,3,0,2058,11,2023-01-11T10:39:00
usr_046,prob_sor_1_053,sorting,1,1,337,2,2023-01-11T21:21:00
usr_046,prob_arr_1_073,arrays,1,0,764,3,2023-01-12T20:41:00
usr_046,prob_bas_3_056,basics,3,0,1622,12,2023-01-13T11:11:00
usr_046,prob_gra_1_081,graphs,1,0,350,4,2023-01-14T00:02:00
usr_046,prob_tre_1_032,trees,1,1,574,3,2023-01-14T08:31:00
usr_046,prob_arr_2_081,arrays,2,0,722,6,2023-01-14T08:44:00
usr_046,prob_dyn_2_050,dynamic_programming,2,1,1238,5,2023-01-14T13:34:00
usr_046,prob_str_2_053,strings,2,1,1067,5,2023-01-15T01:25:00
usr_046,prob_dyn_3_005,dynamic_programming,3,0,3160,10,2023-01-15T05:38:00
usr_046,prob_arr_1_083,arrays,1,1,433,2,2023-01-15T22:49:00
usr_046,prob_str_1_031,strings,1,0,527,4,2023-01-16T11:50:00
usr_046,prob_tre_3_027,trees,3,0,2871,10,2023-01-16T17:28:00
usr_046,prob_dyn_3_049,dynamic_programming,3,0,1594,9,2023-01-17T03:34:00
usr_046,prob_sea_1_099,searching,1,1,330,3,2023-01-17T04:32:00
usr_046,prob_str_1_047,strings,1,1,291,3,2023-01-17T12:54:00
usr_046,prob_str_3_086,strings,3,0,1629,8,2023-01-17T23:14:00
usr_046,prob_sor_3_013,sorting,3,0,1387,10,2023-01-18T02:33:00
usr_046,prob_gra_3_051,graphs,3,0,1898,10,2023-01-18T21:00:00
usr_046,prob_sea_3_044,searching,3,0,2434,8,2023-01-19T11:19:00
usr_046,prob_tre_1_058,trees,1,0,492,3,2023-01-19T22:06:00
usr_046,prob_str_2_041,strings,2,1,1218,4,2023-01-20T09:34:00
usr_046,prob_rec_2_043,recursion,2,0,487,5,2023-01-20T20:47:00
usr_046,prob_rec_1_075,recursion,1,1,415,2,2023-01-21T10:43:00
usr_046,prob_sor_2_051,sorting,2,0,1071,5,2023-01-21T20:47:00
usr_046,prob_gra_2_053,graphs,2,0,451,6,2023-01-22T01:55:00
usr_046,prob_sea_1_090,searching,1,0,343,4,2023-01-23T01:43:00
usr_046,prob_rec_3_097,recursion,3,0,2384,9,2023-01-23T12:46:00
usr_046,prob_bas_3_094,basics,3,0,1447,6,2023-01-24T05:37:00
usr_046,prob_str_1_042,strings,1,1,212,1,2023-01-24T08:07:00
usr_046,prob_sor_2_009,sorting,2,0,709,6,2023-01-25T01:56:00
usr_046,prob_sea_1_002,searching,1,1,390,2,2023-01-25T11:31:00
usr_046,prob_rec_2_024,recursion,2,0,497,5,2023-01-25T19:46:00
usr_046,prob_arr_2_046,arrays,2,1,574,2,2023-01-26T06:11:00
usr_046,prob_bas_1_090,basics,1,0,363,3,2023-01-26T06:39:00
usr_046,prob_sor_1_070,sorting,1,1,223,2,2023-01-26T10:40:00
usr_046,prob_bas_1_054,basics,1,0,255,3,2023-01-26T15:44:00
usr_046,prob_gra_2_060,graphs,2,0,402,5,2023-01-27T05:48:00
usr_046,prob_bas_3_058,basics,3,0,918,6,2023-01-27T06:14:00
usr_046,prob_dyn_1_046,dynamic_programming,1,1,244,2,2023-01-28T01:59:00
usr_046,prob_tre_2_041,trees,2,0,306,4,2023-01-28T19:21:00
usr_046,prob_dyn_3_080,dynamic_programming,3,0,1142,5,2023-01-29T02:54:00
usr_046,prob_str_3_017,strings,3,0,889,7,2023-01-29T11:14:00
usr_046,prob_dyn_3_053,dynamic_programming,3,0,1048,4,2023-01-30T00:26:00
usr_046,prob_arr_3_058,arrays,3,0,983,4,2023-01-30T16:52:00
usr_046,prob_sea_1_018,searching,1,1,240,1,2023-01-31T16:49:00
usr_047,prob_tre_3_052,trees,3,0,1648,13,2023-01-01T20:22:00
usr_047,prob_str_2_039,strings,2,0,595,9,2023-01-02T17:29:00
usr_047,prob_str_2_098,strings,2,0,1253,8,2023-01-02T23:19:00
usr_047,prob_sea_1_030,searching,1,0,462,4,2023-01-03T08:55:00
usr_047,prob_str_3_039,strings,3,0,1675,14,2023-01-03T19:02:00
usr_047,prob_str_1_014,strings,1,1,329,4,2023-01-03T21:28:00
usr_047,prob_sea_2_096,searching,2,0,978,7,2023-01-04T17:05:00
usr_047,prob_sor_3_084,sorting,3,0,1557,13,2023-01-04T19:23:00
usr_047,prob_sor_3_055,sorting,3,0,1169,11,2023-01-05T09:28:00
usr_047,prob_rec_2_067,recursion,2,0,1425,7,2023-01-05T19:37:00
usr_047,prob_arr_1_064,arrays,1,0,486,5,2023-01-06T17:59:00
usr_047,prob_rec_2_050,recursion,2,0,543,8,2023-01-07T00:01:00
usr_047,prob_str_2_041,strings,2,1,1111,6,2023-01-07T09:08:00
usr_047,prob_tre_3_048,trees,3,0,1494,12,2023-01-07T23:45:00
usr_047,prob_sea_1_052,searching,1,1,376,4,2023-01-08T19:36:00
usr_047,prob_sea_3_027,searching,3,0,1211,12,2023-01-09T09:22:00
usr_047,prob_tre_1_045,trees,1,0,416,4,2023-01-09T20:57:00
usr_047,prob_arr_2_100,arrays,2,1,900,5,2023-01-10T14:59:00
usr_047,prob_arr_3_099,arrays,3,0,1545,10,2023-01-11T11:12:00
usr_047,prob_rec_2_065,recursion,2,1,499,5,2023-01-12T02:42:00
usr_047,prob_dyn_2_077,dynamic_programming,2,1,503,6,2023-01-12T19:20:00
usr_047,prob_bas_3_057,basics,3,0,1251,11,2023-01-13T16:02:00
usr_047,prob_gra_2_061,graphs,2,0,670,6,2023-01-13T22:02:00
usr_047,prob_gra_1_058,graphs,1,1,251,3,2023-01-14T17:17:00
usr_047,prob_dyn_3_081,dynamic_programming,3,1,1586,9,2023-01-15T09:04:00
usr_047,prob_rec_1_009,recursion,1,1,301,2,2023-01-15T17:44:00
usr_047,prob_arr_3_031,arrays,3,0,2028,11,2023-01-16T13:25:00
usr_047,prob_gra_3_024,graphs,3,1,2228,8,2023-01-17T10:15:00
usr_047,prob_sea_2_085,searching,2,0,655,8,2023-01-18T02:57:00
usr_047,prob_tre_1_043,trees,1,1,324,2,2023-01-18T04:40:00
usr_047,prob_str_2_055,strings,2,1,509,5,2023-01-18T06:43:00
usr_047,prob_sea_2_091,searching,2,0,493,5,2023-01-18T16:46:00
usr_047,prob_sor_2_050,sorting,2,1,749,4,2023-01-19T00:00:00
usr_047,prob_arr_2_027,arrays,2,1,504,5,2023-01-19T15:52:00
usr_047,prob_str_3_042,strings,3,0,1061,10,2023-01-20T10:05:00
usr_047,prob_str_1_090,strings,1,1,290,3,2023-01-21T06:22:00
usr_047,prob_arr_2_094,arrays,2,1,672,4,2023-01-22T00:01:00
usr_047,prob_rec_3_003,recursion,3,0,1478,10,2023-01-22T10:39:00
usr_047,prob_bas_3_055,basics,3,1,1306,7,2023-01-22T14:36:00
usr_047,prob_arr_1_007,arrays,1,1,320,3,2023-01-23T03:37:00
usr_047,prob_rec_1_095,recursion,1,0,288,3,2023-01-24T02:22:00
usr_047,prob_tre_3_017,trees,3,0,1202,9,2023-01-24T11:03:00
usr_047,prob_sea_3_059,searching,3,0,793,9,2023-01-25T04:44:00
usr_047,prob_dyn_3_049,dynamic_programming,3,0,950,8,2023-01-25T10:06:00
usr_047,prob_gra_2_077,graphs,2,1,616,3,2023-01-26T08:15:00
usr_047,prob_bas_2_061,basics,2,0,655,5,2023-01-27T02:07:00
usr_047,prob_sor_2_023,sorting,2,0,365,5,2023-01-27T15:05:00
usr_047,prob_str_2_071,strings,2,0,568,4,2023-01-28T10:12:00
usr_047,prob_arr_3_080,arrays,3,0,1137,9,2023-01-29T02:18:00
usr_047,prob_rec_3_019,recursion,3,0,982,8,2023-01-29T19:47:00
usr_047,prob_arr_3_048,arrays,3,0,608,8,2023-01-29T22:23:00
usr_047,prob_gra_1_027,graphs,1,1,276,2,2023-01-30T10:42:00
usr_047,prob_dyn_2_071,dynamic_programming,2,1,581,4,2023-01-30T19:12:00
usr_047,prob_sea_2_088,searching,2,0,298,5,2023-01-30T23:01:00
usr_047,prob_gra_2_075,graphs,2,0,399,6,2023-01-31T06:20:00
usr_047,prob_bas_1_078,basics,1,1,261,2,2023-01-31T17:11:00
usr_047,prob_tre_3_054,trees,3,0,857,7,2023-01-31T19:17:00
usr_047,prob_str_3_091,strings,3,0,1193,7,2023-01-31T22:07:00
usr_047,prob_sea_2_058,searching,2,0,438,4,2023-02-01T18:48:00
usr_047,prob_tre_2_100,trees,2,1,712,2,2023-02-02T17:33:00
usr_047,prob_str_1_085,strings,1,1,232,2,2023-02-03T03:26:00
usr_047,prob_sea_1_063,searching,1,1,131,1,2023-02-03T13:28:00
usr_047,prob_rec_3_057,recursion,3,1,529,5,2023-02-04T13:07:00
usr_047,prob_arr_2_034,arrays,2,1,364,2,2023-02-05T07:19:00
usr_047,prob_rec_1_093,recursion,1,1,201,2,2023-02-06T03:03:00
usr_047,prob_bas_2_040,basics,2,1,239,3,2023-02-06T08:37:00
usr_047,prob_gra_1_013,graphs,1,1,121,2,2023-02-06T11:47:00
usr_047,prob_bas_2_009,basics,2,1,395,3,2023-02-07T11:44:00
usr_047,prob_str_2_008,strings,2,1,244,3,2023-02-07T17:36:00
usr_047,prob_rec_1_067,recursion,1,1,191,1,2023-02-07T22:47:00
usr_047,prob_str_1_047,strings,1,1,121,2,2023-02-08T17:57:00
usr_047,prob_rec_2_077,recursion,2,1,348,2,2023-02-08T21:19:00
usr_047,prob_sor_1_038,sorting,1,1,179,1,2023-02-09T16:54:00
usr_047,prob_tre_2_075,trees,2,1,392,1,2023-02-10T07:37:00
usr_047,prob_rec_1_079,recursion,1,1,110,1,2023-02-10T22:32:00
usr_047,prob_arr_1_062,arrays,1,1,171,1,2023-02-11T02:06:00
usr_047,prob_gra_2_071,graphs,2,1,243,2,2023-02-12T00:49:00
usr_048,prob_bas_2_100,basics,2,1,863,7,2023-01-01T01:17:00
usr_048,prob_str_3_054,strings,3,0,2068,12,2023-01-01T08:42:00
usr_048,prob_str_2_074,strings,2,1,1246,6,2023-01-01T13:14:00
usr_048,prob_str_2_011,strings,2,1,764,6,2023-01-02T06:20:00
usr_048,prob_arr_3_097,arrays,3,0,1949,11,2023-01-03T05:16:00
usr_048,prob_tre_3_035,trees,3,0,2402,10,2023-01-03T12:15:00
usr_048,prob_sea_3_078,searching,3,0,1324,10,2023-01-03T18:02:00
usr_048,prob_arr_1_055,arrays,1,1,489,3,2023-01-04T17:14:00
usr_048,prob_gra_3_012,graphs,3,0,2078,11,2023-01-04T20:50:00
usr_048,prob_arr_2_007,arrays,2,1,1231,6,2023-01-05T06:43:00
usr_048,prob_dyn_1_013,dynamic_programming,1,1,379,2,2023-01-05T19:50:00
usr_048,prob_tre_2_032,trees,2,1,886,5,2023-01-06T07:21:00
usr_048,prob_str_2_072,strings,2,1,1192,5,2023-01-07T04:45:00
usr_048,prob_rec_2_069,recursion,2,1,1412,6,2023-01-07T08:56:00
usr_048,prob_rec_3_014,recursion,3,0,2014,9,2023-01-08T01:10:00
usr_048,prob_tre_1_017,trees,1,1,396,3,2023-01-08T05:06:00
usr_048,prob_sea_3_061,searching,3,0,1437,9,2023-01-08T22:23:00
usr_048,prob_sea_1_003,searching,1,1,400,3,2023-01-09T20:45:00
usr_048,prob_dyn_3_004,dynamic_programming,3,1,2177,7,2023-01-10T09:19:00
usr_048,prob_tre_3_086,trees,3,0,1218,10,2023-01-11T06:37:00
usr_048,prob_sea_3_070,searching,3,0,1415,8,2023-01-12T03:04:00
usr_048,prob_sor_3_075,sorting,3,1,1252,7,2023-01-12T20:47:00
usr_048,prob_str_1_014,strings,1,1,260,3,2023-01-12T22:09:00
usr_048,prob_sor_1_005,sorting,1,1,526,2,2023-01-13T14:59:00
usr_048,prob_rec_3_092,recursion,3,0,1076,8,2023-01-13T23:20:00
usr_048,prob_str_3_075,strings,3,1,2377,7,2023-01-14T01:14:00
usr_048,prob_rec_3_067,recursion,3,1,1309,7,2023-01-14T20:43:00
usr_048,prob_arr_1_076,arrays,1,1,390,1,2023-01-14T23:08:00
usr_048,prob_bas_2_042,basics,2,1,787,3,2023-01-15T07:58:00
usr_048,prob_bas_2_043,basics,2,1,730,3,2023-01-15T08:17:00
usr_048,prob_str_2_033,strings,2,1,869,3,2023-01-15T16:34:00
usr_048,prob_sea_2_072,searching,2,1,1183,4,2023-01-16T15:42:00
usr_048,prob_bas_2_056,basics,2,0,689,4,2023-01-17T07:19:00
usr_048,prob_gra_3_042,graphs,3,0,1195,8,2023-01-18T07:01:00
usr_048,prob_dyn_1_073,dynamic_programming,1,1,241,2,2023-01-18T21:16:00
usr_048,prob_sea_2_035,searching,2,1,586,3,2023-01-18T21:21:00
usr_048,prob_dyn_3_046,dynamic_programming,3,0,901,8,2023-01-19T11:20:00
usr_048,prob_gra_3_095,graphs,3,0,824,6,2023-01-20T05:31:00
usr_048,prob_gra_1_039,graphs,1,1,425,1,2023-01-20T07:03:00
usr_048,prob_bas_1_038,basics,1,1,340,2,2023-01-20T08:42:00
usr_048,prob_dyn_2_068,dynamic_programming,2,1,604,3,2023-01-20T19:21:00
usr_048,prob_bas_1_069,basics,1,1,248,1,2023-01-21T03:18:00
usr_048,prob_str_2_030,strings,2,1,716,3,2023-01-21T20:20:00
usr_048,prob_tre_1_025,trees,1,1,166,2,2023-01-22T14:10:00
usr_048,prob_dyn_3_022,dynamic_programming,3,1,817,4,2023-01-22T20:00:00
usr_048,prob_bas_3_081,basics,3,1,1212,4,2023-01-23T02:12:00
usr_048,prob_sea_3_073,searching,3,1,1131,4,2023-01-23T04:03:00
usr_048,prob_tre_3_015,trees,3,1,711,4,2023-01-24T02:36:00
usr_048,prob_arr_3_083,arrays,3,1,995,5,2023-01-24T11:57:00
usr_048,prob_sor_1_065,sorting,1,1,297,1,2023-01-24T19:42:00
usr_048,prob_str_3_061,strings,3,1,917,3,2023-01-25T02:01:00
usr_048,prob_dyn_3_048,dynamic_programming,3,0,1536,6,2023-01-25T17:38:00
usr_048,prob_tre_2_084,trees,2,1,355,2,2023-01-26T17:29:00
usr_048,prob_str_2_049,strings,2,1,390,1,2023-01-27T01:53:00
usr_048,prob_str_3_021,strings,3,1,824,3,2023-01-27T12:36:00
usr_049,prob_rec_1_072,recursion,1,0,703,5,2023-01-01T00:46:00
usr_049,prob_dyn_3_094,dynamic_programming,3,0,2551,13,2023-01-01T17:37:00
usr_049,prob_rec_3_022,recursion,3,0,1737,13,2023-01-02T11:09:00
usr_049,prob_tre_2_018,trees,2,0,1247,7,2023-01-02T14:20:00
usr_049,prob_dyn_3_003,dynamic_programming,3,1,1809,11,2023-01-02T23:20:00
usr_049,prob_arr_3_088,arrays,3,0,2099,12,2023-01-03T19:02:00
usr_049,prob_tre_3_035,trees,3,0,1774,12,2023-01-04T04:52:00
usr_049,prob_bas_2_039,basics,2,0,965,9,2023-01-04T23:21:00
usr_049,prob_str_1_093,strings,1,1,520,4,2023-01-05T14:26:00
usr_049,prob_gra_2_023,graphs,2,1,913,7,2023-01-05T21:03:00
usr_049,prob_arr_3_043,arrays,3,1,1905,10,2023-01-06T11:32:00
usr_049,prob_sea_2_053,searching,2,0,806,6,2023-01-07T06:48:00
usr_049,prob_str_1_029,strings,1,1,319,2,2023-01-07T18:41:00
usr_049,prob_sor_3_070,sorting,3,0,1517,11,2023-01-07T23:48:00
usr_049,prob_dyn_3_001,dynamic_programming,3,0,1408,11,2023-01-08T06:30:00
usr_049,prob_sea_3_025,searching,3,0,1961,11,2023-01-09T02:39:00
usr_049,prob_sor_3_086,sorting,3,0,1351,11,2023-01-09T10:59:00
usr_049,prob_arr_2_063,arrays,2,0,1016,8,2023-01-10T07:21:00
usr_049,prob_rec_1_085,recursion,1,1,280,2,2023-01-10T19:43:00
usr_049,prob_sea_3_090,searching,3,1,1352,8,2023-01-11T06:29:00
usr_049,prob_arr_3_049,arrays,3,1,1963,9,2023-01-11T14:49:00
usr_049,prob_sea_2_094,searching,2,0,634,7,2023-01-12T10:45:00
usr_049,prob_gra_3_046,graphs,3,0,1079,9,2023-01-13T03:46:00
usr_049,prob_tre_3_064,trees,3,0,2756,9,2023-01-13T11:05:00
usr_049,prob_bas_1_008,basics,1,0,502,4,2023-01-14T10:18:00
usr_049,prob_arr_3_069,arrays,3,0,2232,9,2023-01-15T08:28:00
usr_049,prob_rec_3_089,recursion,3,0,2160,8,2023-01-15T18:08:00
usr_049,prob_rec_3_009,recursion,3,0,2560,9,2023-01-15T22:39:00
usr_049,prob_sor_2_084,sorting,2,0,948,6,2023-01-16T09:08:00
usr_049,prob_arr_1_091,arrays,1,0,318,3,2023-01-17T01:22:00
usr_049,prob_tre_1_062,trees,1,1,387,2,2023-01-17T15:28:00
usr_049,prob_sor_3_082,sorting,3,1,1292,7,2023-01-18T06:49:00
usr_049,prob_rec_1_082,recursion,1,1,336,1,2023-01-18T13:47:00
usr_049,prob_gra_3_095,graphs,3,0,1382,8,2023-01-19T02:01:00
usr_049,prob_dyn_1_060,dynamic_programming,1,1,439,1,2023-01-19T11:36:00
usr_049,prob_gra_1_001,graphs,1,1,173,2,2023-01-20T06:08:00
usr_049,prob_gra_3_008,graphs,3,0,1286,8,2023-01-20T08:45:00
usr_049,prob_sea_2_078,searching,2,1,605,3,2023-01-20T09:29:00
usr_049,prob_str_1_051,strings,1,0,328,2,2023-01-20T17:07:00
usr_049,prob_str_2_025,strings,2,0,563,3,2023-01-21T07:33:00
usr_049,prob_rec_2_076,recursion,2,0,459,5,2023-01-21T09:35:00
usr_049,prob_bas_3_006,basics,3,1,1261,5,2023-01-22T09:10:00
usr_049,prob_sor_3_005,sorting,3,0,1178,7,2023-01-23T00:56:00
usr_049,prob_arr_2_098,arrays,2,1,435,3,2023-01-23T19:33:00
usr_049,prob_sea_1_059,searching,1,1,227,2,2023-01-23T22:48:00
usr_049,prob_bas_3_001,basics,3,0,752,6,2023-01-24T10:40:00
usr_049,prob_sea_1_088,searching,1,1,425,1,2023-01-24T22:54:00
usr_049,prob_sor_2_033,sorting,2,1,460,2,2023-01-25T19:30:00
usr_049,prob_tre_2_020,trees,2,1,790,2,2023-01-26T15:11:00
usr_049,prob_str_3_039,strings,3,0,519,6,2023-01-27T05:56:00
usr_049,prob_sea_1_085,searching,1,1,269,1,2023-01-27T13:40:00
usr_049,prob_rec_1_081,recursion,1,1,261,1,2023-01-28T03:56:00
usr_050,prob_sea_1_026,searching,1,1,534,3,2023-01-01T02:29:00
usr_050,prob_gra_1_062,graphs,1,0,356,6,2023-01-01T14:04:00
usr_050,prob_sor_3_029,sorting,3,0,2373,14,2023-01-02T11:20:00
usr_050,prob_sea_2_083,searching,2,0,1344,8,2023-01-02T17:34:00
usr_050,prob_arr_3_044,arrays,3,0,1855,14,2023-01-02T21:02:00
usr_050,prob_gra_2_022,graphs,2,0,1133,7,2023-01-03T15:04:00
usr_050,prob_str_2_038,strings,2,1,631,7,2023-01-04T04:18:00
usr_050,prob_dyn_2_012,dynamic_programming,2,0,860,9,2023-01-04T22:01:00
usr_050,prob_bas_1_008,basics,1,0,498,4,2023-01-05T02:14:00
usr_050,prob_dyn_3_001,dynamic_programming,3,0,1843,11,2023-01-05T22:33:00
usr_050,prob_rec_3_068,recursion,3,0,1561,12,2023-01-06T21:17:00
usr_050,prob_tre_1_026,trees,1,1,292,4,2023-01-07T05:15:00
usr_050,prob_arr_1_091,arrays,1,1,468,4,2023-01-07T11:23:00
usr_050,prob_bas_3_034,basics,3,0,2001,11,2023-01-07T18:06:00
usr_050,prob_tre_1_018,trees,1,0,629,4,2023-01-08T07:47:00
usr_050,prob_dyn_2_048,dynamic_programming,2,1,850,5,2023-01-09T07:04:00
usr_050,prob_sor_3_012,sorting,3,0,2574,11,2023-01-09T20:32:00
usr_050,prob_sor_1_085,sorting,1,0,362,3,2023-01-10T03:31:00
usr_050,prob_gra_1_096,graphs,1,0,285,3,2023-01-10T08:06:00
usr_050,prob_dyn_1_064,dynamic_programming,1,1,264,2,2023-01-10T10:30:00
usr_050,prob_sor_3_034,sorting,3,0,1215,11,2023-01-10T16:49:00
usr_050,prob_dyn_1_004,dynamic_programming,1,0,518,4,2023-01-11T00:56:00
usr_050,prob_bas_2_060,basics,2,1,541,6,2023-01-11T12:54:00
usr_050,prob_arr_3_046,arrays,3,0,1316,10,2023-01-11T23:29:00
usr_050,prob_bas_2_007,basics,2,1,687,4,2023-01-12T15:24:00
usr_050,prob_bas_2_080,basics,2,1,577,5,2023-01-13T07:43:00
usr_050,prob_bas_2_064,basics,2,0,811,5,2023-01-13T13:49:00
usr_050,prob_dyn_2_029,dynamic_programming,2,0,627,6,2023-01-14T12:21:00
usr_050,prob_sor_2_040,sorting,2,0,1039,7,2023-01-14T12:57:00
usr_050,prob_gra_1_027,graphs,1,1,326,3,2023-01-15T09:03:00
usr_050,prob_rec_1_091,recursion,1,0,338,5,2023-01-15T15:10:00
usr_050,prob_sor_1_074,sorting,1,1,277,3,2023-01-15T20:44:00
usr_050,prob_str_2_012,strings,2,1,417,3,2023-01-16T19:57:00
usr_050,prob_sea_2_089,searching,2,0,881,4,2023-01-17T18:27:00
usr_050,prob_bas_1_003,basics,1,0,282,4,2023-01-17T23:15:00
usr_050,prob_tre_2_072,trees,2,1,544,3,2023-01-18T13:41:00
usr_050,prob_sor_2_046,sorting,2,1,611,3,2023-01-19T12:03:00
usr_050,prob_sor_3_058,sorting,3,0,1486,8,2023-01-19T19:44:00
usr_050,prob_sor_3_091,sorting,3,0,986,7,2023-01-20T04:34:00
usr_050,prob_arr_2_025,arrays,2,1,613,4,2023-01-20T10:10:00
usr_050,prob_bas_2_073,basics,2,1,599,3,2023-01-20T21:20:00
usr_050,prob_sor_3_051,sorting,3,0,1024,7,2023-01-21T08:54:00
usr_050,prob_arr_2_015,arrays,2,0,518,5,2023-01-21T18:24:00
usr_050,prob_dyn_1_074,dynamic_programming,1,1,134,2,2023-01-22T10:46:00
usr_050,prob_sea_2_078,searching,2,1,870,2,2023-01-23T00:48:00
usr_050,prob_bas_1_014,basics,1,1,251,1,2023-01-23T16:35:00
usr_050,prob_dyn_2_030,dynamic_programming,2,1,350,2,2023-01-23T22:39:00
usr_050,prob_sor_3_066,sorting,3,0,990,6,2023-01-24T21:40:00
usr_050,prob_gra_1_062,graphs,1,1,177,2,2023-01-24T22:58:00
usr_050,prob_rec_2_072,recursion,2,1,521,2,2023-01-25T07:15:00
usr_050,prob_bas_1_013,basics,1,1,204,1,2023-01-26T06:58:00
usr_050,prob_dyn_1_008,dynamic_programming,1,1,219,1,2023-01-26T15:29:00
usr_050,prob_tre_1_078,trees,1,1,254,1,2023-01-27T10:09:00
usr_051,prob_str_2_097,strings,2,1,1096,6,2023-01-01T20:10:00
usr_051,prob_str_1_087,strings,1,1,445,3,2023-01-02T14:49:00
usr_051,prob_arr_1_038,arrays,1,0,475,3,2023-01-02T19:00:00
usr_051,prob_sor_2_092,sorting,2,1,928,6,2023-01-03T18:05:00
usr_051,prob_bas_2_025,basics,2,1,804,5,2023-01-04T06:01:00
usr_051,prob_sor_2_062,sorting,2,1,1071,5,2023-01-04T13:26:00
usr_051,prob_rec_2_065,recursion,2,0,1069,7,2023-01-04T19:16:00
usr_051,prob_bas_1_024,basics,1,1,731,2,2023-01-04T22:26:00
usr_051,prob_tre_3_006,trees,3,0,1986,10,2023-01-05T04:52:00
usr_051,prob_gra_1_039,graphs,1,1,372,3,2023-01-05T08:29:00
usr_051,prob_gra_1_007,graphs,1,1,875,3,2023-01-06T06:54:00
usr_051,prob_tre_1_053,trees,1,1,311,2,2023-01-07T01:10:00
usr_051,prob_tre_2_027,trees,2,1,741,5,2023-01-07T02:19:00
usr_051,prob_rec_3_058,recursion,3,1,1675,9,2023-01-07T22:45:00
usr_051,prob_sor_1_088,sorting,1,0,280,4,2023-01-08T16:39:00
usr_051,prob_bas_2_080,basics,2,1,965,5,2023-01-09T00:56:00
usr_051,prob_rec_2_017,recursion,2,1,551,4,2023-01-10T00:14:00
usr_051,prob_sea_1_046,searching,1,1,350,3,2023-01-10T05:45:00
usr_051,prob_sor_1_006,sorting,1,1,328,3,2023-01-10T15:52:00
usr_051,prob_tre_3_095,trees,3,1,1834,7,2023-01-10T16:30:00
usr_051,prob_rec_2_005,recursion,2,0,1442,7,2023-01-11T05:13:00
usr_051,prob_tre_1_091,trees,1,1,393,2,2023-01-11T11:59:00
usr_051,prob_rec_1_037,recursion,1,1,344,3,2023-01-11T20:00:00
usr_051,prob_dyn_3_048,dynamic_programming,3,1,2939,8,2023-01-12T08:54:00
usr_051,prob_dyn_3_055,dynamic_programming,3,0,1284,9,2023-01-12T17:48:00
usr_051,prob_dyn_3_037,dynamic_programming,3,1,1409,6,2023-01-13T13:53:00
usr_051,prob_dyn_1_082,dynamic_programming,1,1,528,2,2023-01-13T15:09:00
usr_051,prob_tre_2_004,trees,2,1,761,3,2023-01-14T10:29:00
usr_051,prob_rec_3_091,recursion,3,1,966,7,2023-01-14T22:54:00
usr_051,prob_dyn_1_080,dynamic_programming,1,1,227,1,2023-01-15T15:36:00
usr_051,prob_gra_1_035,graphs,1,1,394,2,2023-01-16T13:11:00
usr_051,prob_rec_1_025,recursion,1,1,216,2,2023-01-17T05:47:00
usr_051,prob_str_1_050,strings,1,1,207,2,2023-01-17T21:56:00
usr_051,prob_sor_1_079,sorting,1,1,304,1,2023-01-18T07:15:00
usr_051,prob_gra_1_066,graphs,1,1,311,1,2023-01-19T01:58:00
usr_051,prob_arr_2_095,arrays,2,1,478,4,2023-01-19T02:20:00
usr_051,prob_bas_2_058,basics,2,1,417,3,2023-01-19T19:23:00
usr_051,prob_str_1_059,strings,1,1,188,1,2023-01-20T07:09:00
usr_051,prob_str_2_041,strings,2,0,637,4,2023-01-21T06:10:00
usr_051,prob_gra_1_038,graphs,1,1,250,2,2023-01-21T09:56:00
usr_051,prob_tre_2_097,trees,2,1,623,2,2023-01-22T03:39:00
usr_051,prob_str_2_059,strings,2,1,925,3,2023-01-22T20:23:00
usr_051,prob_str_1_006,strings,1,1,341,2,2023-01-23T09:12:00
usr_051,prob_sor_2_013,sorting,2,1,399,2,2023-01-23T17:49:00
usr_051,prob_sor_1_019,sorting,1,1,295,1,2023-01-23T22:02:00
usr_051,prob_rec_2_020,recursion,2,1,344,2,2023-01-24T19:46:00
usr_051,prob_gra_3_063,graphs,3,1,1148,5,2023-01-25T13:36:00
usr_051,prob_gra_2_083,graphs,2,1,550,2,2023-01-26T11:41:00
usr_051,prob_sor_3_056,sorting,3,1,740,4,2023-01-26T23:36:00
usr_051,prob_str_1_010,strings,1,1,239,1,2023-01-27T01:38:00
usr_051,prob_str_1_059,strings,1,1,220,1,2023-01-27T21:14:00
usr_051,prob_dyn_1_025,dynamic_programming,1,1,403,1,2023-01-28T20:10:00
usr_051,prob_str_1_088,strings,1,1,306,1,2023-01-29T13:09:00
usr_051,prob_sor_3_008,sorting,3,0,740,5,2023-01-30T13:02:00
usr_051,prob_sor_1_044,sorting,1,1,314,1,2023-01-30T15:05:00
usr_051,prob_dyn_1_076,dynamic_programming,1,1,173,1,2023-01-30T20:16:00
usr_051,prob_arr_1_036,arrays,1,1,115,1,2023-01-31T08:46:00
usr_052,prob_str_3_012,strings,3,0,1503,12,2023-01-01T15:45:00
usr_052,prob_str_3_024,strings,3,1,1492,10,2023-01-01T20:44:00
usr_052,prob_gra_3_071,graphs,3,1,1428,11,2023-01-02T06:16:00
usr_052,prob_bas_3_028,basics,3,0,1563,13,2023-01-03T01:56:00
usr_052,prob_gra_2_073,graphs,2,1,827,7,2023-01-03T06:40:00
usr_052,prob_sor_2_051,sorting,2,0,691,7,2023-01-03T17:15:00
usr_052,prob_sea_2_008,searching,2,1,550,6,2023-01-04T15:10:00
usr_052,prob_sor_3_006,sorting,3,0,1563,12,2023-01-05T06:35:00
usr_052,prob_arr_1_097,arrays,1,1,365,3,2023-01-06T01:00:00
usr_052,prob_rec_3_013,recursion,3,0,1518,10,2023-01-06T10:03:00
usr_052,prob_str_3_056,strings,3,0,1660,11,2023-01-06T21:26:00
usr_052,prob_tre_2_066,trees,2,1,598,6,2023-01-07T06:24:00
usr_052,prob_sor_3_035,sorting,3,1,1202,10,2023-01-07T18:03:00
usr_052,prob_gra_2_063,graphs,2,0,630,7,2023-01-08T05:36:00
usr_052,prob_rec_1_042,recursion,1,1,353,3,2023-01-09T03:24:00
usr_052,prob_sor_1_028,sorting,1,1,356,3,2023-01-09T12:01:00
usr_052,prob_str_1_051,strings,1,0,572,3,2023-01-09T15:00:00
usr_052,prob_bas_1_003,basics,1,1,393,2,2023-01-10T06:58:00
usr_052,prob_sor_3_058,sorting,3,1,904,8,2023-01-10T11:14:00
usr_052,prob_rec_2_075,recursion,2,1,593,6,2023-01-11T11:14:00
usr_052,prob_bas_2_024,basics,2,1,425,5,2023-01-12T07:06:00
usr_052,prob_arr_1_059,arrays,1,0,314,5,2023-01-12T15:40:00
usr_052,prob_bas_1_092,basics,1,1,395,2,2023-01-13T12:51:00
usr_052,prob_sea_1_077,searching,1,1,377,3,2023-01-14T00:47:00
usr_052,prob_tre_2_045,trees,2,1,542,5,2023-01-14T11:21:00
usr_052,prob_sea_2_080,searching,2,1,643,5,2023-01-14T14:13:00
usr_052,prob_sea_3_062,searching,3,1,1227,8,2023-01-14T17:37:00
usr_052,prob_sea_2_089,searching,2,1,983,5,2023-01-14T22:27:00
usr_052,prob_tre_3_049,trees,3,1,1263,8,2023-01-15T17:08:00
usr_052,prob_bas_2_093,basics,2,1,589,5,2023-01-16T16:58:00
usr_052,prob_str_1_062,strings,1,1,212,2,2023-01-17T03:33:00
usr_052,prob_str_2_008,strings,2,0,612,6,2023-01-17T08:20:00
usr_052,prob_arr_1_085,arrays,1,1,230,2,2023-01-17T16:23:00
usr_052,prob_bas_3_097,basics,3,0,929,8,2023-01-17T18:07:00
usr_052,prob_rec_1_093,recursion,1,1,176,2,2023-01-18T16:25:00
usr_052,prob_str_3_041,strings,3,1,1622,7,2023-01-19T06:33:00
usr_052,prob_gra_3_060,graphs,3,1,1048,6,2023-01-19T17:54:00
usr_052,prob_gra_2_099,graphs,2,1,557,3,2023-01-20T06:10:00
usr_052,prob_sea_3_022,searching,3,1,1066,7,2023-01-20T11:59:00
usr_052,prob_sea_2_055,searching,2,1,769,4,2023-01-20T23:59:00
usr_052,prob_dyn_1_021,dynamic_programming,1,1,184,2,2023-01-21T10:40:00
usr_052,prob_sea_2_007,searching,2,1,391,3,2023-01-22T09:48:00
usr_052,prob_rec_3_043,recursion,3,0,934,9,2023-01-23T06:47:00
usr_052,prob_dyn_2_018,dynamic_programming,2,1,354,4,2023-01-24T04:33:00
usr_052,prob_tre_3_050,trees,3,1,626,6,2023-01-24T16:02:00
usr_052,prob_sor_2_040,sorting,2,0,470,4,2023-01-25T01:27:00
usr_052,prob_sor_2_062,sorting,2,1,382,3,2023-01-25T15:27:00
usr_052,prob_dyn_1_077,dynamic_programming,1,1,337,1,2023-01-25T20:59:00
usr_052,prob_bas_2_001,basics,2,1,495,4,2023-01-26T20:05:00
usr_052,prob_dyn_3_043,dynamic_programming,3,1,718,5,2023-01-27T02:50:00
usr_052,prob_dyn_3_017,dynamic_programming,3,1,874,6,2023-01-27T10:23:00
usr_052,prob_dyn_2_036,dynamic_programming,2,0,352,4,2023-01-27T11:08:00
usr_052,prob_bas_1_002,basics,1,1,285,1,2023-01-28T06:30:00
usr_052,prob_dyn_2_067,dynamic_programming,2,1,732,2,2023-01-28T13:48:00
usr_052,prob_sor_1_048,sorting,1,1,217,2,2023-01-28T23:45:00
usr_052,prob_sea_3_085,searching,3,1,777,4,2023-01-29T18:04:00
usr_052,prob_bas_3_062,basics,3,1,560,4,2023-01-30T05:58:00
usr_052,prob_arr_3_099,arrays,3,1,771,4,2023-01-30T13:54:00
usr_052,prob_sea_2_097,searching,2,1,282,2,2023-01-31T01:52:00
usr_052,prob_rec_2_023,recursion,2,0,334,4,2023-01-31T12:03:00
usr_052,prob_bas_2_066,basics,2,1,513,3,2023-01-31T19:56:00
usr_052,prob_arr_1_079,arrays,1,1,149,2,2023-01-31T21:58:00
usr_052,prob_rec_1_018,recursion,1,1,88,2,2023-02-01T09:01:00
usr_052,prob_bas_1_087,basics,1,1,200,1,2023-02-02T01:25:00
usr_052,prob_tre_1_078,trees,1,1,119,1,2023-02-02T17:14:00
usr_052,prob_str_2_063,strings,2,1,205,2,2023-02-02T18:45:00
usr_052,prob_dyn_2_081,dynamic_programming,2,1,334,1,2023-02-02T20:43:00
usr_052,prob_str_1_066,strings,1,1,145,1,2023-02-03T09:15:00
usr_052,prob_gra_3_033,graphs,3,1,395,4,2023-02-03T16:49:00
usr_053,prob_bas_2_062,basics,2,1,1561,6,2023-01-01T00:23:00
usr_053,prob_str_2_062,strings,2,1,1531,6,2023-01-01T17:29:00
usr_053,prob_gra_1_068,graphs,1,1,560,3,2023-01-02T03:00:00
usr_053,prob_gra_1_055,graphs,1,1,469,3,2023-01-02T04:19:00
usr_053,prob_tre_1_086,trees,1,1,254,2,2023-01-02T07:56:00
usr_053,prob_bas_1_066,basics,1,1,210,3,2023-01-02T11:48:00
usr_053,prob_rec_1_087,recursion,1,0,571,4,2023-01-02T14:59:00
usr_053,prob_sor_3_090,sorting,3,1,1564,9,2023-01-03T03:40:00
usr_053,prob_arr_2_017,arrays,2,0,651,7,2023-01-03T18:15:00
usr_053,prob_gra_3_079,graphs,3,1,1218,9,2023-01-04T14:34:00
usr_053,prob_dyn_3_034,dynamic_programming,3,0,1543,11,2023-01-05T05:37:00
usr_053,prob_gra_2_080,graphs,2,1,571,5,2023-01-05T20:04:00
usr_053,prob_tre_2_027,trees,2,0,921,5,2023-01-06T03:52:00
usr_053,prob_str_2_032,strings,2,0,735,6,2023-01-06T18:58:00
usr_053,prob_bas_1_031,basics,1,1,339,3,2023-01-06T22:29:00
usr_053,prob_sea_1_041,searching,1,1,279,2,2023-01-07T22:07:00
usr_053,prob_bas_2_002,basics,2,1,542,5,2023-01-07T23:59:00
usr_053,prob_gra_3_089,graphs,3,0,829,9,2023-01-08T21:33:00
usr_053,prob_sor_3_029,sorting,3,1,1316,7,2023-01-09T16:55:00
usr_053,prob_gra_3_073,graphs,3,1,1152,8,2023-01-10T15:16:00
usr_053,prob_dyn_1_028,dynamic_programming,1,1,297,3,2023-01-11T03:52:00
usr_053,prob_gra_1_028,graphs,1,1,304,3,2023-01-11T09:46:00
usr_053,prob_str_2_031,strings,2,1,541,4,2023-01-11T13:58:00
usr_053,prob_str_2_085,strings,2,1,576,4,2023-01-12T03:24:00
usr_053,prob_bas_1_042,basics,1,1,242,2,2023-01-12T09:33:00
usr_053,prob_arr_2_018,arrays,2,1,651,4,2023-01-12T18:58:00
usr_053,prob_dyn_3_045,dynamic_programming,3,0,795,9,2023-01-13T16:54:00
usr_053,prob_gra_3_048,graphs,3,1,945,6,2023-01-13T21:18:00
usr_053,prob_str_1_095,strings,1,1,181,2,2023-01-14T01:24:00
usr_053,prob_dyn_3_098,dynamic_programming,3,1,778,6,2023-01-14T11:13:00
usr_053,prob_str_2_050,strings,2,1,434,4,2023-01-15T05:46:00
usr_053,prob_dyn_3_026,dynamic_programming,3,1,651,6,2023-01-15T23:23:00
usr_053,prob_dyn_3_006,dynamic_programming,3,0,626,8,2023-01-16T06:12:00
usr_053,prob_tre_1_003,trees,1,1,209,2,2023-01-17T05:56:00
usr_053,prob_gra_1_017,graphs,1,1,203,2,2023-01-18T04:54:00
usr_053,prob_sor_2_070,sorting,2,1,422,2,2023-01-18T18:19:00
usr_053,prob_gra_3_072,graphs,3,1,803,5,2023-01-19T17:01:00
usr_053,prob_sea_2_027,searching,2,1,407,3,2023-01-20T00:43:00
usr_053,prob_bas_1_090,basics,1,1,200,1,2023-01-20T21:03:00
usr_053,prob_tre_3_002,trees,3,1,881,4,2023-01-21T07:35:00
usr_053,prob_arr_1_095,arrays,1,1,127,2,2023-01-21T07:53:00
usr_053,prob_rec_1_095,recursion,1,1,189,1,2023-01-22T07:32:00
usr_053,prob_arr_2_032,arrays,2,1,338,2,2023-01-22T15:26:00
usr_053,prob_str_2_088,strings,2,1,357,2,2023-01-23T03:29:00
usr_053,prob_arr_1_064,arrays,1,1,166,1,2023-01-23T08:10:00
usr_053,prob_dyn_1_051,dynamic_programming,1,1,122,1,2023-01-23T21:33:00
usr_053,prob_gra_2_090,graphs,2,1,263,2,2023-01-24T16:05:00
usr_053,prob_bas_1_090,basics,1,1,199,1,2023-01-24T23:20:00
usr_053,prob_rec_2_039,recursion,2,1,342,1,2023-01-25T16:21:00
usr_053,prob_dyn_2_081,dynamic_programming,2,1,438,1,2023-01-26T11:24:00
usr_053,prob_sea_1_057,searching,1,1,127,1,2023-01-26T14:55:00
usr_053,prob_dyn_1_063,dynamic_programming,1,1,89,1,2023-01-27T14:07:00
usr_053,prob_bas_2_087,basics,2,1,393,1,2023-01-27T16:20:00
usr_053,prob_dyn_3_063,dynamic_programming,3,1,542,4,2023-01-28T07:07:00
usr_053,prob_dyn_3_059,dynamic_programming,3,0,405,5,2023-01-28T23:35:00
usr_053,prob_arr_1_005,arrays,1,1,268,1,2023-01-29T09:15:00
usr_054,prob_sor_2_022,sorting,2,1,670,7,2023-01-01T18:50:00
usr_054,prob_str_2_057,strings,2,0,434,9,2023-01-02T01:46:00
usr_054,prob_arr_1_093,arrays,1,0,335,4,2023-01-02T08:55:00
usr_054,prob_gra_2_049,graphs,2,1,397,8,2023-01-03T04:10:00
usr_054,prob_bas_3_048,basics,3,0,1126,14,2023-01-03T08:41:00
usr_054,prob_str_3_028,strings,3,0,1325,14,2023-01-03T14:30:00
usr_054,prob_tre_1_067,trees,1,1,203,3,2023-01-04T13:51:00
usr_054,prob_dyn_2_085,dynamic_programming,2,0,487,10,2023-01-04T16:30:00
usr_054,prob_sea_2_068,searching,2,0,653,9,2023-01-04T19:30:00
usr_054,prob_gra_1_069,graphs,1,0,225,6,2023-01-05T03:31:00
usr_054,prob_tre_1_045,trees,1,0,305,5,2023-01-05T10:47:00
usr_054,prob_tre_3_073,trees,3,0,898,14,2023-01-06T10:29:00
usr_054,prob_sea_2_057,searching,2,1,636,7,2023-01-07T04:41:00
usr_054,prob_tre_3_046,trees,3,0,895,14,2023-01-08T00:31:00
usr_054,prob_sor_3_086,sorting,3,0,1250,14,2023-01-08T17:45:00
usr_054,prob_tre_1_004,trees,1,1,248,3,2023-01-08T22:24:00
usr_054,prob_sor_2_081,sorting,2,1,639,7,2023-01-09T15:02:00
usr_054,prob_rec_1_008,recursion,1,1,271,4,2023-01-10T03:57:00
usr_054,prob_dyn_1_053,dynamic_programming,1,0,194,5,2023-01-11T02:08:00
usr_054,prob_gra_1_016,graphs,1,1,217,3,2023-01-11T21:07:00
usr_054,prob_bas_2_066,basics,2,0,569,7,2023-01-12T06:47:00
usr_054,prob_dyn_1_022,dynamic_programming,1,1,238,4,2023-01-13T05:31:00
usr_054,prob_bas_3_004,basics,3,0,839,12,2023-01-13T23:34:00
usr_054,prob_arr_2_006,arrays,2,1,391,6,2023-01-14T11:02:00
usr_054,prob_dyn_3_029,dynamic_programming,3,0,1097,12,2023-01-14T13:26:00
usr_054,prob_tre_2_099,trees,2,0,270,8,2023-01-14T23:01:00
usr_054,prob_tre_1_024,trees,1,1,229,3,2023-01-15T09:38:00
usr_054,prob_gra_2_094,graphs,2,0,459,7,2023-01-15T10:09:00
usr_054,prob_sea_3_075,searching,3,0,1043,12,2023-01-15T19:31:00
usr_054,prob_rec_3_086,recursion,3,0,611,10,2023-01-16T06:20:00
usr_054,prob_bas_2_015,basics,2,0,802,7,2023-01-16T19:12:00
usr_054,prob_tre_3_018,trees,3,0,891,11,2023-01-17T04:51:00
usr_054,prob_bas_2_005,basics,2,0,707,8,2023-01-17T10:21:00
usr_054,prob_sea_1_078,searching,1,1,214,2,2023-01-17T11:01:00
usr_054,prob_tre_1_070,trees,1,1,213,3,2023-01-18T03:09:00
usr_054,prob_sea_2_090,searching,2,0,476,7,2023-01-18T05:02:00
usr_054,prob_str_2_041,strings,2,0,561,7,2023-01-18T18:24:00
usr_054,prob_sor_3_038,sorting,3,0,1078,9,2023-01-18T19:46:00
usr_054,prob_str_1_004,strings,1,0,184,3,2023-01-19T12:04:00
usr_054,prob_gra_3_067,graphs,3,0,662,10,2023-01-20T00:58:00
usr_054,prob_sor_3_056,sorting,3,0,1278,9,2023-01-20T22:02:00
usr_054,prob_arr_3_092,arrays,3,0,741,9,2023-01-21T20:06:00
usr_054,prob_dyn_3_036,dynamic_programming,3,0,483,9,2023-01-22T16:48:00
usr_054,prob_sea_1_053,searching,1,1,205,3,2023-01-23T00:48:00
usr_054,prob_tre_1_048,trees,1,0,238,5,2023-01-23T17:45:00
usr_054,prob_gra_1_009,graphs,1,0,195,3,2023-01-24T16:16:00
usr_054,prob_dyn_3_064,dynamic_programming,3,0,540,8,2023-01-24T16:32:00
usr_054,prob_str_3_057,strings,3,0,1011,9,2023-01-24T20:21:00
usr_054,prob_sea_1_016,searching,1,1,204,2,2023-01-24T23:21:00
usr_054,prob_dyn_2_088,dynamic_programming,2,0,269,6,2023-01-25T13:53:00
usr_054,prob_sor_2_075,sorting,2,0,370,5,2023-01-26T10:42:00
usr_054,prob_sor_3_024,sorting,3,0,597,8,2023-01-27T10:41:00
usr_054,prob_rec_2_028,recursion,2,1,301,3,2023-01-27T16:06:00
usr_054,prob_dyn_2_022,dynamic_programming,2,1,444,3,2023-01-28T00:34:00
usr_054,prob_gra_3_046,graphs,3,1,469,6,2023-01-28T06:02:00
usr_054,prob_dyn_2_048,dynamic_programming,2,0,370,6,2023-01-28T21:41:00
usr_054,prob_sea_1_012,searching,1,1,170,1,2023-01-29T04:34:00
usr_054,prob_sor_1_003,sorting,1,1,119,1,2023-01-29T23:17:00
usr_054,prob_str_1_080,strings,1,1,146,1,2023-01-30T06:04:00
usr_054,prob_bas_1_039,basics,1,0,144,3,2023-01-30T07:12:00
usr_054,prob_sea_2_051,searching,2,1,201,4,2023-01-30T09:11:00
usr_054,prob_sor_3_097,sorting,3,0,759,7,2023-01-30T10:55:00
usr_054,prob_gra_3_027,graphs,3,0,605,7,2023-01-31T04:18:00
usr_054,prob_gra_2_034,graphs,2,1,188,2,2023-01-31T17:13:00
usr_054,prob_str_2_075,strings,2,1,303,3,2023-02-01T06:46:00
usr_054,prob_arr_3_057,arrays,3,0,488,5,2023-02-01T07:03:00
usr_054,prob_dyn_1_058,dynamic_programming,1,1,184,2,2023-02-02T03:42:00
usr_054,prob_sea_1_002,searching,1,1,123,2,2023-02-02T05:34:00
usr_054,prob_tre_2_054,trees,2,1,241,2,2023-02-02T22:37:00
usr_054,prob_arr_3_024,arrays,3,0,434,6,2023-02-03T07:51:00
usr_054,prob_dyn_1_020,dynamic_programming,1,0,70,3,2023-02-04T04:38:00
usr_054,prob_bas_1_041,basics,1,1,117,2,2023-02-05T00:55:00
usr_054,prob_bas_1_033,basics,1,0,68,2,2023-02-05T10:23:00
usr_054,prob_bas_1_022,basics,1,1,125,1,2023-02-06T02:02:00
usr_054,prob_bas_2_049,basics,2,0,372,3,2023-02-06T02:30:00
usr_055,prob_arr_1_008,arrays,1,1,221,3,2023-01-01T08:14:00
usr_055,prob_rec_3_086,recursion,3,1,795,10,2023-01-02T08:04:00
usr_055,prob_bas_3_081,basics,3,1,877,11,2023-01-02T20:04:00
usr_055,prob_str_2_064,strings,2,0,460,9,2023-01-02T20:37:00
usr_055,prob_sea_3_096,searching,3,0,651,13,2023-01-03T17:52:00
usr_055,prob_tre_3_067,trees,3,1,862,11,2023-01-04T04:43:00
usr_055,prob_tre_2_094,trees,2,1,319,6,2023-01-04T10:43:00
usr_055,prob_sea_1_093,searching,1,0,218,4,2023-01-04T18:50:00
usr_055,prob_arr_1_052,arrays,1,0,161,3,2023-01-05T00:42:00
usr_055,prob_dyn_2_009,dynamic_programming,2,0,340,7,2023-01-05T22:43:00
usr_055,prob_dyn_1_060,dynamic_programming,1,1,151,2,2023-01-06T19:04:00
usr_055,prob_bas_1_088,basics,1,0,168,4,2023-01-07T09:03:00
usr_055,prob_tre_2_038,trees,2,1,263,6,2023-01-08T08:35:00
usr_055,prob_gra_3_006,graphs,3,0,784,11,2023-01-08T17:49:00
usr_055,prob_sea_2_088,searching,2,1,437,6,2023-01-08T22:29:00
usr_055,prob_bas_1_043,basics,1,0,146,3,2023-01-09T15:47:00
usr_055,prob_gra_2_061,graphs,2,0,371,7,2023-01-10T08:44:00
usr_055,prob_rec_1_039,recursion,1,1,180,3,2023-01-10T19:45:00
usr_055,prob_tre_2_053,trees,2,0,352,5,2023-01-11T12:38:00
usr_055,prob_dyn_1_046,dynamic_programming,1,1,240,3,2023-01-11T14:29:00
usr_055,prob_dyn_2_081,dynamic_programming,2,1,249,5,2023-01-12T13:25:00
usr_055,prob_sor_3_043,sorting,3,1,493,8,2023-01-13T02:35:00
usr_055,prob_arr_1_012,arrays,1,1,121,2,2023-01-13T23:45:00
usr_055,prob_tre_3_088,trees,3,0,710,9,2023-01-14T06:13:00
usr_055,prob_tre_2_005,trees,2,0,279,6,2023-01-14T18:38:00
usr_055,prob_bas_2_057,basics,2,0,338,5,2023-01-15T04:05:00
usr_055,prob_gra_1_076,graphs,1,1,157,2,2023-01-15T09:23:00
usr_055,prob_sor_1_033,sorting,1,1,138,3,2023-01-16T03:56:00
usr_055,prob_tre_2_087,trees,2,1,537,4,2023-01-16T23:48:00
usr_055,prob_rec_2_025,recursion,2,1,229,4,2023-01-17T05:24:00
usr_055,prob_str_3_077,strings,3,1,578,6,2023-01-18T04:19:00
usr_055,prob_str_3_014,strings,3,0,363,9,2023-01-18T08:50:00
usr_055,prob_arr_3_096,arrays,3,1,1027,6,2023-01-19T01:16:00
usr_055,prob_gra_2_043,graphs,2,1,277,4,2023-01-19T17:31:00
usr_055,prob_bas_2_084,basics,2,1,247,4,2023-01-20T12:28:00
usr_055,prob_tre_1_074,trees,1,1,132,1,2023-01-20T22:04:00
usr_055,prob_str_1_024,strings,1,0,155,3,2023-01-20T23:10:00
usr_055,prob_gra_2_049,graphs,2,1,197,3,2023-01-21T12:28:00
usr_055,prob_sor_2_056,sorting,2,1,296,3,2023-01-22T09:54:00
usr_055,prob_rec_3_005,recursion,3,1,414,5,2023-01-23T05:56:00
usr_055,prob_tre_3_028,trees,3,1,393,5,2023-01-23T19:00:00
usr_055,prob_gra_1_004,graphs,1,1,127,1,2023-01-24T12:41:00
usr_055,prob_str_2_086,strings,2,1,233,3,2023-01-25T07:26:00
usr_055,prob_gra_1_065,graphs,1,1,93,1,2023-01-25T19:55:00
usr_055,prob_str_2_065,strings,2,0,246,5,2023-01-26T19:39:00
usr_055,prob_arr_1_048,arrays,1,0,140,3,2023-01-27T10:07:00
usr_055,prob_arr_3_086,arrays,3,1,306,4,2023-01-28T02:57:00
usr_055,prob_rec_3_018,recursion,3,0,576,6,2023-01-28T21:04:00
usr_055,prob_sor_3_082,sorting,3,0,431,6,2023-01-29T04:57:00
usr_055,prob_bas_3_095,basics,3,1,342,3,2023-01-29T19:05:00
usr_055,prob_arr_2_100,arrays,2,1,114,2,2023-01-30T15:02:00
usr_055,prob_gra_3_024,graphs,3,1,344,3,2023-01-30T23:22:00
usr_055,prob_rec_1_067,recursion,1,1,82,1,2023-01-31T08:03:00
usr_056,prob_arr_2_037,arrays,2,0,584,8,2023-01-01T12:39:00
usr_056,prob_rec_3_043,recursion,3,0,1693,12,2023-01-02T06:38:00
usr_056,prob_bas_2_026,basics,2,1,495,6,2023-01-03T02:31:00
usr_056,prob_sor_3_038,sorting,3,0,1237,12,2023-01-03T13:02:00
usr_056,prob_rec_2_073,recursion,2,1,600,6,2023-01-04T02:09:00
usr_056,prob_str_1_097,strings,1,1,227,2,2023-01-04T11:15:00
usr_056,prob_str_2_045,strings,2,0,424,8,2023-01-04T21:21:00
usr_056,prob_gra_1_041,graphs,1,0,268,4,2023-01-05T13:49:00
usr_056,prob_dyn_2_032,dynamic_programming,2,0,575,6,2023-01-06T02:34:00
usr_056,prob_tre_1_057,trees,1,1,465,3,2023-01-07T00:55:00
usr_056,prob_sor_3_059,sorting,3,0,1363,10,2023-01-07T19:18:00
usr_056,prob_str_2_022,strings,2,0,507,7,2023-01-08T10:44:00
usr_056,prob_bas_2_056,basics,2,1,649,5,2023-01-08T22:09:00
usr_056,prob_arr_1_048,arrays,1,1,197,3,2023-01-09T17:42:00
usr_056,prob_bas_3_050,basics,3,1,1909,8,2023-01-09T20:30:00
usr_056,prob_rec_2_041,recursion,2,0,948,6,2023-01-10T01:46:00
usr_056,prob_sea_1_092,searching,1,1,290,3,2023-01-10T15:26:00
usr_056,prob_sor_3_059,sorting,3,1,1097,8,2023-01-11T02:49:00
usr_056,prob_arr_1_023,arrays,1,1,305,2,2023-01-12T00:04:00
usr_056,prob_arr_2_065,arrays,2,0,379,6,2023-01-12T20:47:00
usr_056,prob_arr_2_065,arrays,2,1,347,4,2023-01-13T17:18:00
usr_056,prob_dyn_1_087,dynamic_programming,1,1,232,2,2023-01-13T19:37:00
usr_056,prob_bas_3_063,basics,3,1,1123,7,2023-01-13T23:28:00
usr_056,prob_bas_3_013,basics,3,1,971,7,2023-01-14T05:15:00
usr_056,prob_sea_3_080,searching,3,0,882,7,2023-01-15T01:07:00
usr_056,prob_bas_1_014,basics,1,1,453,2,2023-01-15T14:03:00
usr_056,prob_sea_1_017,searching,1,1,166,2,2023-01-15T22:53:00
usr_056,prob_dyn_2_053,dynamic_programming,2,1,327,3,2023-01-16T14:43:00
usr_056,prob_rec_3_038,recursion,3,1,775,7,2023-01-17T03:47:00
usr_056,prob_arr_2_048,arrays,2,1,802,3,2023-01-17T20:41:00
usr_056,prob_str_2_009,strings,2,1,363,3,2023-01-18T20:08:00
usr_056,prob_rec_2_091,recursion,2,1,509,4,2023-01-19T09:16:00
usr_056,prob_rec_3_081,recursion,3,1,580,6,2023-01-20T08:21:00
usr_056,prob_dyn_1_089,dynamic_programming,1,1,172,1,2023-01-20T13:21:00
usr_056,prob_tre_2_006,trees,2,1,425,3,2023-01-21T09:08:00
usr_056,prob_tre_2_017,trees,2,1,377,4,2023-01-21T22:04:00
usr_056,prob_rec_3_033,recursion,3,0,1261,8,2023-01-22T18:35:00
usr_056,prob_dyn_3_013,dynamic_programming,3,1,437,6,2023-01-22T20:44:00
usr_056,prob_sea_3_081,searching,3,1,635,6,2023-01-23T18:03:00
usr_056,prob_sea_3_003,searching,3,1,629,5,2023-01-24T00:19:00
usr_056,prob_sea_1_056,searching,1,1,121,1,2023-01-24T16:07:00
usr_056,prob_tre_2_045,trees,2,1,326,3,2023-01-24T19:15:00
usr_056,prob_sor_3_079,sorting,3,1,458,4,2023-01-25T06:58:00
usr_056,prob_arr_3_059,arrays,3,1,400,5,2023-01-25T22:31:00
usr_056,prob_arr_3_013,arrays,3,1,384,4,2023-01-26T12:04:00
usr_056,prob_gra_2_088,graphs,2,1,233,2,2023-01-27T02:43:00
usr_056,prob_str_1_005,strings,1,1,197,1,2023-01-28T02:37:00
usr_056,prob_bas_1_090,basics,1,1,139,2,2023-01-29T00:42:00
usr_056,prob_gra_3_034,graphs,3,0,570,5,2023-01-29T02:58:00
usr_056,prob_tre_2_059,trees,2,1,271,2,2023-01-29T05:17:00
usr_056,prob_rec_2_045,recursion,2,1,224,2,2023-01-29T07:44:00
usr_056,prob_tre_2_042,trees,2,1,249,2,2023-01-29T18:37:00
usr_056,prob_gra_2_071,graphs,2,1,262,1,2023-01-30T14:20:00
usr_056,prob_dyn_1_036,dynamic_programming,1,1,49,1,2023-01-31T01:43:00
usr_057,prob_bas_1_064,basics,1,1,357,3,2023-01-01T03:00:00
usr_057,prob_gra_1_062,graphs,1,1,176,3,2023-01-01T16:50:00
usr_057,prob_rec_2_002,recursion,2,1,314,6,2023-01-02T00:47:00
usr_057,prob_bas_3_063,basics,3,0,677,10,2023-01-02T11:07:00
usr_057,prob_dyn_3_061,dynamic_programming,3,1,680,8,2023-01-03T05:14:00
usr_057,prob_rec_2_012,recursion,2,0,337,6,2023-01-03T15:32:00
usr_057,prob_dyn_2_062,dynamic_programming,2,1,374,4,2023-01-04T04:29:00
usr_057,prob_bas_1_002,basics,1,1,222,2,2023-01-05T03:18:00
usr_057,prob_dyn_2_030,dynamic_programming,2,1,697,4,2023-01-05T09:14:00
usr_057,prob_dyn_3_088,dynamic_programming,3,0,828,9,2023-01-05T21:20:00
usr_057,prob_dyn_1_047,dynamic_programming,1,1,121,3,2023-01-05T22:14:00
usr_057,prob_tre_3_071,trees,3,1,825,8,2023-01-06T11:11:00
usr_057,prob_str_2_084,strings,2,1,491,4,2023-01-07T05:53:00
usr_057,prob_arr_2_083,arrays,2,1,440,5,2023-01-07T06:09:00
usr_057,prob_sor_3_049,sorting,3,1,852,7,2023-01-07T11:51:00
usr_057,prob_gra_3_050,graphs,3,1,446,7,2023-01-08T07:13:00
usr_057,prob_bas_3_015,basics,3,1,745,7,2023-01-08T22:56:00
usr_057,prob_sea_3_017,searching,3,1,419,7,2023-01-09T16:20:00
usr_057,prob_bas_1_015,basics,1,1,139,1,2023-01-10T08:45:00
usr_057,prob_arr_2_092,arrays,2,1,333,3,2023-01-10T13:27:00
usr_057,prob_tre_3_062,trees,3,0,919,7,2023-01-11T07:29:00
usr_057,prob_dyn_3_087,dynamic_programming,3,1,471,7,2023-01-12T04:48:00
usr_057,prob_dyn_1_086,dynamic_programming,1,1,139,2,2023-01-12T14:49:00
usr_057,prob_dyn_3_053,dynamic_programming,3,1,562,7,2023-01-12T22:01:00
usr_057,prob_dyn_2_043,dynamic_programming,2,0,304,4,2023-01-13T16:12:00
usr_057,prob_sor_3_085,sorting,3,1,531,7,2023-01-13T19:12:00
usr_057,prob_sor_2_033,sorting,2,1,308,4,2023-01-14T01:51:00
usr_057,prob_str_1_022,strings,1,1,129,2,2023-01-14T15:56:00
usr_057,prob_gra_2_046,graphs,2,1,305,3,2023-01-14T22:13:00
usr_057,prob_sor_3_081,sorting,3,0,428,7,2023-01-15T18:49:00
usr_057,prob_sea_1_022,searching,1,1,173,2,2023-01-16T03:06:00
usr_057,prob_sor_2_090,sorting,2,1,339,3,2023-01-16T13:02:00
usr_057,prob_tre_3_026,trees,3,0,351,7,2023-01-16T14:08:00
usr_057,prob_rec_2_049,recursion,2,1,263,3,2023-01-17T04:06:00
usr_057,prob_bas_2_081,basics,2,1,510,2,2023-01-18T02:45:00
usr_057,prob_rec_2_034,recursion,2,1,421,3,2023-01-18T10:26:00
usr_057,prob_sor_2_001,sorting,2,0,177,3,2023-01-18T12:41:00
usr_057,prob_arr_3_022,arrays,3,1,498,4,2023-01-19T03:54:00
usr_057,prob_arr_3_014,arrays,3,1,342,4,2023-01-20T02:44:00
usr_057,prob_bas_3_012,basics,3,1,454,5,2023-01-21T00:52:00
usr_057,prob_arr_2_069,arrays,2,1,171,3,2023-01-21T07:29:00
usr_057,prob_bas_1_019,basics,1,1,113,2,2023-01-21T14:13:00
usr_057,prob_str_2_033,strings,2,1,227,2,2023-01-22T10:09:00
usr_057,prob_rec_2_057,recursion,2,1,173,2,2023-01-22T20:33:00
usr_057,prob_tre_2_036,trees,2,1,208,1,2023-01-23T04:13:00
usr_057,prob_dyn_1_084,dynamic_programming,1,1,79,1,2023-01-23T06:41:00
usr_057,prob_dyn_2_092,dynamic_programming,2,1,214,1,2023-01-23T14:08:00
usr_057,prob_dyn_1_009,dynamic_programming,1,1,104,1,2023-01-24T11:47:00
usr_057,prob_gra_3_040,graphs,3,1,605,4,2023-01-25T06:00:00
usr_057,prob_tre_2_002,trees,2,1,160,1,2023-01-26T01:49:00
usr_057,prob_gra_3_037,graphs,3,0,198,5,2023-01-26T13:53:00
usr_057,prob_dyn_2_088,dynamic_programming,2,1,201,2,2023-01-27T02:42:00
usr_057,prob_dyn_3_088,dynamic_programming,3,1,211,4,2023-01-27T09:05:00
usr_057,prob_gra_2_078,graphs,2,1,159,2,2023-01-27T17:20:00
usr_058,prob_rec_3_026,recursion,3,1,1467,9,2023-01-01T05:00:00
usr_058,prob_rec_1_062,recursion,1,1,270,3,2023-01-02T04:55:00
usr_058,prob_sor_2_027,sorting,2,1,706,5,2023-01-02T20:17:00
usr_058,prob_dyn_3_016,dynamic_programming,3,0,701,10,2023-01-03T05:24:00
usr_058,prob_arr_1_044,arrays,1,1,393,2,2023-01-03T18:34:00
usr_058,prob_dyn_2_094,dynamic_programming,2,1,1073,4,2023-01-04T03:59:00
usr_058,prob_dyn_2_047,dynamic_programming,2,1,558,5,2023-01-04T18:52:00
usr_058,prob_gra_1_005,graphs,1,1,191,3,2023-01-05T14:05:00
usr_058,prob_bas_2_024,basics,2,1,548,5,2023-01-06T02:25:00
usr_058,prob_gra_3_035,graphs,3,0,673,9,2023-01-06T17:21:00
usr_058,prob_sea_2_058,searching,2,1,344,5,2023-01-07T11:59:00
usr_058,prob_gra_1_057,graphs,1,1,242,2,2023-01-07T14:04:00
usr_058,prob_sea_2_006,searching,2,1,522,4,2023-01-08T09:03:00
usr_058,prob_rec_1_063,recursion,1,1,341,3,2023-01-09T06:45:00
usr_058,prob_sor_2_025,sorting,2,1,487,4,2023-01-09T10:11:00
usr_058,prob_tre_3_097,trees,3,0,1259,9,2023-01-09T17:16:00
usr_058,prob_sea_3_031,searching,3,1,975,6,2023-01-10T04:19:00
usr_058,prob_arr_2_083,arrays,2,0,583,5,2023-01-11T00:15:00
usr_058,prob_bas_3_057,basics,3,1,853,6,2023-01-11T18:20:00
usr_058,prob_sor_3_098,sorting,3,1,1441,6,2023-01-12T17:58:00
usr_058,prob_sea_3_047,searching,3,1,1816,7,2023-01-13T16:32:00
usr_058,prob_dyn_1_059,dynamic_programming,1,1,166,2,2023-01-14T07:15:00
usr_058,prob_tre_3_060,trees,3,1,942,6,2023-01-14T15:47:00
usr_058,prob_str_2_012,strings,2,1,337,3,2023-01-15T03:14:00
usr_058,prob_rec_2_053,recursion,2,1,378,3,2023-01-15T23:00:00
usr_058,prob_dyn_2_048,dynamic_programming,2,1,657,4,2023-01-16T09:46:00
usr_058,prob_bas_2_085,basics,2,1,454,4,2023-01-16T13:35:00
usr_058,prob_tre_1_100,trees,1,1,143,1,2023-01-16T21:40:00
usr_058,prob_rec_3_027,recursion,3,1,676,6,2023-01-17T18:15:00
usr_058,prob_tre_1_026,trees,1,1,119,1,2023-01-18T12:03:00
usr_058,prob_bas_1_094,basics,1,1,204,1,2023-01-18T19:23:00
usr_058,prob_bas_2_066,basics,2,1,312,4,2023-01-19T02:47:00
usr_058,prob_gra_3_049,graphs,3,1,677,5,2023-01-19T04:10:00
usr_058,prob_str_1_099,strings,1,1,223,1,2023-01-19T16:12:00
usr_058,prob_gra_1_090,graphs,1,1,187,1,2023-01-19T23:03:00
usr_058,prob_arr_1_062,arrays,1,1,222,2,2023-01-19T23:43:00
usr_058,prob_tre_2_029,trees,2,1,356,3,2023-01-20T16:46:00
usr_058,prob_sea_3_035,searching,3,1,521,5,2023-01-21T01:22:00
usr_058,prob_sea_2_033,searching,2,1,305,3,2023-01-21T20:00:00
usr_058,prob_dyn_3_027,dynamic_programming,3,1,661,5,2023-01-22T02:32:00
usr_058,prob_arr_3_047,arrays,3,1,721,4,2023-01-22T11:02:00
usr_058,prob_bas_3_061,basics,3,1,629,4,2023-01-23T02:03:00
usr_058,prob_sea_2_077,searching,2,1,351,3,2023-01-23T14:53:00
usr_058,prob_dyn_2_061,dynamic_programming,2,1,387,3,2023-01-24T02:33:00
usr_058,prob_str_3_040,strings,3,0,564,6,2023-01-24T07:33:00
usr_058,prob_gra_2_079,graphs,2,1,220,2,2023-01-25T02:01:00
usr_058,prob_rec_2_011,recursion,2,1,378,3,2023-01-25T18:40:00
usr_058,prob_str_1_012,strings,1,1,112,2,2023-01-26T15:26:00
usr_058,prob_str_2_049,strings,2,1,372,2,2023-01-27T04:58:00
usr_058,prob_gra_3_050,graphs,3,1,911,4,2023-01-27T13:21:00
usr_058,prob_tre_2_017,trees,2,1,319,2,2023-01-28T07:54:00
usr_058,prob_sea_1_040,searching,1,1,183,1,2023-01-28T13:56:00
usr_058,prob_bas_1_087,basics,1,1,202,1,2023-01-29T01:40:00
usr_058,prob_bas_2_060,basics,2,1,260,1,2023-01-29T15:48:00
usr_058,prob_sor_2_020,sorting,2,1,202,1,2023-01-29T23:32:00
usr_058,prob_sor_3_031,sorting,3,1,286,3,2023-01-30T14:55:00
usr_058,prob_arr_2_041,arrays,2,1,258,2,2023-01-30T20:45:00
usr_058,prob_sea_2_007,searching,2,1,275,1,2023-01-31T05:05:00
usr_058,prob_sor_1_049,sorting,1,1,95,1,2023-01-31T21:34:00
usr_058,prob_gra_2_011,graphs,2,1,239,2,2023-02-01T18:49:00
usr_058,prob_str_3_065,strings,3,1,359,4,2023-02-01T23:08:00
usr_058,prob_rec_3_071,recursion,3,0,309,5,2023-02-02T09:38:00
usr_058,prob_sor_2_026,sorting,2,1,285,2,2023-02-03T07:45:00
usr_058,prob_dyn_3_071,dynamic_programming,3,1,468,3,2023-02-04T07:41:00
usr_058,prob_sor_1_047,sorting,1,1,86,1,2023-02-05T00:03:00
usr_058,prob_bas_1_047,basics,1,1,198,1,2023-02-05T09:26:00
usr_058,prob_bas_2_007,basics,2,1,229,1,2023-02-05T12:54:00
usr_059,prob_str_1_027,strings,1,0,304,5,2023-01-01T13:36:00
usr_059,prob_rec_3_061,recursion,3,1,1699,8,2023-01-02T10:48:00
usr_059,prob_tre_3_089,trees,3,0,1565,10,2023-01-03T03:22:00
usr_059,prob_rec_1_017,recursion,1,1,431,3,2023-01-03T08:20:00
usr_059,prob_arr_3_016,arrays,3,0,1034,10,2023-01-04T04:37:00
usr_059,prob_dyn_3_069,dynamic_programming,3,0,1428,9,2023-01-04T15:07:00
usr_059,prob_str_3_019,strings,3,0,1109,10,2023-01-05T01:37:00
usr_059,prob_dyn_1_046,dynamic_programming,1,1,278,3,2023-01-05T09:26:00
usr_059,prob_tre_2_019,trees,2,1,569,4,2023-01-06T08:41:00
usr_059,prob_dyn_1_029,dynamic_programming,1,1,317,3,2023-01-06T15:42:00
usr_059,prob_tre_2_099,trees,2,1,540,4,2023-01-06T18:49:00
usr_059,prob_str_1_100,strings,1,1,535,2,2023-01-07T18:23:00
usr_059,prob_dyn_1_045,dynamic_programming,1,1,290,2,2023-01-08T07:50:00
usr_059,prob_arr_2_053,arrays,2,1,758,4,2023-01-08T22:03:00
usr_059,prob_rec_1_036,recursion,1,1,380,3,2023-01-09T14:28:00
usr_059,prob_gra_2_014,graphs,2,1,508,3,2023-01-10T10:55:00
usr_059,prob_arr_2_029,arrays,2,1,554,4,2023-01-11T02:37:00
usr_059,prob_bas_1_086,basics,1,1,368,1,2023-01-11T22:50:00
usr_059,prob_dyn_2_037,dynamic_programming,2,1,708,3,2023-01-11T23:26:00
usr_059,prob_rec_2_098,recursion,2,1,383,3,2023-01-12T06:46:00
usr_059,prob_str_3_082,strings,3,1,1018,7,2023-01-13T01:24:00
usr_059,prob_sea_3_030,searching,3,1,1122,7,2023-01-13T03:35:00
usr_059,prob_sea_2_052,searching,2,1,683,3,2023-01-13T18:13:00
usr_059,prob_rec_3_084,recursion,3,1,1422,7,2023-01-14T03:21:00
usr_059,prob_rec_3_014,recursion,3,1,2400,6,2023-01-15T02:32:00
usr_059,prob_sea_2_086,searching,2,1,505,3,2023-01-16T01:49:00
usr_059,prob_gra_3_050,graphs,3,0,782,8,2023-01-16T17:05:00
usr_059,prob_rec_1_069,recursion,1,1,285,2,2023-01-17T12:21:00
usr_059,prob_str_2_090,strings,2,0,638,5,2023-01-18T02:38:00
usr_059,prob_arr_3_097,arrays,3,1,1176,5,2023-01-18T13:59:00
usr_059,prob_tre_3_053,trees,3,1,645,6,2023-01-18T22:13:00
usr_059,prob_gra_1_069,graphs,1,1,256,1,2023-01-19T13:44:00
usr_059,prob_sea_2_088,searching,2,1,388,4,2023-01-20T01:43:00
usr_059,prob_tre_2_041,trees,2,1,381,4,2023-01-20T02:00:00
usr_059,prob_bas_2_045,basics,2,1,527,4,2023-01-20T04:16:00
usr_059,prob_arr_2_062,arrays,2,1,486,3,2023-01-20T11:27:00
usr_059,prob_dyn_2_011,dynamic_programming,2,1,424,3,2023-01-21T04:50:00
usr_059,prob_dyn_2_096,dynamic_programming,2,1,439,2,2023-01-21T21:48:00
usr_059,prob_sea_3_003,searching,3,1,720,5,2023-01-22T19:03:00
usr_059,prob_gra_2_098,graphs,2,1,434,3,2023-01-23T12:42:00
usr_059,prob_str_3_076,strings,3,1,602,5,2023-01-24T01:02:00
usr_059,prob_str_1_063,strings,1,1,237,1,2023-01-24T05:36:00
usr_059,prob_arr_2_094,arrays,2,1,389,2,2023-01-25T00:15:00
usr_059,prob_rec_2_074,recursion,2,1,512,3,2023-01-25T00:32:00
usr_059,prob_bas_1_075,basics,1,1,249,1,2023-01-25T05:39:00
usr_059,prob_bas_3_018,basics,3,1,1026,5,2023-01-25T21:44:00
usr_059,prob_dyn_1_003,dynamic_programming,1,1,310,2,2023-01-26T20:21:00
usr_059,prob_sea_1_066,searching,1,1,212,2,2023-01-27T18:38:00
usr_059,prob_sor_1_050,sorting,1,1,154,2,2023-01-27T20:43:00
usr_059,prob_sor_3_030,sorting,3,0,1216,5,2023-01-28T04:23:00
usr_059,prob_bas_3_059,basics,3,1,629,5,2023-01-28T12:41:00
usr_059,prob_rec_3_076,recursion,3,1,873,5,2023-01-29T05:31:00
usr_059,prob_bas_2_015,basics,2,1,277,2,2023-01-29T11:02:00
usr_059,prob_str_1_030,strings,1,1,174,2,2023-01-29T16:01:00
usr_059,prob_arr_2_084,arrays,2,1,350,2,2023-01-29T20:44:00
usr_059,prob_bas_1_084,basics,1,1,132,1,2023-01-30T16:15:00
usr_059,prob_bas_3_080,basics,3,1,622,3,2023-01-31T09:52:00
usr_059,prob_sea_2_085,searching,2,1,602,2,2023-01-31T10:21:00
usr_059,prob_rec_1_100,recursion,1,1,188,1,2023-02-01T07:43:00
usr_059,prob_bas_1_064,basics,1,1,185,1,2023-02-02T01:23:00
usr_059,prob_rec_1_027,recursion,1,1,180,1,2023-02-02T19:41:00
usr_059,prob_bas_2_068,basics,2,1,674,2,2023-02-03T09:30:00
usr_059,prob_bas_2_064,basics,2,1,215,2,2023-02-03T18:07:00
usr_059,prob_tre_1_087,trees,1,1,122,1,2023-02-04T16:45:00
usr_059,prob_sor_3_028,sorting,3,1,589,3,2023-02-05T06:23:00
usr_059,prob_bas_3_023,basics,3,1,601,4,2023-02-05T17:25:00
usr_059,prob_dyn_1_086,dynamic_programming,1,1,196,1,2023-02-05T23:57:00
usr_059,prob_dyn_3_099,dynamic_programming,3,0,768,4,2023-02-06T13:45:00
usr_059,prob_tre_2_079,trees,2,1,219,2,2023-02-07T07:13:00
usr_059,prob_arr_1_085,arrays,1,1,170,1,2023-02-07T08:50:00
usr_059,prob_sor_1_079,sorting,1,1,226,1,2023-02-07T18:17:00
usr_059,prob_gra_3_027,graphs,3,0,554,4,2023-02-07T20:06:00
usr_059,prob_tre_3_033,trees,3,1,533,3,2023-02-08T14:57:00
usr_059,prob_sea_1_013,searching,1,1,105,1,2023-02-09T09:23:00
usr_060,prob_bas_1_064,basics,1,1,327,3,2023-01-01T19:08:00
usr_060,prob_sea_3_055,searching,3,0,2023,12,2023-01-02T05:51:00
usr_060,prob_gra_2_038,graphs,2,1,659,6,2023-01-02T20:41:00
usr_060,prob_arr_3_059,arrays,3,1,1972,9,2023-01-02T22:59:00
usr_060,prob_arr_2_030,arrays,2,0,664,7,2023-01-03T14:06:00
usr_060,prob_dyn_2_035,dynamic_programming,2,0,725,6,2023-01-03T18:29:00
usr_060,prob_arr_3_072,arrays,3,1,1529,9,2023-01-03T21:28:00
usr_060,prob_sea_1_021,searching,1,1,329,3,2023-01-03T22:57:00
usr_060,prob_sea_3_095,searching,3,1,1614,9,2023-01-04T11:23:00
usr_060,prob_bas_3_076,basics,3,1,2655,9,2023-01-04T19:42:00
usr_060,prob_dyn_2_024,dynamic_programming,2,1,864,6,2023-01-05T02:10:00
usr_060,prob_arr_3_079,arrays,3,1,2053,9,2023-01-06T01:07:00
usr_060,prob_rec_3_050,recursion,3,1,1553,8,2023-01-06T15:33:00
usr_060,prob_str_2_071,strings,2,1,1341,6,2023-01-07T11:15:00
usr_060,prob_bas_1_053,basics,1,1,415,2,2023-01-07T19:23:00
usr_060,prob_sea_1_039,searching,1,1,464,2,2023-01-08T10:24:00
usr_060,prob_sor_2_082,sorting,2,1,692,4,2023-01-08T10:41:00
usr_060,prob_str_1_082,strings,1,1,299,3,2023-01-08T15:47:00
usr_060,prob_rec_2_002,recursion,2,1,820,5,2023-01-08T16:01:00
usr_060,prob_gra_3_006,graphs,3,0,1764,10,2023-01-09T10:54:00
usr_060,prob_sor_2_048,sorting,2,1,922,5,2023-01-10T05:04:00
usr_060,prob_sea_3_014,searching,3,0,1466,8,2023-01-10T09:50:00
usr_060,prob_tre_2_064,trees,2,1,795,4,2023-01-11T04:31:00
usr_060,prob_bas_2_020,basics,2,1,485,5,2023-01-11T14:08:00
usr_060,prob_str_1_020,strings,1,1,325,2,2023-01-12T02:39:00
usr_060,prob_bas_3_099,basics,3,1,974,8,2023-01-12T23:40:00
usr_060,prob_arr_2_064,arrays,2,0,592,6,2023-01-13T15:54:00
usr_060,prob_sor_1_069,sorting,1,1,243,2,2023-01-14T14:32:00
usr_060,prob_sea_1_033,searching,1,1,364,2,2023-01-14T21:11:00
usr_060,prob_bas_3_083,basics,3,1,1451,7,2023-01-15T00:06:00
usr_060,prob_arr_2_092,arrays,2,0,460,6,2023-01-15T11:07:00
usr_060,prob_rec_3_064,recursion,3,1,1199,6,2023-01-15T14:07:00
usr_060,prob_sea_3_055,searching,3,1,835,6,2023-01-16T09:56:00
usr_060,prob_arr_1_010,arrays,1,1,347,2,2023-01-17T03:39:00
usr_060,prob_sea_3_003,searching,3,1,1014,6,2023-01-17T09:21:00
usr_060,prob_arr_2_012,arrays,2,1,469,4,2023-01-18T00:58:00
usr_060,prob_str_2_071,strings,2,1,649,4,2023-01-18T19:42:00
usr_060,prob_arr_1_069,arrays,1,1,399,1,2023-01-19T02:40:00
usr_060,prob_tre_2_033,trees,2,1,667,3,2023-01-19T13:23:00
usr_060,prob_arr_2_067,arrays,2,1,686,3,2023-01-20T00:12:00
usr_060,prob_tre_1_045,trees,1,1,268,2,2023-01-20T13:24:00
usr_060,prob_str_3_072,strings,3,1,1317,7,2023-01-20T23:12:00
usr_060,prob_str_3_078,strings,3,0,916,7,2023-01-21T02:30:00
usr_060,prob_tre_1_071,trees,1,1,303,2,2023-01-22T00:54:00
usr_060,prob_arr_2_092,arrays,2,1,602,3,2023-01-22T13:23:00
usr_060,prob_gra_2_084,graphs,2,1,565,3,2023-01-23T01:57:00
usr_060,prob_gra_1_008,graphs,1,1,399,2,2023-01-23T03:15:00
usr_060,prob_bas_3_044,basics,3,1,1260,6,2023-01-23T17:44:00
usr_060,prob_tre_1_068,trees,1,1,275,1,2023-01-24T11:38:00
usr_060,prob_sor_1_062,sorting,1,1,373,2,2023-01-24T23:37:00
usr_060,prob_str_2_045,strings,2,1,556,3,2023-01-25T14:26:00
usr_060,prob_gra_1_068,graphs,1,1,253,1,2023-01-25T18:23:00
usr_060,prob_arr_2_035,arrays,2,1,363,3,2023-01-26T00:47:00
usr_060,prob_bas_1_083,basics,1,1,186,1,2023-01-26T13:11:00
usr_060,prob_tre_1_092,trees,1,1,153,2,2023-01-27T02:29:00
usr_060,prob_bas_3_026,basics,3,1,655,4,2023-01-27T22:32:00
usr_060,prob_sea_3_003,searching,3,0,1002,5,2023-01-28T11:46:00
usr_060,prob_rec_1_080,recursion,1,1,167,2,2023-01-29T08:16:00
usr_060,prob_rec_2_060,recursion,2,1,434,3,2023-01-29T15:22:00
usr_060,prob_dyn_1_028,dynamic_programming,1,1,259,2,2023-01-30T02:34:00
usr_060,prob_str_1_066,strings,1,1,155,1,2023-01-30T14:46:00
usr_060,prob_tre_2_070,trees,2,1,397,2,2023-01-31T05:32:00
usr_060,prob_dyn_3_092,dynamic_programming,3,1,854,4,2023-01-31T11:59:00
usr_060,prob_bas_1_100,basics,1,1,150,1,2023-01-31T15:19:00
usr_060,prob_gra_2_030,graphs,2,1,722,1,2023-02-01T09:26:00
usr_060,prob_gra_2_086,graphs,2,1,364,2,2023-02-01T12:44:00
usr_060,prob_sea_1_039,searching,1,1,166,1,2023-02-02T00:50:00
usr_060,prob_rec_2_026,recursion,2,1,264,2,2023-02-02T19:40:00
usr_060,prob_tre_3_012,trees,3,1,792,4,2023-02-03T17:33:00
usr_060,prob_sea_1_032,searching,1,1,147,1,2023-02-04T17:29:00
usr_060,prob_rec_3_002,recursion,3,1,481,3,2023-02-05T02:31:00
usr_061,prob_dyn_1_075,dynamic_programming,1,1,246,2,2023-01-01T06:47:00
usr_061,prob_arr_3_082,arrays,3,0,1500,12,2023-01-01T19:34:00
usr_061,prob_dyn_3_009,dynamic_programming,3,0,2300,11,2023-01-02T01:30:00
usr_061,prob_arr_2_065,arrays,2,1,758,5,2023-01-02T10:27:00
usr_061,prob_sea_2_098,searching,2,1,1059,6,2023-01-02T23:17:00
usr_061,prob_tre_3_059,trees,3,0,947,12,2023-01-03T18:18:00
usr_061,prob_bas_2_042,basics,2,1,571,6,2023-01-04T08:53:00
usr_061,prob_sea_3_022,searching,3,1,947,9,2023-01-04T15:43:00
usr_061,prob_rec_2_078,recursion,2,1,558,5,2023-01-04T19:31:00
usr_061,prob_str_2_005,strings,2,1,584,6,2023-01-05T11:29:00
usr_061,prob_rec_1_016,recursion,1,1,223,2,2023-01-05T23:05:00
usr_061,prob_arr_1_036,arrays,1,1,389,3,2023-01-06T04:06:00
usr_061,prob_tre_1_067,trees,1,1,331,3,2023-01-06T19:37:00
usr_061,prob_tre_1_064,trees,1,1,331,3,2023-01-06T21:55:00
usr_061,prob_tre_1_027,trees,1,1,286,2,2023-01-07T07:20:00
usr_061,prob_sea_1_065,searching,1,1,539,3,2023-01-08T02:21:00
usr_061,prob_sea_1_088,searching,1,1,281,3,2023-01-08T04:25:00
usr_061,prob_str_3_033,strings,3,0,1520,11,2023-01-08T17:47:00
usr_061,prob_rec_2_029,recursion,2,0,697,7,2023-01-09T10:42:00
usr_061,prob_dyn_3_056,dynamic_programming,3,1,1312,7,2023-01-09T20:37:00
usr_061,prob_arr_2_080,arrays,2,1,334,4,2023-01-09T21:28:00
usr_061,prob_tre_2_010,trees,2,1,428,5,2023-01-10T00:57:00
usr_061,prob_gra_1_027,graphs,1,1,214,3,2023-01-10T15:48:00
usr_061,prob_tre_2_038,trees,2,1,349,5,2023-01-11T08:07:00
usr_061,prob_bas_3_046,basics,3,1,1102,7,2023-01-12T04:55:00
usr_061,prob_sea_2_068,searching,2,1,594,5,2023-01-12T10:42:00
usr_061,prob_bas_3_048,basics,3,0,1043,9,2023-01-12T13:27:00
usr_061,prob_tre_1_046,trees,1,1,292,3,2023-01-12T17:24:00
usr_061,prob_sea_2_005,searching,2,1,355,5,2023-01-12T23:34:00
usr_061,prob_bas_1_100,basics,1,1,212,2,2023-01-13T16:24:00
usr_061,prob_dyn_3_009,dynamic_programming,3,1,727,7,2023-01-13T17:32:00
usr_061,prob_rec_1_017,recursion,1,1,339,2,2023-01-14T05:32:00
usr_061,prob_arr_1_006,arrays,1,1,201,2,2023-01-15T02:23:00
usr_061,prob_bas_1_001,basics,1,1,358,2,2023-01-15T22:24:00
usr_061,prob_arr_3_100,arrays,3,1,1069,7,2023-01-16T16:43:00
usr_061,prob_arr_2_097,arrays,2,1,634,4,2023-01-16T19:05:00
usr_061,prob_str_2_091,strings,2,1,548,4,2023-01-17T06:20:00
usr_061,prob_arr_1_006,arrays,1,1,225,2,2023-01-17T14:41:00
usr_061,prob_gra_3_088,graphs,3,1,834,6,2023-01-18T13:49:00
usr_061,prob_arr_3_039,arrays,3,1,1042,7,2023-01-18T22:18:00
usr_061,prob_gra_2_078,graphs,2,1,481,4,2023-01-19T07:12:00
usr_061,prob_tre_2_028,trees,2,1,269,4,2023-01-20T06:17:00
usr_061,prob_arr_2_046,arrays,2,1,464,4,2023-01-20T14:00:00
usr_061,prob_sor_3_004,sorting,3,0,715,6,2023-01-21T03:28:00
usr_061,prob_rec_3_020,recursion,3,0,787,8,2023-01-21T07:07:00
usr_061,prob_tre_2_008,trees,2,1,274,4,2023-01-22T04:43:00
usr_061,prob_rec_3_031,recursion,3,1,701,5,2023-01-22T21:56:00
usr_061,prob_tre_1_038,trees,1,0,174,4,2023-01-23T14:10:00
usr_061,prob_bas_3_063,basics,3,1,846,5,2023-01-23T20:32:00
usr_061,prob_tre_2_023,trees,2,1,395,2,2023-01-24T00:25:00
usr_061,prob_tre_3_060,trees,3,1,458,6,2023-01-24T01:56:00
usr_061,prob_tre_2_098,trees,2,1,293,2,2023-01-24T05:40:00
usr_061,prob_arr_2_059,arrays,2,1,312,3,2023-01-25T03:13:00
usr_061,prob_sea_2_019,searching,2,1,523,3,2023-01-25T13:13:00
usr_061,prob_tre_1_087,trees,1,1,175,2,2023-01-26T12:34:00
usr_061,prob_rec_3_080,recursion,3,1,548,5,2023-01-27T00:16:00
usr_061,prob_gra_2_098,graphs,2,1,280,2,2023-01-27T07:28:00
usr_061,prob_bas_1_053,basics,1,1,154,1,2023-01-28T04:34:00
usr_061,prob_rec_3_093,recursion,3,1,746,5,2023-01-28T21:41:00
usr_061,prob_bas_3_025,basics,3,1,792,5,2023-01-29T15:05:00
usr_061,prob_sor_2_066,sorting,2,1,405,3,2023-01-30T05:14:00
usr_061,prob_tre_1_059,trees,1,1,67,2,2023-01-30T12:02:00
usr_061,prob_tre_1_025,trees,1,1,193,2,2023-01-31T04:30:00
usr_061,prob_sor_1_063,sorting,1,1,157,1,2023-01-31T05:34:00
usr_061,prob_rec_3_035,recursion,3,1,627,3,2023-01-31T13:32:00
usr_061,prob_bas_1_074,basics,1,1,130,1,2023-02-01T05:17:00
usr_061,prob_bas_1_014,basics,1,1,134,1,2023-02-02T02:02:00
usr_061,prob_sea_2_004,searching,2,1,332,2,2023-02-02T07:16:00
usr_061,prob_bas_2_017,basics,2,1,292,2,2023-02-02T08:03:00
usr_061,prob_sor_2_083,sorting,2,1,325,2,2023-02-02T20:05:00
usr_061,prob_dyn_2_037,dynamic_programming,2,1,265,1,2023-02-03T05:08:00
usr_061,prob_rec_2_080,recursion,2,1,201,2,2023-02-03T17:31:00
usr_061,prob_sor_2_095,sorting,2,1,165,2,2023-02-04T00:24:00
usr_061,prob_arr_1_043,arrays,1,1,149,1,2023-02-04T15:56:00
usr_061,prob_tre_2_043,trees,2,1,230,1,2023-02-04T19:10:00
usr_062,prob_gra_2_039,graphs,2,0,1565,8,2023-01-01T05:37:00
usr_062,prob_bas_1_064,basics,1,1,345,4,2023-01-02T05:13:00
usr_062,prob_rec_1_079,recursion,1,1,432,4,2023-01-02T05:52:00
usr_062,prob_arr_2_019,arrays,2,0,922,8,2023-01-03T00:24:00
usr_062,prob_tre_1_078,trees,1,0,321,5,2023-01-03T07:31:00
usr_062,prob_dyn_3_098,dynamic_programming,3,0,1874,12,2023-01-03T08:00:00
usr_062,prob_bas_2_073,basics,2,1,663,6,2023-01-03T12:22:00
usr_062,prob_tre_1_024,trees,1,1,423,3,2023-01-04T11:13:00
usr_062,prob_rec_3_069,recursion,3,1,1491,10,2023-01-04T18:29:00
usr_062,prob_arr_3_077,arrays,3,0,1611,12,2023-01-04T19:28:00
usr_062,prob_rec_2_024,recursion,2,1,596,6,2023-01-04T21:30:00
usr_062,prob_gra_3_100,graphs,3,0,1514,12,2023-01-05T12:32:00
usr_062,prob_arr_2_005,arrays,2,1,612,5,2023-01-06T07:21:00
usr_062,prob_bas_3_067,basics,3,0,1185,11,2023-01-06T20:06:00
usr_062,prob_bas_1_037,basics,1,1,487,3,2023-01-07T09:07:00
usr_062,prob_dyn_3_042,dynamic_programming,3,1,1516,9,2023-01-07T09:53:00
usr_062,prob_dyn_3_033,dynamic_programming,3,0,1263,10,2023-01-07T12:56:00
usr_062,prob_str_3_075,strings,3,1,2228,9,2023-01-08T06:03:00
usr_062,prob_sea_2_091,searching,2,1,1386,6,2023-01-08T06:55:00
usr_062,prob_sor_3_043,sorting,3,1,1333,9,2023-01-08T14:07:00
usr_062,prob_bas_3_003,basics,3,1,834,8,2023-01-08T16:49:00
usr_062,prob_sea_1_035,searching,1,1,316,3,2023-01-08T21:24:00
usr_062,prob_rec_3_068,recursion,3,0,1185,10,2023-01-09T07:50:00
usr_062,prob_rec_3_061,recursion,3,0,1446,10,2023-01-10T02:51:00
usr_062,prob_arr_3_002,arrays,3,0,1242,10,2023-01-10T03:01:00
usr_062,prob_dyn_1_052,dynamic_programming,1,1,496,3,2023-01-10T06:30:00
usr_062,prob_tre_1_073,trees,1,0,253,3,2023-01-11T03:24:00
usr_062,prob_str_3_096,strings,3,1,1429,7,2023-01-11T10:23:00
usr_062,prob_arr_3_038,arrays,3,1,1226,8,2023-01-11T22:16:00
usr_062,prob_str_1_055,strings,1,1,176,2,2023-01-12T12:33:00
usr_062,prob_str_1_069,strings,1,1,449,3,2023-01-12T21:28:00
usr_062,prob_gra_2_008,graphs,2,1,448,4,2023-01-13T13:15:00
usr_062,prob_bas_2_029,basics,2,1,713,3,2023-01-14T05:11:00
usr_062,prob_gra_1_086,graphs,1,1,212,1,2023-01-14T13:45:00
usr_062,prob_gra_1_015,graphs,1,1,460,1,2023-01-14T16:16:00
usr_062,prob_bas_3_067,basics,3,1,890,6,2023-01-14T18:51:00
usr_062,prob_rec_2_025,recursion,2,0,298,5,2023-01-15T13:35:00
usr_062,prob_str_3_049,strings,3,1,1109,6,2023-01-16T09:32:00
usr_062,prob_rec_1_005,recursion,1,0,286,3,2023-01-16T13:39:00
usr_062,prob_rec_3_075,recursion,3,1,934,6,2023-01-16T14:36:00
usr_062,prob_sor_3_083,sorting,3,0,818,7,2023-01-17T05:21:00
usr_062,prob_bas_1_020,basics,1,1,227,1,2023-01-18T04:38:00
usr_062,prob_dyn_2_016,dynamic_programming,2,0,324,4,2023-01-18T07:03:00
usr_062,prob_sea_3_073,searching,3,0,699,7,2023-01-18T19:06:00
usr_062,prob_arr_3_035,arrays,3,1,665,5,2023-01-19T13:05:00
usr_062,prob_dyn_1_100,dynamic_programming,1,1,208,1,2023-01-20T07:25:00
usr_062,prob_dyn_3_033,dynamic_programming,3,0,602,6,2023-01-21T06:50:00
usr_062,prob_bas_2_057,basics,2,1,272,3,2023-01-21T15:00:00
usr_062,prob_bas_3_073,basics,3,0,1191,5,2023-01-22T10:01:00
usr_062,prob_str_2_071,strings,2,1,411,2,2023-01-22T16:36:00
usr_062,prob_gra_1_023,graphs,1,1,129,2,2023-01-23T12:40:00
usr_062,prob_dyn_1_012,dynamic_programming,1,1,196,1,2023-01-24T08:25:00
usr_062,prob_rec_2_050,recursion,2,1,356,1,2023-01-24T15:25:00
usr_062,prob_gra_2_069,graphs,2,1,316,2,2023-01-25T03:50:00
usr_062,prob_sor_1_005,sorting,1,1,93,1,2023-01-25T09:39:00
usr_062,prob_rec_2_032,recursion,2,1,241,2,2023-01-25T10:35:00
usr_063,prob_dyn_3_093,dynamic_programming,3,0,1186,10,2023-01-01T10:33:00
usr_063,prob_sor_2_036,sorting,2,1,878,5,2023-01-01T12:07:00
usr_063,prob_dyn_3_042,dynamic_programming,3,1,1431,8,2023-01-02T09:57:00
usr_063,prob_arr_1_035,arrays,1,1,658,3,2023-01-03T08:56:00
usr_063,prob_arr_3_085,arrays,3,1,2099,8,2023-01-04T04:13:00
usr_063,prob_arr_2_084,arrays,2,1,862,5,2023-01-04T11:07:00
usr_063,prob_tre_1_091,trees,1,1,430,3,2023-01-04T12:31:00
usr_063,prob_gra_3_019,graphs,3,1,1135,8,2023-01-04T23:55:00
usr_063,prob_str_2_059,strings,2,1,691,4,2023-01-05T02:07:00
usr_063,prob_dyn_2_074,dynamic_programming,2,1,813,4,2023-01-05T07:00:00
usr_063,prob_arr_3_005,arrays,3,0,1603,8,2023-01-05T21:17:00
usr_063,prob_gra_1_078,graphs,1,1,254,2,2023-01-06T07:17:00
usr_063,prob_rec_1_047,recursion,1,1,234,2,2023-01-06T07:24:00
usr_063,prob_sor_1_043,sorting,1,1,325,2,2023-01-06T18:52:00
usr_063,prob_sor_2_066,sorting,2,1,555,3,2023-01-07T11:44:00
usr_063,prob_rec_2_084,recursion,2,1,899,3,2023-01-08T07:12:00
usr_063,prob_rec_3_051,recursion,3,1,1244,6,2023-01-08T14:07:00
usr_063,prob_gra_2_053,graphs,2,1,683,3,2023-01-09T13:34:00
usr_063,prob_rec_2_059,recursion,2,1,463,3,2023-01-10T09:16:00
usr_063,prob_sea_2_069,searching,2,1,673,3,2023-01-11T01:39:00
usr_063,prob_bas_1_072,basics,1,1,266,1,2023-01-11T18:01:00
usr_063,prob_gra_1_095,graphs,1,1,317,2,2023-01-12T05:45:00
usr_063,prob_dyn_1_034,dynamic_programming,1,1,276,2,2023-01-12T10:06:00
usr_063,prob_arr_1_093,arrays,1,1,274,2,2023-01-12T18:53:00
usr_063,prob_bas_2_033,basics,2,1,462,4,2023-01-13T01:22:00
usr_063,prob_bas_2_003,basics,2,1,383,3,2023-01-13T09:39:00
usr_063,prob_sor_3_048,sorting,3,1,1278,5,2023-01-13T20:44:00
usr_063,prob_str_1_024,strings,1,1,173,2,2023-01-13T22:16:00
usr_063,prob_gra_3_033,graphs,3,0,1127,8,2023-01-14T02:32:00
usr_063,prob_dyn_1_067,dynamic_programming,1,1,225,2,2023-01-14T05:51:00
usr_063,prob_rec_3_098,recursion,3,0,998,7,2023-01-14T23:04:00
usr_063,prob_str_3_037,strings,3,1,842,6,2023-01-15T15:16:00
usr_063,prob_tre_2_090,trees,2,1,551,3,2023-01-16T10:25:00
usr_063,prob_dyn_1_012,dynamic_programming,1,1,231,2,2023-01-16T11:22:00
usr_063,prob_tre_2_077,trees,2,1,422,3,2023-01-16T22:24:00
usr_063,prob_sor_1_046,sorting,1,1,318,1,2023-01-17T12:31:00
usr_063,prob_arr_3_051,arrays,3,1,1474,5,2023-01-17T17:41:00
usr_063,prob_sor_2_074,sorting,2,1,601,3,2023-01-18T06:06:00
usr_063,prob_dyn_3_098,dynamic_programming,3,1,646,5,2023-01-18T08:09:00
usr_063,prob_gra_1_081,graphs,1,1,161,2,2023-01-18T08:14:00
usr_063,prob_gra_3_059,graphs,3,1,861,5,2023-01-18T17:11:00
usr_063,prob_str_3_016,strings,3,1,1267,4,2023-01-18T23:54:00
usr_063,prob_rec_2_063,recursion,2,1,502,3,2023-01-19T05:32:00
usr_063,prob_rec_2_091,recursion,2,1,439,1,2023-01-19T05:57:00
usr_063,prob_dyn_2_068,dynamic_programming,2,1,314,2,2023-01-19T18:27:00
usr_063,prob_sea_2_058,searching,2,1,348,2,2023-01-20T15:51:00
usr_063,prob_rec_2_069,recursion,2,1,373,2,2023-01-21T09:41:00
usr_063,prob_arr_2_089,arrays,2,1,265,1,2023-01-22T09:41:00
usr_063,prob_dyn_1_067,dynamic_programming,1,1,200,1,2023-01-22T20:06:00
usr_063,prob_str_2_006,strings,2,1,317,1,2023-01-23T12:52:00
usr_063,prob_rec_2_093,recursion,2,1,347,1,2023-01-23T16:41:00
usr_063,prob_str_2_060,strings,2,1,484,2,2023-01-24T09:14:00
usr_063,prob_gra_2_042,graphs,2,1,418,2,2023-01-24T11:14:00
usr_063,prob_bas_3_054,basics,3,1,422,4,2023-01-24T12:46:00
usr_063,prob_dyn_3_071,dynamic_programming,3,0,538,4,2023-01-25T08:45:00
usr_063,prob_str_3_020,strings,3,1,1053,2,2023-01-25T23:07:00
usr_063,prob_rec_3_095,recursion,3,1,650,2,2023-01-26T16:59:00
usr_064,prob_sor_2_096,sorting,2,0,744,8,2023-01-01T09:37:00
usr_064,prob_tre_3_035,trees,3,0,1238,12,2023-01-01T23:26:00
usr_064,prob_rec_1_083,recursion,1,1,515,4,2023-01-02T03:23:00
usr_064,prob_arr_1_094,arrays,1,1,240,4,2023-01-03T00:20:00
usr_064,prob_tre_1_072,trees,1,0,328,4,2023-01-03T23:28:00
usr_064,prob_rec_1_063,recursion,1,1,341,4,2023-01-04T12:18:00
usr_064,prob_dyn_2_097,dynamic_programming,2,0,1361,8,2023-01-04T16:02:00
usr_064,prob_sea_1_090,searching,1,1,538,3,2023-01-05T08:50:00
usr_064,prob_bas_3_001,basics,3,0,1685,12,2023-01-05T11:48:00
usr_064,prob_arr_1_092,arrays,1,0,312,5,2023-01-05T17:23:00
usr_064,prob_sea_2_028,searching,2,1,754,6,2023-01-06T07:16:00
usr_064,prob_gra_3_007,graphs,3,0,1826,12,2023-01-06T17:06:00
usr_064,prob_str_3_099,strings,3,0,1430,13,2023-01-06T19:33:00
usr_064,prob_rec_2_090,recursion,2,1,497,6,2023-01-07T05:56:00
usr_064,prob_bas_1_013,basics,1,0,278,4,2023-01-08T04:31:00
usr_064,prob_sor_2_100,sorting,2,1,795,6,2023-01-08T08:29:00
usr_064,prob_gra_3_054,graphs,3,0,1094,11,2023-01-08T14:06:00
usr_064,prob_sor_2_054,sorting,2,1,824,6,2023-01-09T00:56:00
usr_064,prob_sor_3_073,sorting,3,0,1169,11,2023-01-10T00:39:00
usr_064,prob_sea_2_048,searching,2,1,790,5,2023-01-10T05:33:00
usr_064,prob_sea_1_005,searching,1,0,359,4,2023-01-10T21:08:00
usr_064,prob_sor_3_093,sorting,3,0,1239,11,2023-01-11T12:10:00
usr_064,prob_arr_2_050,arrays,2,1,646,6,2023-01-12T03:10:00
usr_064,prob_gra_1_025,graphs,1,1,208,3,2023-01-12T16:41:00
usr_064,prob_tre_2_038,trees,2,0,435,6,2023-01-13T14:35:00
usr_064,prob_sor_2_063,sorting,2,0,646,6,2023-01-13T16:00:00
usr_064,prob_str_2_020,strings,2,1,657,5,2023-01-14T15:20:00
usr_064,prob_str_2_068,strings,2,1,425,4,2023-01-15T06:56:00
usr_064,prob_rec_2_079,recursion,2,1,527,5,2023-01-16T06:27:00
usr_064,prob_sea_2_052,searching,2,0,532,5,2023-01-17T03:18:00
usr_064,prob_str_3_004,strings,3,0,773,10,2023-01-17T07:09:00
usr_064,prob_bas_1_048,basics,1,1,237,2,2023-01-18T02:56:00
usr_064,prob_sea_3_001,searching,3,1,1758,8,2023-01-18T22:44:00
usr_064,prob_dyn_2_004,dynamic_programming,2,1,331,4,2023-01-19T07:11:00
usr_064,prob_dyn_2_031,dynamic_programming,2,1,707,4,2023-01-20T04:21:00
usr_064,prob_sor_2_029,sorting,2,1,517,4,2023-01-20T10:34:00
usr_064,prob_gra_2_003,graphs,2,1,739,4,2023-01-20T19:18:00
usr_064,prob_gra_1_013,graphs,1,0,202,2,2023-01-20T19:43:00
usr_064,prob_arr_1_011,arrays,1,1,245,2,2023-01-21T11:37:00
usr_064,prob_dyn_1_028,dynamic_programming,1,1,430,2,2023-01-22T01:16:00
usr_064,prob_sor_3_059,sorting,3,0,961,9,2023-01-22T16:11:00
usr_064,prob_rec_3_064,recursion,3,1,870,6,2023-01-23T03:02:00
usr_064,prob_bas_1_090,basics,1,1,295,1,2023-01-24T02:33:00
usr_064,prob_sea_2_031,searching,2,1,468,4,2023-01-24T23:43:00
usr_064,prob_tre_1_075,trees,1,1,150,1,2023-01-25T09:45:00
usr_064,prob_str_1_012,strings,1,1,306,1,2023-01-26T01:55:00
usr_064,prob_dyn_2_009,dynamic_programming,2,1,698,2,2023-01-26T09:49:00
usr_064,prob_rec_2_007,recursion,2,1,473,2,2023-01-27T00:59:00
usr_064,prob_gra_2_059,graphs,2,0,505,5,2023-01-27T02:55:00
usr_064,prob_gra_3_094,graphs,3,0,548,7,2023-01-27T11:59:00
usr_064,prob_arr_3_070,arrays,3,0,632,6,2023-01-27T14:50:00
usr_064,prob_tre_2_044,trees,2,0,270,5,2023-01-28T13:01:00
usr_064,prob_tre_2_067,trees,2,1,344,3,2023-01-28T21:41:00
usr_064,prob_bas_1_083,basics,1,1,183,2,2023-01-29T12:45:00
usr_064,prob_rec_3_056,recursion,3,0,917,7,2023-01-30T02:39:00
usr_064,prob_bas_2_044,basics,2,1,383,2,2023-01-31T02:27:00
usr_064,prob_sea_2_017,searching,2,1,443,2,2023-01-31T10:13:00
usr_064,prob_bas_2_005,basics,2,1,317,2,2023-02-01T09:16:00
usr_065,prob_arr_3_061,arrays,3,0,1630,14,2023-01-01T09:27:00
usr_065,prob_tre_1_098,trees,1,1,722,4,2023-01-02T08:56:00
usr_065,prob_dyn_2_024,dynamic_programming,2,0,1204,9,2023-01-02T11:18:00
usr_065,prob_arr_2_015,arrays,2,0,1214,9,2023-01-03T10:02:00
usr_065,prob_sea_1_047,searching,1,1,754,3,2023-01-04T04:14:00
usr_065,prob_dyn_1_089,dynamic_programming,1,0,647,4,2023-01-04T13:47:00
usr_065,prob_gra_2_061,graphs,2,0,1342,9,2023-01-04T19:06:00
usr_065,prob_tre_1_052,trees,1,0,611,4,2023-01-05T09:51:00
usr_065,prob_tre_2_028,trees,2,0,1281,10,2023-01-06T00:03:00
usr_065,prob_gra_1_086,graphs,1,0,555,4,2023-01-06T12:24:00
usr_065,prob_arr_2_016,arrays,2,0,1432,9,2023-01-06T22:48:00
usr_065,prob_sor_3_018,sorting,3,0,1315,14,2023-01-07T02:19:00
usr_065,prob_rec_2_091,recursion,2,0,726,8,2023-01-07T11:49:00
usr_065,prob_bas_2_005,basics,2,0,1262,8,2023-01-08T00:36:00
usr_065,prob_sor_1_063,sorting,1,0,430,5,2023-01-08T11:25:00
usr_065,prob_tre_3_070,trees,3,0,1712,12,2023-01-08T18:33:00
usr_065,prob_bas_1_021,basics,1,0,588,5,2023-01-09T03:05:00
usr_065,prob_arr_2_023,arrays,2,0,843,7,2023-01-10T00:26:00
usr_065,prob_sea_2_078,searching,2,0,854,8,2023-01-10T19:42:00
usr_065,prob_gra_2_021,graphs,2,1,1288,6,2023-01-11T17:13:00
usr_065,prob_sor_3_067,sorting,3,0,1447,13,2023-01-11T19:47:00
usr_065,prob_arr_3_084,arrays,3,0,1576,11,2023-01-12T02:32:00
usr_065,prob_sea_2_054,searching,2,0,978,6,2023-01-12T16:57:00
usr_065,prob_sor_3_099,sorting,3,1,2123,10,2023-01-12T21:34:00
usr_065,prob_tre_3_082,trees,3,0,1473,10,2023-01-13T18:54:00
usr_065,prob_rec_1_016,recursion,1,1,589,2,2023-01-13T23:34:00
usr_065,prob_tre_2_004,trees,2,0,1083,7,2023-01-14T23:16:00
usr_065,prob_sea_2_069,searching,2,1,800,6,2023-01-15T05:19:00
usr_065,prob_tre_1_081,trees,1,1,448,3,2023-01-15T06:05:00
usr_065,prob_bas_1_049,basics,1,0,354,3,2023-01-15T11:57:00
usr_065,prob_gra_3_083,graphs,3,0,2214,11,2023-01-16T07:19:00
usr_065,prob_sor_2_061,sorting,2,0,881,7,2023-01-17T00:28:00
usr_065,prob_dyn_1_033,dynamic_programming,1,1,343,2,2023-01-17T06:58:00
usr_065,prob_sor_2_070,sorting,2,1,882,6,2023-01-17T18:26:00
usr_065,prob_gra_3_060,graphs,3,0,1773,10,2023-01-18T02:33:00
usr_065,prob_str_2_006,strings,2,0,943,6,2023-01-18T11:33:00
usr_065,prob_bas_2_043,basics,2,1,844,5,2023-01-19T06:37:00
usr_065,prob_arr_1_017,arrays,1,0,510,5,2023-01-19T18:49:00
usr_065,prob_str_2_094,strings,2,0,794,6,2023-01-20T11:06:00
usr_065,prob_str_3_013,strings,3,0,2220,10,2023-01-20T16:36:00
usr_065,prob_rec_1_050,recursion,1,0,240,5,2023-01-20T20:14:00
usr_065,prob_bas_3_044,basics,3,1,1363,7,2023-01-21T17:35:00
usr_065,prob_sea_2_090,searching,2,1,698,5,2023-01-21T17:45:00
usr_065,prob_bas_3_077,basics,3,0,1717,9,2023-01-21T19:26:00
usr_065,prob_arr_3_043,arrays,3,0,1041,9,2023-01-21T22:03:00
usr_065,prob_tre_3_096,trees,3,1,1313,7,2023-01-22T19:33:00
usr_065,prob_sor_2_033,sorting,2,1,1005,3,2023-01-23T08:30:00
usr_065,prob_gra_1_013,graphs,1,1,235,1,2023-01-24T05:48:00
usr_065,prob_bas_1_060,basics,1,1,357,2,2023-01-24T18:26:00
usr_065,prob_bas_3_091,basics,3,0,937,9,2023-01-25T06:52:00
usr_065,prob_gra_1_022,graphs,1,1,253,2,2023-01-25T23:06:00
usr_065,prob_str_3_034,strings,3,0,1186,9,2023-01-26T14:02:00
usr_065,prob_tre_3_011,trees,3,0,850,8,2023-01-27T00:37:00
usr_065,prob_dyn_2_039,dynamic_programming,2,1,1106,4,2023-01-27T11:06:00
usr_065,prob_bas_2_043,basics,2,0,526,5,2023-01-28T09:52:00
usr_065,prob_sea_2_060,searching,2,1,447,4,2023-01-28T13:11:00
usr_065,prob_bas_2_053,basics,2,1,487,3,2023-01-29T04:47:00
usr_065,prob_sor_3_097,sorting,3,0,785,7,2023-01-29T17:25:00
usr_065,prob_sor_1_070,sorting,1,0,220,3,2023-01-30T17:04:00
usr_065,prob_sor_2_033,sorting,2,1,480,2,2023-01-31T14:33:00
usr_065,prob_dyn_3_067,dynamic_programming,3,1,1219,5,2023-02-01T01:48:00
usr_065,prob_dyn_1_036,dynamic_programming,1,1,245,1,2023-02-01T23:30:00
usr_065,prob_dyn_1_097,dynamic_programming,1,1,154,2,2023-02-02T11:23:00
usr_065,prob_gra_3_014,graphs,3,0,753,6,2023-02-02T16:08:00
usr_065,prob_rec_2_027,recursion,2,0,416,3,2023-02-03T05:22:00
usr_065,prob_sor_2_038,sorting,2,0,366,3,2023-02-03T11:35:00
usr_065,prob_str_3_027,strings,3,0,894,6,2023-02-04T08:57:00
usr_065,prob_tre_3_027,trees,3,0,940,5,2023-02-05T02:29:00
usr_065,prob_gra_2_084,graphs,2,1,432,3,2023-02-05T10:02:00
usr_065,prob_str_3_081,strings,3,0,648,5,2023-02-06T06:42:00
usr_065,prob_str_3_013,strings,3,0,841,4,2023-02-07T03:23:00
usr_066,prob_arr_2_071,arrays,2,0,682,6,2023-01-01T07:18:00
usr_066,prob_tre_2_071,trees,2,1,744,4,2023-01-02T03:07:00
usr_066,prob_gra_1_010,graphs,1,1,251,3,2023-01-02T16:50:00
usr_066,prob_dyn_1_096,dynamic_programming,1,1,356,3,2023-01-03T10:49:00
usr_066,prob_sor_2_058,sorting,2,1,784,4,2023-01-04T10:15:00
usr_066,prob_bas_3_030,basics,3,0,1202,8,2023-01-04T19:29:00
usr_066,prob_sea_1_080,searching,1,1,248,2,2023-01-05T12:49:00
usr_066,prob_sea_2_091,searching,2,1,617,4,2023-01-06T11:51:00
usr_066,prob_rec_2_034,recursion,2,1,785,4,2023-01-07T06:04:00
usr_066,prob_bas_3_061,basics,3,1,1110,7,2023-01-07T07:59:00
usr_066,prob_gra_1_003,graphs,1,1,457,3,2023-01-08T02:39:00
usr_066,prob_sor_1_073,sorting,1,1,353,3,2023-01-08T23:05:00
usr_066,prob_tre_1_037,trees,1,1,345,2,2023-01-09T18:50:00
usr_066,prob_sor_3_050,sorting,3,1,1275,8,2023-01-10T08:26:00
usr_066,prob_sor_3_078,sorting,3,0,977,9,2023-01-10T23:04:00
usr_066,prob_arr_1_054,arrays,1,1,323,2,2023-01-11T00:00:00
usr_066,prob_sor_1_045,sorting,1,1,229,1,2023-01-11T02:57:00
usr_066,prob_bas_1_082,basics,1,1,274,1,2023-01-11T06:23:00
usr_066,prob_sor_3_061,sorting,3,1,1267,7,2023-01-11T20:42:00
usr_066,prob_rec_2_085,recursion,2,1,436,3,2023-01-12T08:59:00
usr_066,prob_str_2_039,strings,2,0,389,5,2023-01-13T03:22:00
usr_066,prob_sor_1_075,sorting,1,1,221,2,2023-01-13T21:02:00
usr_066,prob_dyn_2_003,dynamic_programming,2,1,486,4,2023-01-14T06:20:00
usr_066,prob_rec_3_019,recursion,3,1,1147,7,2023-01-14T12:54:00
usr_066,prob_str_1_088,strings,1,1,192,2,2023-01-14T16:36:00
usr_066,prob_tre_1_018,trees,1,1,263,2,2023-01-15T09:11:00
usr_066,prob_gra_1_083,graphs,1,1,440,2,2023-01-16T01:17:00
usr_066,prob_dyn_1_082,dynamic_programming,1,1,146,1,2023-01-16T20:40:00
usr_066,prob_sor_3_054,sorting,3,1,957,5,2023-01-16T21:01:00
usr_066,prob_tre_1_081,trees,1,1,250,2,2023-01-17T03:58:00
usr_066,prob_gra_1_072,graphs,1,1,226,2,2023-01-17T17:40:00
usr_066,prob_tre_1_074,trees,1,1,244,2,2023-01-18T04:26:00
usr_066,prob_sor_3_033,sorting,3,1,751,5,2023-01-18T18:34:00
usr_066,prob_str_2_002,strings,2,1,410,2,2023-01-19T10:48:00
usr_066,prob_dyn_3_069,dynamic_programming,3,1,752,5,2023-01-19T15:57:00
usr_066,prob_sor_2_076,sorting,2,1,243,3,2023-01-20T02:32:00
usr_066,prob_bas_1_055,basics,1,1,156,2,2023-01-20T20:11:00
usr_066,prob_str_1_069,strings,1,1,190,2,2023-01-21T07:59:00
usr_066,prob_rec_1_030,recursion,1,1,121,2,2023-01-22T04:41:00
usr_066,prob_bas_3_100,basics,3,1,560,5,2023-01-22T20:36:00
usr_066,prob_rec_2_096,recursion,2,1,398,2,2023-01-23T01:53:00
usr_066,prob_gra_2_003,graphs,2,1,412,3,2023-01-23T09:15:00
usr_066,prob_sea_1_074,searching,1,1,194,1,2023-01-23T13:31:00
usr_066,prob_dyn_3_054,dynamic_programming,3,1,1107,5,2023-01-23T22:39:00
usr_066,prob_str_3_094,strings,3,1,1305,4,2023-01-24T15:23:00
usr_066,prob_str_2_091,strings,2,1,355,2,2023-01-25T12:02:00
usr_066,prob_arr_1_084,arrays,1,1,109,1,2023-01-26T10:22:00
usr_066,prob_tre_2_093,trees,2,1,331,2,2023-01-26T12:04:00
usr_066,prob_dyn_2_038,dynamic_programming,2,1,464,1,2023-01-27T05:33:00
usr_066,prob_str_1_068,strings,1,1,97,1,2023-01-28T05:19:00
usr_066,prob_sea_1_023,searching,1,1,147,1,2023-01-28T12:49:00
usr_066,prob_dyn_1_091,dynamic_programming,1,1,82,1,2023-01-29T04:00:00
usr_066,prob_rec_3_034,recursion,3,1,387,3,2023-01-29T13:53:00
usr_066,prob_arr_3_016,arrays,3,0,590,5,2023-01-30T11:06:00
usr_066,prob_str_3_022,strings,3,0,449,4,2023-01-30T12:19:00
usr_066,prob_gra_3_018,graphs,3,0,427,5,2023-01-30T18:12:00
usr_067,prob_dyn_3_067,dynamic_programming,3,0,2126,14,2023-01-01T02:18:00
usr_067,prob_arr_3_084,arrays,3,0,3127,14,2023-01-01T13:26:00
usr_067,prob_arr_2_033,arrays,2,0,1018,9,2023-01-01T22:05:00
usr_067,prob_sor_1_075,sorting,1,0,774,4,2023-01-02T05:23:00
usr_067,prob_dyn_3_086,dynamic_programming,3,0,1939,13,2023-01-02T09:27:00
usr_067,prob_sea_1_073,searching,1,0,777,6,2023-01-03T08:19:00
usr_067,prob_dyn_1_092,dynamic_programming,1,1,279,3,2023-01-03T21:56:00
usr_067,prob_dyn_2_015,dynamic_programming,2,1,1376,7,2023-01-04T04:16:00
usr_067,prob_sor_2_061,sorting,2,0,623,9,2023-01-04T06:19:00
usr_067,prob_bas_3_040,basics,3,0,1949,12,2023-01-05T00:36:00
usr_067,prob_sor_1_004,sorting,1,1,467,3,2023-01-06T00:17:00
usr_067,prob_sea_1_020,searching,1,1,362,4,2023-01-06T12:39:00
usr_067,prob_arr_1_100,arrays,1,0,259,5,2023-01-07T03:06:00
usr_067,prob_sor_3_047,sorting,3,0,1521,13,2023-01-07T11:01:00
usr_067,prob_sea_3_064,searching,3,0,1695,11,2023-01-07T18:16:00
usr_067,prob_sea_2_076,searching,2,0,791,8,2023-01-08T14:46:00
usr_067,prob_bas_2_084,basics,2,1,877,6,2023-01-09T10:47:00
usr_067,prob_tre_2_059,trees,2,1,494,5,2023-01-09T20:28:00
usr_067,prob_sea_2_027,searching,2,0,468,7,2023-01-10T18:37:00
usr_067,prob_str_2_015,strings,2,0,508,8,2023-01-11T06:05:00
usr_067,prob_str_1_021,strings,1,1,352,3,2023-01-11T23:07:00
usr_067,prob_rec_1_075,recursion,1,0,361,3,2023-01-12T00:52:00
usr_067,prob_rec_3_018,recursion,3,0,1907,10,2023-01-12T18:01:00
usr_067,prob_tre_3_002,trees,3,0,1155,10,2023-01-12T18:25:00
usr_067,prob_rec_2_081,recursion,2,1,692,5,2023-01-13T03:46:00
usr_067,prob_gra_2_070,graphs,2,0,561,7,2023-01-13T23:29:00
usr_067,prob_sea_3_064,searching,3,0,1331,10,2023-01-14T21:42:00
usr_067,prob_arr_2_083,arrays,2,0,562,6,2023-01-15T11:47:00
usr_067,prob_str_1_060,strings,1,0,372,4,2023-01-15T14:08:00
usr_067,prob_arr_2_096,arrays,2,0,385,5,2023-01-15T17:25:00
usr_067,prob_arr_2_050,arrays,2,1,628,5,2023-01-15T21:50:00
usr_067,prob_arr_2_004,arrays,2,0,631,6,2023-01-15T22:22:00
usr_067,prob_arr_3_076,arrays,3,0,703,9,2023-01-16T09:54:00
usr_067,prob_arr_2_030,arrays,2,1,470,4,2023-01-16T14:08:00
usr_067,prob_str_1_069,strings,1,1,264,2,2023-01-17T00:54:00
usr_067,prob_sea_2_079,searching,2,1,327,4,2023-01-17T20:44:00
usr_067,prob_bas_2_021,basics,2,1,362,3,2023-01-18T09:07:00
usr_067,prob_bas_3_032,basics,3,0,854,8,2023-01-18T11:26:00
usr_067,prob_sor_2_075,sorting,2,1,437,4,2023-01-19T02:34:00
usr_067,prob_dyn_3_005,dynamic_programming,3,0,556,7,2023-01-19T10:22:00
usr_067,prob_dyn_2_068,dynamic_programming,2,1,522,4,2023-01-19T17:17:00
usr_067,prob_rec_2_045,recursion,2,1,419,3,2023-01-20T07:53:00
usr_067,prob_tre_3_083,trees,3,0,936,6,2023-01-20T20:27:00
usr_067,prob_gra_3_081,graphs,3,0,939,7,2023-01-21T08:39:00
usr_067,prob_arr_1_084,arrays,1,0,192,3,2023-01-21T12:29:00
usr_067,prob_sea_3_082,searching,3,0,689,6,2023-01-21T14:32:00
usr_067,prob_arr_2_073,arrays,2,0,327,4,2023-01-22T07:25:00
usr_067,prob_sor_2_094,sorting,2,1,524,2,2023-01-22T17:23:00
usr_067,prob_bas_3_071,basics,3,0,743,6,2023-01-23T04:15:00
usr_067,prob_gra_1_006,graphs,1,1,223,2,2023-01-23T18:13:00
usr_067,prob_sor_3_073,sorting,3,0,602,6,2023-01-24T01:34:00
usr_067,prob_bas_1_098,basics,1,1,160,1,2023-01-24T19:26:00
usr_068,prob_arr_2_089,arrays,2,1,713,7,2023-01-01T13:47:00
usr_068,prob_sea_3_073,searching,3,0,1722,13,2023-01-02T07:39:00
usr_068,prob_arr_1_068,arrays,1,1,573,3,2023-01-03T06:10:00
usr_068,prob_dyn_2_028,dynamic_programming,2,1,1245,6,2023-01-03T11:38:00
usr_068,prob_gra_1_052,graphs,1,1,474,3,2023-01-04T10:13:00
usr_068,prob_gra_1_045,graphs,1,0,398,5,2023-01-05T03:42:00
usr_068,prob_sea_2_071,searching,2,0,697,9,2023-01-05T05:05:00
usr_068,prob_sea_1_015,searching,1,0,537,6,2023-01-05T20:30:00
usr_068,prob_str_3_008,strings,3,0,1364,12,2023-01-05T21:31:00
usr_068,prob_str_1_038,strings,1,0,582,6,2023-01-06T06:44:00
usr_068,prob_dyn_3_100,dynamic_programming,3,1,1664,10,2023-01-07T06:13:00
usr_068,prob_dyn_2_030,dynamic_programming,2,0,1113,8,2023-01-08T03:08:00
usr_068,prob_gra_2_079,graphs,2,0,1219,7,2023-01-08T09:02:00
usr_068,prob_tre_1_082,trees,1,1,508,3,2023-01-08T09:18:00
usr_068,prob_sor_2_089,sorting,2,0,901,7,2023-01-08T10:10:00
usr_068,prob_tre_3_015,trees,3,1,1950,9,2023-01-08T18:38:00
usr_068,prob_sea_1_062,searching,1,1,578,2,2023-01-09T12:19:00
usr_068,prob_sor_3_061,sorting,3,0,1589,11,2023-01-09T15:43:00
usr_068,prob_rec_2_044,recursion,2,0,1111,7,2023-01-09T17:55:00
usr_068,prob_tre_2_062,trees,2,1,1002,6,2023-01-09T18:02:00
usr_068,prob_rec_2_096,recursion,2,0,611,7,2023-01-09T20:35:00
usr_068,prob_gra_3_069,graphs,3,1,1636,10,2023-01-09T22:13:00
usr_068,prob_sea_1_020,searching,1,1,728,2,2023-01-10T08:43:00
usr_068,prob_arr_1_009,arrays,1,1,347,3,2023-01-11T01:19:00
usr_068,prob_str_2_091,strings,2,1,665,6,2023-01-11T10:19:00
usr_068,prob_str_1_061,strings,1,1,393,2,2023-01-11T20:41:00
usr_068,prob_rec_3_070,recursion,3,0,1678,11,2023-01-12T06:11:00
usr_068,prob_bas_2_074,basics,2,0,866,6,2023-01-12T15:07:00
usr_068,prob_tre_1_022,trees,1,1,418,3,2023-01-12T23:37:00
usr_068,prob_gra_3_002,graphs,3,0,1351,10,2023-01-13T21:32:00
usr_068,prob_str_2_067,strings,2,1,628,4,2023-01-14T12:19:00
usr_068,prob_arr_3_087,arrays,3,0,1487,10,2023-01-15T00:40:00
usr_068,prob_str_2_083,strings,2,1,936,5,2023-01-15T04:46:00
usr_068,prob_bas_3_031,basics,3,1,1520,8,2023-01-15T19:29:00
usr_068,prob_sor_2_080,sorting,2,1,879,5,2023-01-16T06:12:00
usr_068,prob_str_1_056,strings,1,1,303,2,2023-01-16T14:11:00
usr_068,prob_dyn_3_006,dynamic_programming,3,0,1409,10,2023-01-16T22:00:00
usr_068,prob_dyn_2_072,dynamic_programming,2,0,1235,6,2023-01-17T12:06:00
usr_068,prob_dyn_1_003,dynamic_programming,1,1,379,3,2023-01-17T22:07:00
usr_068,prob_sea_2_038,searching,2,1,429,4,2023-01-18T04:36:00
usr_068,prob_dyn_1_099,dynamic_programming,1,1,377,2,2023-01-18T05:54:00
usr_068,prob_bas_1_039,basics,1,1,421,1,2023-01-18T22:59:00
usr_068,prob_gra_1_068,graphs,1,1,345,2,2023-01-19T01:44:00
usr_068,prob_str_3_014,strings,3,1,1415,6,2023-01-19T18:02:00
usr_068,prob_bas_2_064,basics,2,1,605,4,2023-01-20T12:59:00
usr_068,prob_sor_3_070,sorting,3,1,1292,6,2023-01-20T14:38:00
usr_068,prob_str_3_045,strings,3,1,999,7,2023-01-21T14:06:00
usr_068,prob_sea_2_100,searching,2,1,469,3,2023-01-22T10:34:00
usr_068,prob_bas_1_065,basics,1,1,181,2,2023-01-23T08:35:00
usr_068,prob_sor_1_082,sorting,1,1,220,1,2023-01-23T16:10:00
usr_068,prob_bas_3_036,basics,3,0,1183,8,2023-01-24T16:10:00
usr_068,prob_str_1_096,strings,1,1,250,2,2023-01-25T00:26:00
usr_068,prob_sea_1_047,searching,1,1,225,2,2023-01-25T20:09:00
usr_068,prob_bas_1_078,basics,1,0,310,4,2023-01-25T22:10:00
usr_068,prob_rec_2_047,recursion,2,1,485,4,2023-01-26T14:29:00
usr_068,prob_tre_3_036,trees,3,1,1117,6,2023-01-27T10:26:00
usr_068,prob_dyn_3_082,dynamic_programming,3,1,895,5,2023-01-27T23:30:00
usr_068,prob_dyn_1_056,dynamic_programming,1,1,202,1,2023-01-28T06:29:00
usr_068,prob_rec_3_034,recursion,3,1,926,6,2023-01-28T21:04:00
usr_068,prob_tre_3_049,trees,3,1,681,4,2023-01-29T05:27:00
usr_068,prob_sor_1_029,sorting,1,1,204,1,2023-01-29T07:59:00
usr_068,prob_gra_3_005,graphs,3,0,758,5,2023-01-29T13:35:00
usr_068,prob_str_3_090,strings,3,1,667,4,2023-01-30T04:34:00
usr_068,prob_rec_3_098,recursion,3,1,1065,5,2023-01-30T20:00:00
usr_068,prob_bas_3_100,basics,3,1,1008,4,2023-01-31T02:11:00
usr_068,prob_sor_2_014,sorting,2,0,575,3,2023-01-31T11:59:00
usr_068,prob_arr_1_068,arrays,1,1,295,2,2023-02-01T00:50:00
usr_068,prob_dyn_3_021,dynamic_programming,3,1,560,5,2023-02-01T03:41:00
usr_068,prob_sor_2_081,sorting,2,1,467,1,2023-02-01T10:52:00
usr_068,prob_dyn_2_035,dynamic_programming,2,1,282,1,2023-02-01T22:55:00
usr_068,prob_rec_2_021,recursion,2,1,396,1,2023-02-02T04:12:00
usr_068,prob_sor_1_070,sorting,1,1,205,1,2023-02-03T00:48:00
usr_068,prob_str_2_079,strings,2,1,671,1,2023-02-03T07:02:00
usr_069,prob_arr_1_018,arrays,1,1,526,2,2023-01-01T06:32:00
usr_069,prob_bas_1_098,basics,1,1,329,3,2023-01-01T13:30:00
usr_069,prob_sor_1_039,sorting,1,0,439,4,2023-01-02T10:21:00
usr_069,prob_dyn_1_091,dynamic_programming,1,0,346,4,2023-01-02T15:05:00
usr_069,prob_gra_1_004,graphs,1,1,359,3,2023-01-03T08:40:00
usr_069,prob_rec_3_099,recursion,3,1,1864,9,2023-01-03T09:18:00
usr_069,prob_gra_3_041,graphs,3,1,1143,10,2023-01-03T10:10:00
usr_069,prob_bas_3_053,basics,3,0,1685,12,2023-01-04T00:27:00
usr_069,prob_arr_3_019,arrays,3,1,1277,9,2023-01-04T05:24:00
usr_069,prob_gra_1_020,graphs,1,1,267,2,2023-01-04T16:36:00
usr_069,prob_bas_2_065,basics,2,1,582,6,2023-01-05T00:14:00
usr_069,prob_str_2_093,strings,2,1,853,5,2023-01-05T19:09:00
usr_069,prob_gra_1_019,graphs,1,1,389,3,2023-01-06T16:16:00
usr_069,prob_gra_1_076,graphs,1,0,371,4,2023-01-07T10:52:00
usr_069,prob_bas_1_051,basics,1,1,342,2,2023-01-07T17:07:00
usr_069,prob_str_3_035,strings,3,1,2694,8,2023-01-08T09:40:00
usr_069,prob_rec_3_045,recursion,3,1,1772,8,2023-01-08T23:47:00
usr_069,prob_bas_1_086,basics,1,1,247,2,2023-01-09T11:22:00
usr_069,prob_sea_1_096,searching,1,1,385,3,2023-01-09T13:25:00
usr_069,prob_gra_3_097,graphs,3,0,1303,10,2023-01-10T01:07:00
usr_069,prob_arr_3_044,arrays,3,1,918,9,2023-01-10T19:04:00
usr_069,prob_sea_2_088,searching,2,1,837,5,2023-01-11T17:29:00
usr_069,prob_str_2_067,strings,2,0,1009,5,2023-01-12T14:50:00
usr_069,prob_rec_1_073,recursion,1,0,288,4,2023-01-12T20:21:00
usr_069,prob_sea_2_089,searching,2,1,1259,5,2023-01-13T07:49:00
usr_069,prob_sor_1_004,sorting,1,1,209,3,2023-01-13T13:32:00
usr_069,prob_bas_1_012,basics,1,1,238,3,2023-01-14T10:20:00
usr_069,prob_dyn_2_100,dynamic_programming,2,1,655,4,2023-01-15T06:37:00
usr_069,prob_gra_2_051,graphs,2,1,704,4,2023-01-15T19:20:00
usr_069,prob_gra_2_072,graphs,2,1,598,4,2023-01-16T08:58:00
usr_069,prob_str_2_021,strings,2,1,494,4,2023-01-16T14:17:00
usr_069,prob_arr_3_004,arrays,3,1,1415,8,2023-01-16T19:36:00
usr_069,prob_tre_3_063,trees,3,1,1980,6,2023-01-16T20:26:00
usr_069,prob_sor_2_091,sorting,2,1,405,3,2023-01-17T14:16:00
usr_069,prob_rec_2_046,recursion,2,1,452,4,2023-01-18T13:34:00
usr_069,prob_tre_3_067,trees,3,0,2270,7,2023-01-19T09:43:00
usr_069,prob_sea_3_044,searching,3,1,1222,7,2023-01-19T11:56:00
usr_069,prob_sea_1_061,searching,1,1,252,2,2023-01-19T23:49:00
usr_069,prob_rec_3_073,recursion,3,1,1255,6,2023-01-20T06:43:00
usr_069,prob_dyn_2_042,dynamic_programming,2,1,705,3,2023-01-20T18:57:00
usr_069,prob_bas_1_094,basics,1,1,235,2,2023-01-21T16:56:00
usr_069,prob_rec_1_015,recursion,1,1,214,1,2023-01-22T16:08:00
usr_069,prob_sor_2_050,sorting,2,1,481,3,2023-01-22T19:49:00
usr_069,prob_tre_2_065,trees,2,1,495,4,2023-01-23T00:29:00
usr_069,prob_tre_2_097,trees,2,0,466,5,2023-01-23T13:12:00
usr_069,prob_sea_3_004,searching,3,0,1820,7,2023-01-23T15:39:00
usr_069,prob_tre_2_099,trees,2,0,556,4,2023-01-24T01:44:00
usr_069,prob_dyn_2_006,dynamic_programming,2,1,599,4,2023-01-24T15:35:00
usr_069,prob_dyn_2_010,dynamic_programming,2,0,525,3,2023-01-25T03:25:00
usr_069,prob_sea_3_012,searching,3,0,754,8,2023-01-25T17:46:00
usr_069,prob_sea_1_029,searching,1,1,283,2,2023-01-26T01:20:00
usr_069,prob_tre_2_075,trees,2,1,446,2,2023-01-26T11:50:00
usr_069,prob_sor_3_044,sorting,3,1,1901,5,2023-01-27T04:49:00
usr_069,prob_rec_2_002,recursion,2,1,391,3,2023-01-27T10:18:00
usr_069,prob_sor_2_048,sorting,2,1,554,3,2023-01-28T08:40:00
usr_069,prob_gra_2_022,graphs,2,1,446,3,2023-01-28T10:21:00
usr_069,prob_bas_2_007,basics,2,1,492,3,2023-01-29T06:16:00
usr_069,prob_rec_2_004,recursion,2,1,539,2,2023-01-29T22:42:00
usr_069,prob_gra_3_015,graphs,3,0,1247,7,2023-01-30T04:14:00
usr_069,prob_sea_1_080,searching,1,1,210,2,2023-01-30T13:21:00
usr_069,prob_arr_1_047,arrays,1,1,214,2,2023-01-31T04:20:00
usr_069,prob_gra_1_021,graphs,1,1,190,1,2023-01-31T23:11:00
usr_069,prob_sor_3_091,sorting,3,1,883,5,2023-02-01T13:57:00
usr_069,prob_sor_1_071,sorting,1,1,234,2,2023-02-01T23:42:00
usr_069,prob_rec_2_041,recursion,2,1,714,3,2023-02-02T08:44:00
usr_069,prob_arr_2_040,arrays,2,1,270,2,2023-02-03T07:40:00
usr_069,prob_rec_1_070,recursion,1,1,208,1,2023-02-03T12:33:00
usr_069,prob_dyn_1_062,dynamic_programming,1,1,207,1,2023-02-03T22:02:00
usr_069,prob_sea_1_066,searching,1,1,171,1,2023-02-04T12:53:00
usr_069,prob_bas_2_046,basics,2,1,278,2,2023-02-05T00:23:00
usr_069,prob_str_2_062,strings,2,1,415,1,2023-02-05T07:33:00
usr_069,prob_sor_3_083,sorting,3,0,845,6,2023-02-05T18:23:00
usr_069,prob_dyn_2_006,dynamic_programming,2,1,261,1,2023-02-05T22:42:00
usr_069,prob_gra_3_024,graphs,3,0,640,4,2023-02-06T16:34:00
usr_069,prob_tre_2_015,trees,2,1,238,2,2023-02-06T19:04:00
usr_070,prob_sor_3_013,sorting,3,0,1721,14,2023-01-01T06:49:00
usr_070,prob_tre_3_018,trees,3,0,1932,13,2023-01-01T21:28:00
usr_070,prob_bas_1_038,basics,1,1,460,3,2023-01-02T14:05:00
usr_070,prob_arr_1_081,arrays,1,0,570,5,2023-01-02T22:16:00
usr_070,prob_arr_3_073,arrays,3,0,1413,13,2023-01-03T07:05:00
usr_070,prob_rec_3_027,recursion,3,0,2922,13,2023-01-04T01:49:00
usr_070,prob_str_3_031,strings,3,0,1432,12,2023-01-04T12:05:00
usr_070,prob_sea_1_055,searching,1,0,428,5,2023-01-04T23:59:00
usr_070,prob_arr_1_004,arrays,1,1,737,4,2023-01-05T02:09:00
usr_070,prob_arr_3_075,arrays,3,0,1306,12,2023-01-05T02:16:00
usr_070,prob_dyn_2_058,dynamic_programming,2,0,830,8,2023-01-05T03:56:00
usr_070,prob_sor_1_074,sorting,1,1,420,3,2023-01-05T05:49:00
usr_070,prob_tre_1_002,trees,1,0,410,5,2023-01-06T04:00:00
usr_070,prob_str_2_019,strings,2,0,944,8,2023-01-06T16:09:00
usr_070,prob_sea_2_072,searching,2,1,892,7,2023-01-07T00:20:00
usr_070,prob_gra_2_042,graphs,2,0,921,7,2023-01-07T02:22:00
usr_070,prob_arr_2_014,arrays,2,1,925,6,2023-01-07T20:01:00
usr_070,prob_sor_2_025,sorting,2,1,771,6,2023-01-08T15:16:00
usr_070,prob_str_1_084,strings,1,1,580,3,2023-01-09T12:12:00
usr_070,prob_tre_2_016,trees,2,1,764,6,2023-01-10T07:21:00
usr_070,prob_gra_3_055,graphs,3,1,1403,10,2023-01-10T16:20:00
usr_070,prob_bas_2_026,basics,2,0,499,8,2023-01-10T21:56:00
usr_070,prob_sea_2_070,searching,2,0,670,7,2023-01-11T02:03:00
usr_070,prob_arr_1_073,arrays,1,0,447,4,2023-01-11T07:46:00
usr_070,prob_str_1_014,strings,1,1,299,2,2023-01-12T00:44:00
usr_070,prob_arr_1_083,arrays,1,1,331,3,2023-01-12T21:05:00
usr_070,prob_tre_2_061,trees,2,1,556,6,2023-01-13T04:06:00
usr_070,prob_sor_1_066,sorting,1,0,212,4,2023-01-13T14:30:00
usr_070,prob_bas_2_089,basics,2,1,755,5,2023-01-14T09:33:00
usr_070,prob_sea_2_054,searching,2,1,631,5,2023-01-14T21:28:00
usr_070,prob_tre_1_041,trees,1,0,239,4,2023-01-14T23:46:00
usr_070,prob_rec_1_033,recursion,1,1,381,3,2023-01-15T07:06:00
usr_070,prob_dyn_2_034,dynamic_programming,2,1,722,4,2023-01-15T13:49:00
usr_070,prob_tre_2_063,trees,2,0,685,6,2023-01-16T04:13:00
usr_070,prob_bas_3_063,basics,3,0,1323,10,2023-01-16T14:31:00
usr_070,prob_sor_3_021,sorting,3,0,1987,11,2023-01-17T05:38:00
usr_070,prob_str_3_072,strings,3,0,1020,9,2023-01-17T16:56:00
usr_070,prob_dyn_3_033,dynamic_programming,3,0,1196,8,2023-01-18T01:02:00
usr_070,prob_dyn_3_010,dynamic_programming,3,0,970,9,2023-01-18T17:05:00
usr_070,prob_sor_2_002,sorting,2,0,453,6,2023-01-19T14:57:00
usr_070,prob_str_2_062,strings,2,0,1124,6,2023-01-19T21:47:00
usr_070,prob_rec_3_067,recursion,3,1,1009,7,2023-01-19T23:19:00
usr_070,prob_sea_2_035,searching,2,1,428,5,2023-01-20T13:12:00
usr_070,prob_arr_1_025,arrays,1,1,363,2,2023-01-21T07:19:00
usr_070,prob_gra_3_021,graphs,3,0,1004,9,2023-01-22T04:41:00
usr_070,prob_tre_1_011,trees,1,1,285,2,2023-01-22T23:16:00
usr_070,prob_sea_3_083,searching,3,0,1214,9,2023-01-23T14:47:00
usr_070,prob_sor_2_084,sorting,2,1,475,4,2023-01-24T07:04:00
usr_070,prob_sea_2_005,searching,2,1,1010,3,2023-01-24T12:50:00
usr_070,prob_str_1_071,strings,1,1,277,2,2023-01-25T08:21:00
usr_070,prob_dyn_1_049,dynamic_programming,1,1,365,1,2023-01-25T15:34:00
usr_070,prob_arr_1_015,arrays,1,1,289,1,2023-01-26T12:45:00
usr_070,prob_str_3_017,strings,3,0,890,7,2023-01-27T10:19:00
usr_070,prob_dyn_3_040,dynamic_programming,3,0,1033,6,2023-01-27T12:28:00
usr_070,prob_str_2_084,strings,2,1,424,4,2023-01-27T17:52:00
usr_070,prob_gra_2_095,graphs,2,1,317,3,2023-01-28T06:57:00
usr_070,prob_rec_2_002,recursion,2,1,470,3,2023-01-28T16:21:00
usr_070,prob_tre_2_093,trees,2,0,495,3,2023-01-28T21:11:00
usr_070,prob_dyn_1_038,dynamic_programming,1,1,421,1,2023-01-29T14:57:00
usr_070,prob_dyn_1_099,dynamic_programming,1,0,118,2,2023-01-29T18:32:00
usr_070,prob_sor_2_015,sorting,2,1,468,3,2023-01-30T11:04:00
usr_070,prob_sea_3_084,searching,3,0,815,7,2023-01-31T00:40:00
usr_070,prob_tre_1_041,trees,1,1,234,2,2023-01-31T23:21:00
usr_070,prob_gra_2_001,graphs,2,1,275,2,2023-02-01T01:53:00
usr_070,prob_dyn_1_028,dynamic_programming,1,1,248,2,2023-02-01T12:37:00
usr_070,prob_sor_3_095,sorting,3,1,489,5,2023-02-02T05:43:00
usr_070,prob_sor_3_048,sorting,3,0,1229,7,2023-02-03T02:36:00
usr_070,prob_tre_1_051,trees,1,0,146,3,2023-02-03T13:16:00
usr_070,prob_tre_2_036,trees,2,0,310,4,2023-02-04T04:07:00
usr_070,prob_dyn_2_100,dynamic_programming,2,1,335,1,2023-02-04T11:20:00
usr_070,prob_tre_2_072,trees,2,1,370,2,2023-02-05T07:05:00
usr_070,prob_rec_1_090,recursion,1,1,117,1,2023-02-06T04:08:00
usr_071,prob_bas_3_031,basics,3,0,1696,11,2023-01-01T00:16:00
usr_071,prob_sor_2_060,sorting,2,1,1194,5,2023-01-01T09:51:00
usr_071,prob_arr_2_065,arrays,2,1,880,5,2023-01-02T04:32:00
usr_071,prob_str_1_095,strings,1,1,309,3,2023-01-02T07:11:00
usr_071,prob_gra_2_024,graphs,2,0,665,7,2023-01-03T03:44:00
usr_071,prob_gra_2_026,graphs,2,1,1078,4,2023-01-03T06:36:00
usr_071,prob_dyn_3_053,dynamic_programming,3,1,1371,7,2023-01-03T09:31:00
usr_071,prob_sor_3_066,sorting,3,0,865,9,2023-01-03T14:13:00
usr_071,prob_str_1_066,strings,1,1,366,3,2023-01-04T07:37:00
usr_071,prob_bas_1_059,basics,1,1,262,2,2023-01-05T01:05:00
usr_071,prob_rec_1_085,recursion,1,1,317,2,2023-01-05T04:41:00
usr_071,prob_gra_2_021,graphs,2,1,611,5,2023-01-05T07:17:00
usr_071,prob_str_2_012,strings,2,1,413,4,2023-01-05T13:33:00
usr_071,prob_str_1_048,strings,1,1,364,2,2023-01-05T22:19:00
usr_071,prob_sea_1_003,searching,1,1,309,1,2023-01-06T02:07:00
usr_071,prob_dyn_1_077,dynamic_programming,1,1,293,1,2023-01-06T09:39:00
usr_071,prob_arr_3_072,arrays,3,1,1302,7,2023-01-07T07:43:00
usr_071,prob_rec_2_019,recursion,2,1,702,3,2023-01-07T08:08:00
usr_071,prob_str_2_033,strings,2,1,476,3,2023-01-07T21:06:00
usr_071,prob_sea_1_040,searching,1,1,637,2,2023-01-08T04:14:00
usr_071,prob_dyn_2_089,dynamic_programming,2,1,481,3,2023-01-08T06:43:00
usr_071,prob_str_1_070,strings,1,1,366,2,2023-01-08T07:59:00
usr_071,prob_dyn_2_026,dynamic_programming,2,1,453,3,2023-01-08T22:58:00
usr_071,prob_rec_3_077,recursion,3,0,1316,9,2023-01-09T16:06:00
usr_071,prob_sor_1_098,sorting,1,1,313,2,2023-01-09T23:29:00
usr_071,prob_dyn_3_024,dynamic_programming,3,0,1107,7,2023-01-10T16:36:00
usr_071,prob_dyn_3_004,dynamic_programming,3,0,1215,8,2023-01-11T13:47:00
usr_071,prob_tre_2_008,trees,2,1,822,3,2023-01-12T04:11:00
usr_071,prob_bas_1_086,basics,1,1,271,2,2023-01-12T20:53:00
usr_071,prob_rec_1_024,recursion,1,1,182,1,2023-01-13T12:55:00
usr_071,prob_str_1_057,strings,1,1,575,1,2023-01-14T08:41:00
usr_071,prob_rec_3_092,recursion,3,1,1047,5,2023-01-14T23:52:00
usr_071,prob_rec_3_012,recursion,3,0,923,7,2023-01-15T04:55:00
usr_071,prob_sea_1_039,searching,1,1,160,2,2023-01-15T19:42:00
usr_071,prob_gra_1_022,graphs,1,1,314,2,2023-01-16T01:35:00
usr_071,prob_arr_2_037,arrays,2,1,445,2,2023-01-16T06:58:00
usr_071,prob_tre_3_004,trees,3,1,653,6,2023-01-16T17:46:00
usr_071,prob_rec_2_042,recursion,2,1,634,3,2023-01-17T16:48:00
usr_071,prob_arr_3_088,arrays,3,1,646,5,2023-01-18T14:30:00
usr_071,prob_tre_1_069,trees,1,1,341,1,2023-01-19T03:28:00
usr_071,prob_sor_2_010,sorting,2,1,400,2,2023-01-20T02:05:00
usr_071,prob_bas_3_032,basics,3,1,1127,4,2023-01-20T10:56:00
usr_071,prob_bas_2_075,basics,2,1,367,2,2023-01-21T02:40:00
usr_071,prob_arr_3_013,arrays,3,1,933,4,2023-01-21T12:50:00
usr_071,prob_gra_2_003,graphs,2,1,464,3,2023-01-22T00:27:00
usr_071,prob_sea_1_013,searching,1,1,167,1,2023-01-22T16:50:00
usr_071,prob_rec_3_037,recursion,3,1,985,4,2023-01-23T01:08:00
usr_071,prob_sea_3_038,searching,3,1,670,4,2023-01-23T12:29:00
usr_071,prob_bas_1_026,basics,1,1,201,2,2023-01-23T22:42:00
usr_071,prob_tre_3_053,trees,3,1,705,5,2023-01-24T20:40:00
usr_071,prob_arr_1_024,arrays,1,1,119,1,2023-01-25T10:46:00
usr_071,prob_gra_2_080,graphs,2,1,466,2,2023-01-25T21:39:00
usr_071,prob_str_1_024,strings,1,1,351,2,2023-01-25T23:06:00
usr_071,prob_str_2_030,strings,2,1,609,2,2023-01-26T16:39:00
usr_071,prob_sea_1_082,searching,1,1,165,1,2023-01-27T12:31:00
usr_071,prob_arr_1_095,arrays,1,1,183,1,2023-01-27T19:19:00
usr_071,prob_arr_3_073,arrays,3,1,454,4,2023-01-28T14:52:00
usr_071,prob_str_3_057,strings,3,1,784,3,2023-01-29T05:38:00
usr_071,prob_sor_3_080,sorting,3,1,652,4,2023-01-29T06:37:00
usr_071,prob_bas_1_065,basics,1,1,192,1,2023-01-29T15:17:00
usr_071,prob_rec_3_065,recursion,3,0,568,5,2023-01-30T02:29:00
usr_071,prob_rec_2_077,recursion,2,1,330,1,2023-01-30T09:47:00
usr_071,prob_rec_3_018,recursion,3,1,585,3,2023-01-30T16:15:00
usr_071,prob_sor_1_076,sorting,1,1,160,1,2023-01-31T11:26:00
usr_071,prob_str_2_021,strings,2,1,429,1,2023-02-01T06:50:00
usr_071,prob_tre_2_003,trees,2,1,463,2,2023-02-01T13:55:00
usr_071,prob_arr_2_001,arrays,2,1,319,2,2023-02-02T13:33:00
usr_071,prob_arr_1_029,arrays,1,1,155,1,2023-02-02T13:48:00
usr_071,prob_sor_2_082,sorting,2,1,429,2,2023-02-02T16:58:00
usr_071,prob_sea_1_064,searching,1,1,191,1,2023-02-03T10:20:00
usr_072,prob_str_3_031,strings,3,1,860,12,2023-01-01T12:14:00
usr_072,prob_rec_1_033,recursion,1,0,306,4,2023-01-02T03:10:00
usr_072,prob_bas_1_010,basics,1,0,413,4,2023-01-02T12:33:00
usr_072,prob_gra_1_099,graphs,1,0,298,4,2023-01-02T20:18:00
usr_072,prob_arr_2_053,arrays,2,1,602,7,2023-01-03T12:38:00
usr_072,prob_dyn_1_098,dynamic_programming,1,0,288,6,2023-01-04T03:10:00
usr_072,prob_rec_2_048,recursion,2,1,503,6,2023-01-04T13:32:00
usr_072,prob_dyn_3_004,dynamic_programming,3,0,817,11,2023-01-05T13:15:00
usr_072,prob_sor_1_038,sorting,1,0,293,5,2023-01-05T23:15:00
usr_072,prob_tre_2_048,trees,2,0,577,7,2023-01-06T19:49:00
usr_072,prob_sor_3_078,sorting,3,0,875,12,2023-01-07T15:54:00
usr_072,prob_sor_2_068,sorting,2,0,598,8,2023-01-07T20:32:00
usr_072,prob_sor_3_062,sorting,3,1,741,10,2023-01-08T05:39:00
usr_072,prob_rec_1_044,recursion,1,1,279,4,2023-01-09T03:43:00
usr_072,prob_rec_3_052,recursion,3,0,917,13,2023-01-09T15:30:00
usr_072,prob_gra_2_010,graphs,2,1,506,7,2023-01-09T16:58:00
usr_072,prob_dyn_2_056,dynamic_programming,2,0,451,7,2023-01-10T06:16:00
usr_072,prob_arr_3_059,arrays,3,0,963,11,2023-01-10T14:02:00
usr_072,prob_rec_2_027,recursion,2,0,507,8,2023-01-11T13:53:00
usr_072,prob_bas_1_032,basics,1,1,207,2,2023-01-11T19:25:00
usr_072,prob_arr_2_088,arrays,2,0,423,7,2023-01-12T11:36:00
usr_072,prob_str_3_092,strings,3,0,865,12,2023-01-12T20:27:00
usr_072,prob_tre_2_083,trees,2,1,310,5,2023-01-13T10:00:00
usr_072,prob_rec_1_086,recursion,1,0,256,5,2023-01-13T21:01:00
usr_072,prob_bas_3_047,basics,3,0,1269,11,2023-01-14T07:55:00
usr_072,prob_arr_1_003,arrays,1,1,259,3,2023-01-14T21:47:00
usr_072,prob_gra_2_087,graphs,2,0,602,8,2023-01-14T22:48:00
usr_072,prob_rec_1_004,recursion,1,1,255,2,2023-01-15T00:14:00
usr_072,prob_str_3_094,strings,3,0,847,10,2023-01-15T14:55:00
usr_072,prob_dyn_1_017,dynamic_programming,1,1,212,3,2023-01-16T03:56:00
usr_072,prob_bas_3_049,basics,3,1,744,9,2023-01-17T03:45:00
usr_072,prob_rec_3_056,recursion,3,0,721,11,2023-01-17T05:02:00
usr_072,prob_bas_2_021,basics,2,1,372,4,2023-01-17T21:01:00
usr_072,prob_sor_3_093,sorting,3,0,814,11,2023-01-18T16:01:00
usr_072,prob_gra_1_045,graphs,1,0,214,5,2023-01-19T08:01:00
usr_072,prob_sor_2_072,sorting,2,1,446,4,2023-01-19T09:48:00
usr_072,prob_arr_2_090,arrays,2,0,852,5,2023-01-19T13:22:00
usr_072,prob_dyn_1_072,dynamic_programming,1,1,107,2,2023-01-19T14:29:00
usr_072,prob_arr_3_091,arrays,3,0,561,8,2023-01-20T01:40:00
usr_072,prob_arr_1_097,arrays,1,1,226,2,2023-01-20T10:43:00
usr_072,prob_tre_3_046,trees,3,0,591,10,2023-01-20T17:23:00
usr_072,prob_rec_2_079,recursion,2,1,355,5,2023-01-21T09:07:00
usr_072,prob_str_1_020,strings,1,0,126,4,2023-01-21T22:22:00
usr_072,prob_str_1_074,strings,1,0,158,4,2023-01-22T20:38:00
usr_072,prob_sor_2_084,sorting,2,0,377,7,2023-01-23T06:08:00
usr_072,prob_arr_3_074,arrays,3,0,1072,8,2023-01-23T23:28:00
usr_072,prob_sea_3_041,searching,3,0,715,8,2023-01-24T02:37:00
usr_072,prob_str_2_061,strings,2,0,265,4,2023-01-24T23:08:00
usr_072,prob_sor_2_035,sorting,2,1,454,3,2023-01-25T18:36:00
usr_072,prob_gra_2_083,graphs,2,1,307,4,2023-01-26T13:30:00
usr_072,prob_tre_2_080,trees,2,0,308,6,2023-01-27T03:02:00
usr_072,prob_sor_1_042,sorting,1,0,195,4,2023-01-27T03:36:00
usr_072,prob_bas_3_075,basics,3,0,592,9,2023-01-27T19:43:00
usr_072,prob_sor_3_070,sorting,3,0,766,8,2023-01-27T23:14:00
usr_072,prob_rec_2_044,recursion,2,0,266,5,2023-01-28T06:35:00
usr_072,prob_rec_2_006,recursion,2,1,296,4,2023-01-28T20:59:00
usr_072,prob_dyn_3_036,dynamic_programming,3,0,577,6,2023-01-29T17:06:00
usr_072,prob_rec_3_029,recursion,3,0,461,7,2023-01-30T05:40:00
usr_072,prob_bas_1_045,basics,1,1,266,2,2023-01-30T23:59:00
usr_072,prob_str_1_056,strings,1,1,143,2,2023-01-31T01:47:00
usr_072,prob_bas_2_048,basics,2,1,312,3,2023-01-31T11:36:00
usr_072,prob_rec_1_047,recursion,1,1,154,2,2023-01-31T11:51:00
usr_072,prob_sea_3_061,searching,3,0,467,6,2023-01-31T12:00:00
usr_072,prob_arr_2_039,arrays,2,1,176,3,2023-02-01T04:49:00
usr_072,prob_bas_2_012,basics,2,1,188,3,2023-02-01T07:58:00
usr_072,prob_rec_3_040,recursion,3,1,588,4,2023-02-02T00:06:00
usr_072,prob_arr_1_100,arrays,1,1,175,2,2023-02-02T10:41:00
usr_072,prob_sea_2_059,searching,2,0,245,4,2023-02-02T14:40:00
usr_072,prob_sea_3_040,searching,3,0,374,7,2023-02-02T23:17:00
usr_072,prob_sor_2_065,sorting,2,1,262,2,2023-02-03T10:12:00
usr_072,prob_arr_3_066,arrays,3,1,335,5,2023-02-04T05:24:00
usr_072,prob_sea_3_001,searching,3,0,423,6,2023-02-04T18:53:00
usr_072,prob_str_1_034,strings,1,0,100,3,2023-02-05T14:53:00
usr_072,prob_tre_2_063,trees,2,0,251,5,2023-02-06T08:00:00
usr_072,prob_sor_2_099,sorting,2,1,249,2,2023-02-06T22:24:00
usr_072,prob_arr_2_023,arrays,2,1,189,2,2023-02-07T11:12:00
usr_072,prob_dyn_3_045,dynamic_programming,3,1,416,4,2023-02-07T17:04:00
usr_072,prob_rec_3_042,recursion,3,0,365,4,2023-02-07T17:44:00
usr_072,prob_str_3_035,strings,3,1,588,4,2023-02-07T17:55:00
usr_073,prob_sea_2_078,searching,2,1,1042,7,2023-01-01T03:03:00
usr_073,prob_dyn_3_039,dynamic_programming,3,0,2961,12,2023-01-01T21:34:00
usr_073,prob_sea_3_083,searching,3,0,1831,12,2023-01-02T09:20:00
usr_073,prob_arr_3_034,arrays,3,1,2820,11,2023-01-03T00:19:00
usr_073,prob_sea_1_001,searching,1,1,535,2,2023-01-03T18:59:00
usr_073,prob_str_2_045,strings,2,1,744,6,2023-01-04T18:26:00
usr_073,prob_bas_2_032,basics,2,1,982,6,2023-01-05T12:49:00
usr_073,prob_tre_3_091,trees,3,1,2210,10,2023-01-05T22:12:00
usr_073,prob_arr_1_028,arrays,1,1,322,2,2023-01-06T19:24:00
usr_073,prob_sea_2_005,searching,2,0,906,7,2023-01-07T00:10:00
usr_073,prob_tre_1_079,trees,1,0,530,5,2023-01-07T17:51:00
usr_073,prob_dyn_3_077,dynamic_programming,3,1,2070,10,2023-01-08T10:51:00
usr_073,prob_sor_2_036,sorting,2,1,880,5,2023-01-08T13:33:00
usr_073,prob_str_2_041,strings,2,0,1032,7,2023-01-09T08:42:00
usr_073,prob_gra_1_070,graphs,1,1,345,3,2023-01-10T01:21:00
usr_073,prob_bas_3_086,basics,3,1,1315,9,2023-01-10T03:50:00
usr_073,prob_bas_3_028,basics,3,0,1761,9,2023-01-10T04:17:00
usr_073,prob_gra_3_095,graphs,3,1,1643,8,2023-01-11T00:29:00
usr_073,prob_sor_2_099,sorting,2,0,973,7,2023-01-11T05:25:00
usr_073,prob_sea_3_059,searching,3,0,1099,9,2023-01-12T05:06:00
usr_073,prob_tre_1_040,trees,1,0,318,4,2023-01-13T01:02:00
usr_073,prob_tre_1_058,trees,1,1,344,2,2023-01-13T01:22:00
usr_073,prob_dyn_1_032,dynamic_programming,1,1,280,3,2023-01-13T19:05:00
usr_073,prob_arr_3_021,arrays,3,1,1602,9,2023-01-14T00:45:00
usr_073,prob_arr_3_073,arrays,3,1,1666,7,2023-01-14T01:39:00
usr_073,prob_sor_2_094,sorting,2,1,845,4,2023-01-14T22:18:00
usr_073,prob_sea_1_058,searching,1,1,406,2,2023-01-15T13:39:00
usr_073,prob_str_1_056,strings,1,1,310,2,2023-01-15T14:23:00
usr_073,prob_dyn_3_008,dynamic_programming,3,1,1244,7,2023-01-16T05:12:00
usr_073,prob_str_2_100,strings,2,1,805,4,2023-01-16T16:21:00
usr_073,prob_rec_1_063,recursion,1,1,271,3,2023-01-16T20:36:00
usr_073,prob_arr_1_004,arrays,1,0,384,4,2023-01-17T07:57:00
usr_073,prob_gra_3_068,graphs,3,1,1292,8,2023-01-17T18:22:00
usr_073,prob_sor_3_037,sorting,3,1,1528,7,2023-01-18T09:10:00
usr_073,prob_sor_3_051,sorting,3,1,1358,7,2023-01-18T20:42:00
usr_073,prob_sor_2_052,sorting,2,1,669,4,2023-01-19T09:20:00
usr_073,prob_rec_1_094,recursion,1,1,355,1,2023-01-20T06:21:00
usr_073,prob_str_3_076,strings,3,1,1166,7,2023-01-20T18:31:00
usr_073,prob_str_1_026,strings,1,1,247,1,2023-01-21T16:29:00
usr_073,prob_gra_2_064,graphs,2,1,702,3,2023-01-22T10:08:00
usr_073,prob_bas_3_095,basics,3,1,1004,7,2023-01-23T02:44:00
usr_073,prob_sea_2_066,searching,2,1,471,4,2023-01-23T19:05:00
usr_073,prob_dyn_3_083,dynamic_programming,3,0,1439,9,2023-01-24T18:17:00
usr_073,prob_bas_3_068,basics,3,0,1273,7,2023-01-25T18:10:00
usr_073,prob_rec_1_096,recursion,1,1,249,1,2023-01-26T01:57:00
usr_073,prob_dyn_2_097,dynamic_programming,2,1,655,3,2023-01-27T01:37:00
usr_073,prob_bas_3_072,basics,3,0,668,7,2023-01-27T14:55:00
usr_073,prob_sor_3_058,sorting,3,1,1214,5,2023-01-28T07:48:00
usr_073,prob_bas_1_073,basics,1,1,255,1,2023-01-29T02:16:00
usr_073,prob_dyn_3_057,dynamic_programming,3,1,1095,6,2023-01-29T09:58:00
usr_073,prob_dyn_2_067,dynamic_programming,2,1,483,2,2023-01-29T11:42:00
usr_073,prob_sor_2_034,sorting,2,1,666,3,2023-01-30T06:44:00
usr_073,prob_bas_2_098,basics,2,1,429,3,2023-01-30T15:50:00
usr_073,prob_tre_1_016,trees,1,1,290,1,2023-01-30T20:47:00
usr_073,prob_sor_1_004,sorting,1,1,367,2,2023-01-31T20:03:00
usr_073,prob_bas_2_074,basics,2,1,535,3,2023-02-01T07:49:00
usr_073,prob_rec_3_085,recursion,3,0,566,6,2023-02-01T14:39:00
usr_073,prob_rec_3_006,recursion,3,1,1047,5,2023-02-02T13:23:00
usr_073,prob_gra_2_094,graphs,2,1,466,2,2023-02-03T09:25:00
usr_073,prob_str_3_088,strings,3,1,682,5,2023-02-03T10:07:00
usr_073,prob_sea_1_030,searching,1,1,219,2,2023-02-03T18:47:00
usr_073,prob_bas_2_072,basics,2,1,471,3,2023-02-04T00:34:00
usr_073,prob_arr_3_038,arrays,3,1,768,4,2023-02-04T13:21:00
usr_073,prob_sea_3_025,searching,3,1,621,3,2023-02-05T10:49:00
usr_073,prob_rec_3_063,recursion,3,1,725,4,2023-02-05T15:33:00
usr_073,prob_sor_3_039,sorting,3,0,541,5,2023-02-06T14:27:00
usr_073,prob_gra_3_073,graphs,3,1,836,3,2023-02-06T23:00:00
usr_073,prob_tre_1_032,trees,1,1,127,1,2023-02-07T11:42:00
usr_073,prob_rec_1_048,recursion,1,1,187,1,2023-02-07T19:14:00
usr_073,prob_bas_1_002,basics,1,1,217,1,2023-02-08T13:20:00
usr_074,prob_sea_1_096,searching,1,1,401,2,2023-01-01T09:32:00
usr_074,prob_str_2_013,strings,2,1,507,6,2023-01-02T06:30:00
usr_074,prob_arr_2_041,arrays,2,1,578,5,2023-01-02T13:24:00
usr_074,prob_sor_1_065,sorting,1,0,376,4,2023-01-02T20:46:00
usr_074,prob_sea_2_005,searching,2,1,693,5,2023-01-03T05:07:00
usr_074,prob_arr_3_043,arrays,3,0,1125,10,2023-01-03T13:42:00
usr_074,prob_tre_2_065,trees,2,0,595,8,2023-01-04T03:33:00
usr_074,prob_gra_2_074,graphs,2,1,478,6,2023-01-04T17:48:00
usr_074,prob_bas_3_088,basics,3,1,1445,8,2023-01-05T00:18:00
usr_074,prob_dyn_3_026,dynamic_programming,3,1,1275,9,2023-01-05T21:50:00
usr_074,prob_arr_1_072,arrays,1,1,281,3,2023-01-06T00:47:00
usr_074,prob_dyn_2_051,dynamic_programming,2,0,1168,6,2023-01-06T08:28:00
usr_074,prob_sea_3_026,searching,3,1,930,9,2023-01-07T02:55:00
usr_074,prob_bas_1_059,basics,1,1,202,2,2023-01-07T21:50:00
usr_074,prob_dyn_3_052,dynamic_programming,3,1,2025,8,2023-01-08T17:14:00
usr_074,prob_dyn_3_007,dynamic_programming,3,1,1230,8,2023-01-09T05:38:00
usr_074,prob_sor_2_019,sorting,2,1,715,5,2023-01-09T22:02:00
usr_074,prob_rec_1_003,recursion,1,1,260,3,2023-01-09T22:21:00
usr_074,prob_str_3_049,strings,3,1,927,8,2023-01-10T18:57:00
usr_074,prob_str_1_087,strings,1,1,282,2,2023-01-10T21:31:00
usr_074,prob_arr_2_076,arrays,2,1,505,4,2023-01-11T04:33:00
usr_074,prob_tre_2_039,trees,2,1,575,3,2023-01-11T12:40:00
usr_074,prob_dyn_1_077,dynamic_programming,1,0,165,3,2023-01-11T15:57:00
usr_074,prob_gra_3_040,graphs,3,1,770,7,2023-01-12T10:50:00
usr_074,prob_str_1_067,strings,1,1,165,2,2023-01-12T17:24:00
usr_074,prob_arr_2_064,arrays,2,0,409,6,2023-01-12T21:38:00
usr_074,prob_sor_3_067,sorting,3,1,1188,6,2023-01-13T00:37:00
usr_074,prob_tre_2_059,trees,2,1,380,3,2023-01-13T03:07:00
usr_074,prob_bas_3_065,basics,3,0,946,7,2023-01-13T20:55:00
usr_074,prob_bas_2_063,basics,2,1,308,4,2023-01-14T18:34:00
usr_074,prob_sor_2_031,sorting,2,1,679,3,2023-01-15T04:57:00
usr_074,prob_str_2_078,strings,2,1,347,4,2023-01-15T05:12:00
usr_074,prob_rec_1_039,recursion,1,1,229,2,2023-01-15T10:02:00
usr_074,prob_tre_3_051,trees,3,1,667,6,2023-01-16T03:38:00
usr_074,prob_sor_1_085,sorting,1,1,225,2,2023-01-16T22:40:00
usr_074,prob_arr_2_030,arrays,2,1,395,3,2023-01-17T05:31:00
usr_074,prob_dyn_3_004,dynamic_programming,3,1,779,4,2023-01-17T06:00:00
usr_074,prob_rec_2_035,recursion,2,1,435,3,2023-01-17T13:39:00
usr_074,prob_bas_3_042,basics,3,1,733,4,2023-01-18T07:55:00
usr_074,prob_dyn_3_002,dynamic_programming,3,1,496,4,2023-01-18T15:12:00
usr_074,prob_bas_1_057,basics,1,1,129,2,2023-01-19T14:55:00
usr_074,prob_sea_3_080,searching,3,0,707,6,2023-01-20T07:03:00
usr_074,prob_bas_3_063,basics,3,1,539,4,2023-01-20T17:39:00
usr_074,prob_bas_1_074,basics,1,1,210,1,2023-01-21T02:25:00
usr_074,prob_sor_1_073,sorting,1,1,183,1,2023-01-21T17:25:00
usr_074,prob_sor_1_012,sorting,1,1,233,1,2023-01-22T01:15:00
usr_074,prob_tre_1_098,trees,1,1,126,1,2023-01-22T17:02:00
usr_074,prob_sea_1_036,searching,1,1,190,1,2023-01-22T20:09:00
usr_074,prob_tre_1_006,trees,1,1,200,1,2023-01-23T18:16:00
usr_074,prob_tre_3_063,trees,3,1,623,3,2023-01-24T07:09:00
usr_074,prob_arr_3_091,arrays,3,1,503,4,2023-01-24T12:02:00
usr_075,prob_arr_1_018,arrays,1,1,191,3,2023-01-01T05:15:00
usr_075,prob_tre_1_065,trees,1,1,231,3,2023-01-01T17:31:00
usr_075,prob_bas_3_003,basics,3,1,565,10,2023-01-01T20:34:00
usr_075,prob_gra_2_082,graphs,2,1,433,6,2023-01-02T04:39:00
usr_075,prob_tre_3_033,trees,3,0,693,11,2023-01-02T06:07:00
usr_075,prob_sor_3_004,sorting,3,0,832,11,2023-01-02T10:42:00
usr_075,prob_gra_3_091,graphs,3,1,553,9,2023-01-02T17:52:00
usr_075,prob_rec_1_039,recursion,1,1,174,3,2023-01-03T07:05:00
usr_075,prob_str_3_084,strings,3,0,755,10,2023-01-04T02:20:00
usr_075,prob_bas_2_004,basics,2,1,343,5,2023-01-05T00:28:00
usr_075,prob_sor_3_070,sorting,3,0,1192,10,2023-01-05T22:36:00
usr_075,prob_sor_3_090,sorting,3,1,535,9,2023-01-06T21:03:00
usr_075,prob_bas_2_062,basics,2,0,259,7,2023-01-07T20:11:00
usr_075,prob_dyn_2_078,dynamic_programming,2,0,322,6,2023-01-08T08:42:00
usr_075,prob_str_2_034,strings,2,1,413,4,2023-01-08T20:36:00
usr_075,prob_dyn_2_082,dynamic_programming,2,1,314,4,2023-01-09T08:59:00
usr_075,prob_gra_1_074,graphs,1,1,128,3,2023-01-09T10:00:00
usr_075,prob_sea_3_002,searching,3,1,452,8,2023-01-09T13:03:00
usr_075,prob_dyn_2_006,dynamic_programming,2,1,228,4,2023-01-10T00:56:00
usr_075,prob_arr_1_074,arrays,1,1,214,2,2023-01-10T03:03:00
usr_075,prob_arr_2_038,arrays,2,1,525,4,2023-01-10T18:58:00
usr_075,prob_sor_1_041,sorting,1,1,121,1,2023-01-11T10:30:00
usr_075,prob_str_2_047,strings,2,1,200,4,2023-01-12T00:47:00
usr_075,prob_bas_1_074,basics,1,1,99,2,2023-01-12T18:56:00
usr_075,prob_gra_2_062,graphs,2,1,179,3,2023-01-13T02:56:00
usr_075,prob_dyn_3_027,dynamic_programming,3,1,709,7,2023-01-13T03:46:00
usr_075,prob_arr_3_023,arrays,3,1,586,6,2023-01-13T14:50:00
usr_075,prob_dyn_3_027,dynamic_programming,3,0,522,7,2023-01-14T14:23:00
usr_075,prob_str_1_009,strings,1,1,181,2,2023-01-14T15:12:00
usr_075,prob_dyn_3_070,dynamic_programming,3,1,365,5,2023-01-15T13:43:00
usr_075,prob_rec_2_004,recursion,2,1,164,3,2023-01-16T10:42:00
usr_075,prob_str_1_032,strings,1,1,38,1,2023-01-16T12:39:00
usr_075,prob_bas_2_078,basics,2,1,215,2,2023-01-17T08:48:00
usr_075,prob_sor_3_050,sorting,3,0,280,8,2023-01-18T04:45:00
usr_075,prob_tre_2_098,trees,2,1,187,2,2023-01-18T22:26:00
usr_075,prob_sea_2_050,searching,2,1,179,3,2023-01-19T17:40:00
usr_075,prob_rec_1_062,recursion,1,1,38,2,2023-01-20T16:37:00
usr_075,prob_bas_2_001,basics,2,1,170,2,2023-01-21T06:19:00
usr_075,prob_rec_3_042,recursion,3,1,243,4,2023-01-21T21:30:00
usr_075,prob_dyn_3_046,dynamic_programming,3,1,601,5,2023-01-21T23:40:00
usr_075,prob_arr_1_075,arrays,1,1,121,2,2023-01-22T15:37:00
usr_075,prob_str_3_081,strings,3,1,278,5,2023-01-23T10:16:00
usr_075,prob_dyn_2_054,dynamic_programming,2,1,200,2,2023-01-24T08:19:00
usr_075,prob_rec_1_060,recursion,1,1,76,1,2023-01-24T13:29:00
usr_075,prob_sea_3_026,searching,3,0,282,6,2023-01-25T04:15:00
usr_075,prob_sor_1_038,sorting,1,1,86,1,2023-01-26T00:12:00
usr_075,prob_rec_1_047,recursion,1,1,103,1,2023-01-26T12:54:00
usr_075,prob_bas_3_036,basics,3,0,321,4,2023-01-27T10:47:00
usr_075,prob_str_1_021,strings,1,1,52,1,2023-01-28T08:21:00
usr_075,prob_bas_3_033,basics,3,0,278,4,2023-01-28T22:48:00
usr_075,prob_rec_1_043,recursion,1,1,94,1,2023-01-29T21:20:00
usr_076,prob_sea_1_073,searching,1,1,474,3,2023-01-01T03:57:00
usr_076,prob_sea_1_073,searching,1,1,436,2,2023-01-01T21:23:00
usr_076,prob_str_2_064,strings,2,1,1966,5,2023-01-01T22:40:00
usr_076,prob_gra_1_030,graphs,1,1,449,2,2023-01-02T09:52:00
usr_076,prob_rec_1_094,recursion,1,1,371,2,2023-01-02T16:35:00
usr_076,prob_arr_2_001,arrays,2,0,982,8,2023-01-02T23:24:00
usr_076,prob_gra_2_089,graphs,2,1,946,5,2023-01-03T03:57:00
usr_076,prob_arr_1_066,arrays,1,1,528,3,2023-01-03T04:03:00
usr_076,prob_sea_3_080,searching,3,0,1543,11,2023-01-03T11:21:00
usr_076,prob_dyn_2_100,dynamic_programming,2,1,1276,6,2023-01-04T01:36:00
usr_076,prob_tre_3_017,trees,3,1,1514,10,2023-01-04T08:10:00
usr_076,prob_gra_1_077,graphs,1,1,351,2,2023-01-05T04:10:00
usr_076,prob_gra_2_077,graphs,2,0,843,6,2023-01-05T10:50:00
usr_076,prob_gra_3_007,graphs,3,0,1373,10,2023-01-05T19:54:00
usr_076,prob_arr_1_084,arrays,1,0,454,4,2023-01-06T12:10:00
usr_076,prob_arr_2_015,arrays,2,1,669,5,2023-01-06T23:43:00
usr_076,prob_tre_3_018,trees,3,0,1640,10,2023-01-07T08:24:00
usr_076,prob_tre_3_005,trees,3,1,1504,9,2023-01-08T00:54:00
usr_076,prob_gra_3_090,graphs,3,0,1280,9,2023-01-08T05:32:00
usr_076,prob_bas_3_019,basics,3,0,1101,11,2023-01-08T17:23:00
usr_076,prob_sor_2_074,sorting,2,1,624,5,2023-01-09T07:35:00
usr_076,prob_bas_3_068,basics,3,1,1133,9,2023-01-09T23:37:00
usr_076,prob_gra_1_091,graphs,1,1,430,3,2023-01-10T08:28:00
usr_076,prob_gra_3_085,graphs,3,0,1715,8,2023-01-10T18:51:00
usr_076,prob_gra_2_039,graphs,2,1,1459,5,2023-01-11T09:38:00
usr_076,prob_sor_1_003,sorting,1,1,449,3,2023-01-11T17:48:00
usr_076,prob_sor_1_001,sorting,1,1,243,2,2023-01-12T07:48:00
usr_076,prob_sor_2_043,sorting,2,1,774,5,2023-01-12T19:43:00
usr_076,prob_dyn_3_082,dynamic_programming,3,1,1660,8,2023-01-13T17:01:00
usr_076,prob_rec_1_038,recursion,1,1,692,3,2023-01-14T02:51:00
usr_076,prob_str_2_056,strings,2,1,704,5,2023-01-14T12:09:00
usr_076,prob_rec_2_047,recursion,2,1,773,4,2023-01-15T11:14:00
usr_076,prob_dyn_3_040,dynamic_programming,3,1,1110,7,2023-01-15T19:08:00
usr_076,prob_arr_1_005,arrays,1,1,341,3,2023-01-16T03:22:00
usr_076,prob_tre_2_015,trees,2,1,898,4,2023-01-16T13:55:00
usr_076,prob_sor_2_048,sorting,2,1,792,3,2023-01-17T13:10:00
usr_076,prob_arr_2_049,arrays,2,1,874,3,2023-01-18T11:25:00
usr_076,prob_dyn_3_008,dynamic_programming,3,1,1637,7,2023-01-18T19:37:00
usr_076,prob_bas_3_047,basics,3,1,1584,6,2023-01-19T17:31:00
usr_076,prob_bas_3_024,basics,3,0,962,8,2023-01-20T13:48:00
usr_076,prob_dyn_3_030,dynamic_programming,3,1,905,7,2023-01-21T11:17:00
usr_076,prob_dyn_2_052,dynamic_programming,2,0,1326,5,2023-01-21T13:59:00
usr_076,prob_tre_3_083,trees,3,1,1361,6,2023-01-22T04:06:00
usr_076,prob_str_1_001,strings,1,1,234,1,2023-01-22T08:48:00
usr_076,prob_tre_3_054,trees,3,1,966,7,2023-01-22T19:43:00
usr_076,prob_dyn_2_003,dynamic_programming,2,1,613,4,2023-01-23T10:57:00
usr_076,prob_tre_3_031,trees,3,1,1324,6,2023-01-23T20:07:00
usr_076,prob_bas_2_041,basics,2,1,716,3,2023-01-24T17:43:00
usr_076,prob_str_3_030,strings,3,0,1398,8,2023-01-25T06:07:00
usr_076,prob_gra_1_009,graphs,1,1,217,2,2023-01-25T13:22:00
usr_076,prob_sor_3_099,sorting,3,1,1028,5,2023-01-25T13:27:00
usr_076,prob_gra_1_025,graphs,1,1,265,1,2023-01-25T18:37:00
usr_076,prob_rec_3_080,recursion,3,0,1139,7,2023-01-26T01:58:00
usr_076,prob_sea_3_022,searching,3,1,950,6,2023-01-26T08:17:00
usr_076,prob_arr_1_004,arrays,1,1,236,1,2023-01-26T09:10:00
usr_076,prob_dyn_2_044,dynamic_programming,2,1,503,3,2023-01-26T11:36:00
usr_076,prob_dyn_2_098,dynamic_programming,2,1,424,3,2023-01-27T02:13:00
usr_076,prob_dyn_2_050,dynamic_programming,2,1,601,2,2023-01-27T05:53:00
usr_076,prob_sor_1_009,sorting,1,1,211,2,2023-01-27T06:24:00
usr_076,prob_gra_3_016,graphs,3,1,682,5,2023-01-27T23:22:00
usr_076,prob_tre_2_096,trees,2,1,755,2,2023-01-28T21:49:00
usr_076,prob_rec_3_086,recursion,3,1,895,5,2023-01-29T17:20:00
usr_076,prob_str_3_062,strings,3,1,1529,4,2023-01-29T22:19:00
usr_076,prob_rec_1_082,recursion,1,1,299,1,2023-01-30T08:50:00
usr_076,prob_tre_1_026,trees,1,1,191,2,2023-01-30T22:13:00
usr_076,prob_sea_3_087,searching,3,1,795,5,2023-01-31T01:53:00
usr_076,prob_sor_1_060,sorting,1,1,154,2,2023-01-31T17:00:00
usr_076,prob_dyn_1_027,dynamic_programming,1,1,223,1,2023-01-31T21:50:00
usr_076,prob_arr_1_079,arrays,1,1,163,1,2023-02-01T09:57:00
usr_076,prob_sor_1_096,sorting,1,1,226,1,2023-02-02T02:46:00
usr_076,prob_rec_2_015,recursion,2,1,421,2,2023-02-03T01:06:00
usr_076,prob_bas_3_034,basics,3,1,647,4,2023-02-03T10:30:00
usr_076,prob_gra_3_079,graphs,3,1,907,4,2023-02-03T18:18:00
usr_076,prob_str_2_091,strings,2,1,363,2,2023-02-04T02:37:00
usr_076,prob_gra_2_086,graphs,2,1,329,2,2023-02-04T18:56:00
usr_076,prob_str_3_004,strings,3,1,716,4,2023-02-05T13:46:00
usr_076,prob_str_3_065,strings,3,1,1098,4,2023-02-06T04:09:00
usr_077,prob_gra_2_077,graphs,2,1,582,7,2023-01-01T21:06:00
usr_077,prob_rec_2_016,recursion,2,0,674,8,2023-01-02T15:41:00
usr_077,prob_sea_1_008,searching,1,0,267,6,2023-01-03T00:04:00
usr_077,prob_sea_1_002,searching,1,1,379,4,2023-01-03T18:55:00
usr_077,prob_sea_1_029,searching,1,0,263,6,2023-01-03T22:30:00
usr_077,prob_rec_3_093,recursion,3,0,1195,15,2023-01-04T11:06:00
usr_077,prob_bas_1_028,basics,1,0,482,5,2023-01-04T17:36:00
usr_077,prob_gra_2_070,graphs,2,1,729,7,2023-01-05T04:59:00
usr_077,prob_bas_1_013,basics,1,0,375,5,2023-01-05T18:12:00
usr_077,prob_str_3_007,strings,3,0,846,13,2023-01-06T14:51:00
usr_077,prob_sor_3_066,sorting,3,0,979,13,2023-01-06T16:20:00
usr_077,prob_gra_2_091,graphs,2,0,533,7,2023-01-07T11:19:00
usr_077,prob_bas_2_018,basics,2,1,714,6,2023-01-07T21:02:00
usr_077,prob_sea_1_064,searching,1,0,274,5,2023-01-08T06:55:00
usr_077,prob_dyn_3_091,dynamic_programming,3,0,974,14,2023-01-08T23:36:00
usr_077,prob_sor_2_059,sorting,2,1,604,7,2023-01-09T21:17:00
usr_077,prob_str_1_081,strings,1,0,235,5,2023-01-09T21:40:00
usr_077,prob_arr_3_086,arrays,3,0,1186,11,2023-01-10T00:16:00
usr_077,prob_tre_2_028,trees,2,1,939,6,2023-01-10T22:42:00
usr_077,prob_rec_1_005,recursion,1,1,145,3,2023-01-11T10:04:00
usr_077,prob_sea_1_021,searching,1,1,229,3,2023-01-11T12:07:00
usr_077,prob_rec_3_022,recursion,3,0,883,13,2023-01-11T14:15:00
usr_077,prob_gra_1_006,graphs,1,0,208,5,2023-01-12T03:14:00
usr_077,prob_dyn_3_092,dynamic_programming,3,0,920,11,2023-01-12T13:56:00
usr_077,prob_arr_2_006,arrays,2,1,378,5,2023-01-13T03:27:00
usr_077,prob_arr_3_025,arrays,3,0,641,10,2023-01-13T12:34:00
usr_077,prob_dyn_1_061,dynamic_programming,1,0,209,4,2023-01-14T07:21:00
usr_077,prob_bas_3_038,basics,3,0,1377,11,2023-01-15T03:01:00
usr_077,prob_bas_1_037,basics,1,0,253,5,2023-01-15T10:01:00
usr_077,prob_tre_1_035,trees,1,0,150,5,2023-01-16T05:42:00
usr_077,prob_tre_3_021,trees,3,0,607,10,2023-01-16T06:30:00
usr_077,prob_rec_2_085,recursion,2,0,300,8,2023-01-17T06:01:00
usr_077,prob_gra_2_010,graphs,2,0,686,8,2023-01-17T16:18:00
usr_077,prob_tre_1_003,trees,1,0,130,3,2023-01-18T01:43:00
usr_077,prob_bas_3_031,basics,3,0,790,10,2023-01-18T21:17:00
usr_077,prob_sea_3_085,searching,3,0,767,10,2023-01-19T02:19:00
usr_077,prob_rec_2_044,recursion,2,0,326,5,2023-01-20T01:31:00
usr_077,prob_str_1_006,strings,1,1,196,3,2023-01-20T17:11:00
usr_077,prob_arr_3_010,arrays,3,0,735,9,2023-01-21T10:42:00
usr_077,prob_arr_3_082,arrays,3,0,546,10,2023-01-21T23:31:00
usr_077,prob_arr_1_045,arrays,1,0,169,5,2023-01-22T09:19:00
usr_077,prob_arr_2_022,arrays,2,1,478,4,2023-01-22T16:46:00
usr_077,prob_bas_1_087,basics,1,0,157,4,2023-01-23T08:12:00
usr_077,prob_arr_2_022,arrays,2,1,334,4,2023-01-23T12:29:00
usr_077,prob_gra_1_057,graphs,1,1,187,3,2023-01-24T01:01:00
usr_077,prob_tre_2_082,trees,2,1,272,5,2023-01-24T04:17:00
usr_077,prob_sea_1_053,searching,1,1,161,1,2023-01-24T06:09:00
usr_077,prob_sea_3_091,searching,3,0,751,7,2023-01-25T05:16:00
usr_077,prob_tre_1_065,trees,1,0,179,4,2023-01-25T10:23:00
usr_077,prob_bas_1_094,basics,1,1,221,2,2023-01-25T20:42:00
usr_077,prob_dyn_3_034,dynamic_programming,3,0,830,7,2023-01-26T01:24:00
usr_077,prob_sor_3_090,sorting,3,0,927,8,2023-01-27T01:18:00
usr_077,prob_str_2_033,strings,2,0,373,5,2023-01-27T08:53:00
usr_077,prob_str_1_094,strings,1,1,231,1,2023-01-28T05:33:00
usr_077,prob_rec_1_033,recursion,1,0,195,4,2023-01-28T15:05:00
usr_077,prob_arr_3_094,arrays,3,0,708,6,2023-01-28T21:46:00
usr_077,prob_tre_3_030,trees,3,0,423,8,2023-01-29T09:10:00
usr_077,prob_arr_3_090,arrays,3,0,661,6,2023-01-30T02:11:00
usr_077,prob_str_2_082,strings,2,0,321,4,2023-01-30T07:16:00
usr_077,prob_bas_1_006,basics,1,1,179,2,2023-01-30T14:25:00
usr_077,prob_tre_3_099,trees,3,0,438,6,2023-01-31T13:42:00
usr_077,prob_gra_3_004,graphs,3,0,581,7,2023-01-31T18:24:00
usr_077,prob_sor_2_051,sorting,2,1,180,2,2023-02-01T10:46:00
usr_077,prob_sor_3_084,sorting,3,0,706,5,2023-02-02T01:42:00
usr_077,prob_arr_2_042,arrays,2,0,308,3,2023-02-02T04:21:00
usr_077,prob_sea_1_093,searching,1,1,71,2,2023-02-02T16:44:00
usr_077,prob_arr_1_004,arrays,1,1,113,2,2023-02-03T06:27:00
usr_077,prob_sor_1_040,sorting,1,1,101,1,2023-02-03T07:38:00
usr_077,prob_str_2_082,strings,2,1,194,3,2023-02-03T16:24:00
usr_077,prob_rec_3_049,recursion,3,0,373,5,2023-02-04T15:44:00
usr_077,prob_sor_2_070,sorting,2,1,280,2,2023-02-05T07:53:00
usr_078,prob_sor_2_075,sorting,2,0,551,9,2023-01-01T04:14:00
usr_078,prob_sea_3_001,searching,3,0,2158,15,2023-01-02T00:29:00
usr_078,prob_gra_2_089,graphs,2,0,760,8,2023-01-02T10:58:00
usr_078,prob_rec_2_048,recursion,2,0,912,10,2023-01-02T23:28:00
usr_078,prob_rec_2_096,recursion,2,0,693,9,2023-01-03T08:05:00
usr_078,prob_sea_1_011,searching,1,1,313,3,2023-01-03T21:49:00
usr_078,prob_rec_2_099,recursion,2,0,745,10,2023-01-04T02:09:00
usr_078,prob_bas_3_095,basics,3,0,1115,12,2023-01-04T07:51:00
usr_078,prob_arr_3_032,arrays,3,0,1498,12,2023-01-04T09:11:00
usr_078,prob_str_1_100,strings,1,1,340,3,2023-01-05T01:26:00
usr_078,prob_arr_2_078,arrays,2,0,709,9,2023-01-05T11:18:00
usr_078,prob_bas_2_014,basics,2,1,774,7,2023-01-05T23:42:00
usr_078,prob_rec_1_065,recursion,1,0,378,6,2023-01-06T14:51:00
usr_078,prob_bas_3_016,basics,3,0,785,12,2023-01-06T16:47:00
usr_078,prob_dyn_2_050,dynamic_programming,2,0,763,9,2023-01-07T07:17:00
usr_078,prob_bas_1_013,basics,1,1,386,4,2023-01-07T08:23:00
usr_078,prob_rec_3_022,recursion,3,0,2258,13,2023-01-07T11:01:00
usr_078,prob_rec_1_010,recursion,1,0,368,4,2023-01-07T17:35:00
usr_078,prob_dyn_2_032,dynamic_programming,2,0,578,8,2023-01-08T07:39:00
usr_078,prob_tre_3_018,trees,3,0,1069,11,2023-01-08T13:20:00
usr_078,prob_arr_1_021,arrays,1,1,278,3,2023-01-08T19:20:00
usr_078,prob_gra_2_087,graphs,2,0,524,7,2023-01-08T19:44:00
usr_078,prob_sor_2_039,sorting,2,1,567,5,2023-01-09T06:10:00
usr_078,prob_str_3_036,strings,3,0,897,12,2023-01-09T21:22:00
usr_078,prob_rec_3_085,recursion,3,0,730,11,2023-01-10T12:31:00
usr_078,prob_arr_3_042,arrays,3,0,1772,10,2023-01-11T09:58:00
usr_078,prob_rec_3_012,recursion,3,0,824,10,2023-01-12T06:41:00
usr_078,prob_dyn_2_059,dynamic_programming,2,1,332,6,2023-01-12T18:28:00
usr_078,prob_arr_2_033,arrays,2,1,471,6,2023-01-13T01:40:00
usr_078,prob_rec_1_048,recursion,1,1,172,3,2023-01-13T23:15:00
usr_078,prob_str_2_031,strings,2,1,870,4,2023-01-14T04:30:00
usr_078,prob_bas_2_054,basics,2,1,388,5,2023-01-14T18:13:00
usr_078,prob_tre_2_058,trees,2,1,375,4,2023-01-15T14:41:00
usr_078,prob_gra_2_097,graphs,2,1,506,5,2023-01-16T04:11:00
usr_078,prob_bas_1_033,basics,1,1,230,3,2023-01-16T22:44:00
usr_078,prob_sea_1_014,searching,1,0,266,5,2023-01-17T21:43:00
usr_078,prob_rec_2_037,recursion,2,0,457,7,2023-01-18T16:42:00
usr_078,prob_tre_1_048,trees,1,1,168,2,2023-01-19T06:43:00
usr_078,prob_sea_2_095,searching,2,0,312,7,2023-01-19T10:11:00
usr_078,prob_tre_2_075,trees,2,1,480,3,2023-01-19T23:05:00
usr_078,prob_rec_3_002,recursion,3,0,811,8,2023-01-20T04:06:00
usr_078,prob_gra_3_091,graphs,3,0,871,7,2023-01-21T00:42:00
usr_078,prob_dyn_3_052,dynamic_programming,3,0,764,7,2023-01-21T14:06:00
usr_078,prob_arr_1_062,arrays,1,1,206,1,2023-01-22T00:47:00
usr_078,prob_arr_2_066,arrays,2,1,403,3,2023-01-22T22:04:00
usr_078,prob_rec_2_007,recursion,2,0,360,4,2023-01-23T09:34:00
usr_078,prob_gra_3_057,graphs,3,0,568,7,2023-01-24T08:12:00
usr_078,prob_sor_2_043,sorting,2,0,400,5,2023-01-25T03:10:00
usr_078,prob_dyn_1_094,dynamic_programming,1,0,208,2,2023-01-25T10:59:00
usr_078,prob_gra_3_062,graphs,3,0,602,7,2023-01-26T04:17:00
usr_078,prob_arr_3_014,arrays,3,0,1073,8,2023-01-27T01:03:00
usr_078,prob_sea_1_043,searching,1,1,175,2,2023-01-27T18:20:00
usr_078,prob_sea_2_063,searching,2,0,213,4,2023-01-28T08:01:00
usr_078,prob_arr_2_072,arrays,2,0,270,4,2023-01-29T07:20:00
usr_078,prob_sea_1_030,searching,1,0,255,3,2023-01-29T11:50:00
usr_078,prob_bas_3_073,basics,3,1,647,4,2023-01-29T16:39:00
usr_078,prob_str_1_081,strings,1,0,103,2,2023-01-30T12:16:00
usr_078,prob_rec_2_032,recursion,2,0,159,5,2023-01-30T17:47:00
usr_078,prob_bas_2_023,basics,2,0,257,2,2023-01-31T03:59:00
usr_079,prob_rec_3_054,recursion,3,0,1176,10,2023-01-01T22:25:00
usr_079,prob_arr_1_082,arrays,1,1,595,3,2023-01-02T09:07:00
usr_079,prob_tre_3_077,trees,3,0,1954,9,2023-01-02T11:57:00
usr_079,prob_arr_1_082,arrays,1,1,308,3,2023-01-02T12:20:00
usr_079,prob_gra_3_002,graphs,3,1,1346,9,2023-01-02T16:13:00
usr_079,prob_dyn_3_098,dynamic_programming,3,0,1577,10,2023-01-02T21:24:00
usr_079,prob_gra_1_043,graphs,1,1,280,3,2023-01-03T06:18:00
usr_079,prob_arr_3_023,arrays,3,1,1162,8,2023-01-04T02:58:00
usr_079,prob_sor_1_030,sorting,1,1,374,3,2023-01-05T00:40:00
usr_079,prob_arr_2_023,arrays,2,1,463,4,2023-01-05T14:04:00
usr_079,prob_dyn_3_085,dynamic_programming,3,1,995,8,2023-01-05T22:44:00
usr_079,prob_rec_1_017,recursion,1,1,235,3,2023-01-06T09:07:00
usr_079,prob_sor_2_097,sorting,2,0,622,6,2023-01-06T10:52:00
usr_079,prob_dyn_1_058,dynamic_programming,1,1,292,3,2023-01-07T08:40:00
usr_079,prob_tre_3_011,trees,3,1,939,7,2023-01-07T18:35:00
usr_079,prob_tre_3_060,trees,3,0,1149,10,2023-01-08T05:52:00
usr_079,prob_str_2_029,strings,2,1,927,4,2023-01-08T17:12:00
usr_079,prob_dyn_2_066,dynamic_programming,2,1,429,3,2023-01-09T11:50:00
usr_079,prob_sea_3_007,searching,3,1,1253,6,2023-01-10T09:52:00
usr_079,prob_sor_2_011,sorting,2,1,496,3,2023-01-10T10:19:00
usr_079,prob_bas_1_032,basics,1,1,240,2,2023-01-11T06:57:00
usr_079,prob_str_1_094,strings,1,1,251,1,2023-01-11T07:25:00
usr_079,prob_bas_3_096,basics,3,0,1694,8,2023-01-11T15:34:00
usr_079,prob_gra_2_046,graphs,2,1,434,3,2023-01-12T14:31:00
usr_079,prob_rec_1_057,recursion,1,1,227,2,2023-01-12T18:11:00
usr_079,prob_str_1_093,strings,1,1,323,2,2023-01-12T18:35:00
usr_079,prob_sor_3_084,sorting,3,1,640,5,2023-01-13T06:12:00
usr_079,prob_gra_2_076,graphs,2,1,391,3,2023-01-13T17:06:00
usr_079,prob_tre_3_094,trees,3,1,1154,6,2023-01-14T00:15:00
usr_079,prob_dyn_3_013,dynamic_programming,3,1,710,6,2023-01-14T03:35:00
usr_079,prob_rec_3_076,recursion,3,1,841,6,2023-01-14T21:15:00
usr_079,prob_gra_2_017,graphs,2,1,387,2,2023-01-15T15:50:00
usr_079,prob_sea_1_097,searching,1,1,148,1,2023-01-16T12:30:00
usr_079,prob_sea_1_036,searching,1,1,196,1,2023-01-17T07:18:00
usr_079,prob_sor_3_089,sorting,3,1,899,4,2023-01-17T21:10:00
usr_079,prob_arr_3_090,arrays,3,1,1543,5,2023-01-18T09:27:00
usr_079,prob_rec_2_042,recursion,2,1,332,3,2023-01-18T16:36:00
usr_079,prob_arr_3_006,arrays,3,0,726,6,2023-01-19T14:54:00
usr_079,prob_tre_3_048,trees,3,0,547,6,2023-01-19T23:40:00
usr_079,prob_rec_3_014,recursion,3,1,744,5,2023-01-20T01:31:00
usr_079,prob_bas_2_037,basics,2,1,466,3,2023-01-20T20:24:00
usr_079,prob_dyn_3_086,dynamic_programming,3,1,678,5,2023-01-21T04:54:00
usr_079,prob_tre_3_058,trees,3,1,567,5,2023-01-21T21:58:00
usr_079,prob_sea_3_007,searching,3,1,1065,4,2023-01-22T13:28:00
usr_079,prob_dyn_2_005,dynamic_programming,2,1,356,2,2023-01-22T20:05:00
usr_079,prob_arr_2_027,arrays,2,1,258,2,2023-01-22T21:48:00
usr_079,prob_rec_2_098,recursion,2,1,322,1,2023-01-23T17:02:00
usr_079,prob_gra_1_088,graphs,1,1,171,1,2023-01-23T19:31:00
usr_079,prob_str_2_079,strings,2,1,161,2,2023-01-24T04:56:00
usr_079,prob_sor_1_029,sorting,1,1,93,1,2023-01-24T17:41:00
usr_079,prob_str_2_048,strings,2,1,241,2,2023-01-24T21:05:00
usr_079,prob_gra_3_094,graphs,3,1,478,3,2023-01-25T14:34:00
usr_079,prob_rec_3_019,recursion,3,0,389,5,2023-01-25T22:08:00
usr_080,prob_gra_2_054,graphs,2,1,459,5,2023-01-01T06:57:00
usr_080,prob_gra_3_020,graphs,3,0,1225,11,2023-01-01T14:27:00
usr_080,prob_bas_1_049,basics,1,1,303,3,2023-01-01T19:10:00
usr_080,prob_arr_1_051,arrays,1,1,321,3,2023-01-02T15:09:00
usr_080,prob_sea_3_038,searching,3,0,1354,12,2023-01-02T23:08:00
usr_080,prob_sea_1_099,searching,1,1,183,3,2023-01-03T15:33:00
usr_080,prob_str_3_038,strings,3,1,1213,10,2023-01-03T18:37:00
usr_080,prob_sor_3_085,sorting,3,1,848,10,2023-01-04T04:38:00
usr_080,prob_bas_1_010,basics,1,1,287,3,2023-01-05T01:16:00
usr_080,prob_arr_2_071,arrays,2,1,454,5,2023-01-05T21:08:00
usr_080,prob_dyn_2_036,dynamic_programming,2,1,415,5,2023-01-06T17:14:00
usr_080,prob_bas_2_052,basics,2,1,623,6,2023-01-06T23:18:00
usr_080,prob_bas_2_100,basics,2,1,488,4,2023-01-07T22:43:00
usr_080,prob_arr_2_050,arrays,2,0,342,6,2023-01-08T20:49:00
usr_080,prob_dyn_2_047,dynamic_programming,2,0,466,6,2023-01-09T06:34:00
usr_080,prob_bas_2_056,basics,2,1,356,4,2023-01-09T14:15:00
usr_080,prob_sor_2_029,sorting,2,1,409,5,2023-01-10T02:28:00
usr_080,prob_dyn_3_051,dynamic_programming,3,0,923,10,2023-01-10T23:04:00
usr_080,prob_bas_2_050,basics,2,1,405,5,2023-01-11T13:32:00
usr_080,prob_gra_1_050,graphs,1,1,194,2,2023-01-11T15:27:00
usr_080,prob_arr_1_040,arrays,1,1,188,2,2023-01-12T01:24:00
usr_080,prob_str_2_061,strings,2,1,502,4,2023-01-12T06:46:00
usr_080,prob_arr_3_052,arrays,3,0,489,10,2023-01-12T23:30:00
usr_080,prob_arr_2_096,arrays,2,1,527,5,2023-01-13T08:27:00
usr_080,prob_sea_1_008,searching,1,1,187,1,2023-01-13T23:36:00
usr_080,prob_dyn_3_086,dynamic_programming,3,0,514,8,2023-01-14T21:16:00
usr_080,prob_dyn_1_088,dynamic_programming,1,1,238,2,2023-01-14T22:03:00
usr_080,prob_sea_1_071,searching,1,1,194,1,2023-01-15T14:02:00
usr_080,prob_rec_2_084,recursion,2,1,427,4,2023-01-15T23:56:00
usr_080,prob_rec_3_005,recursion,3,1,638,7,2023-01-16T15:08:00
usr_080,prob_sor_3_019,sorting,3,0,885,8,2023-01-17T11:45:00
usr_080,prob_sea_3_017,searching,3,0,428,7,2023-01-18T06:35:00
usr_080,prob_arr_2_028,arrays,2,1,311,4,2023-01-18T13:36:00
usr_080,prob_bas_3_023,basics,3,1,436,6,2023-01-19T05:05:00
usr_080,prob_str_2_068,strings,2,1,188,3,2023-01-19T19:17:00
usr_080,prob_tre_1_061,trees,1,1,184,2,2023-01-19T23:58:00
usr_080,prob_dyn_1_040,dynamic_programming,1,1,323,2,2023-01-20T05:31:00
usr_080,prob_rec_2_023,recursion,2,1,341,3,2023-01-20T23:45:00
usr_080,prob_str_2_062,strings,2,1,233,2,2023-01-21T17:58:00
usr_080,prob_dyn_1_015,dynamic_programming,1,1,159,2,2023-01-22T05:33:00
usr_080,prob_tre_2_072,trees,2,1,553,2,2023-01-22T17:20:00
usr_080,prob_arr_3_006,arrays,3,1,479,4,2023-01-22T20:30:00
usr_080,prob_str_1_006,strings,1,1,177,1,2023-01-23T00:35:00
usr_080,prob_bas_2_023,basics,2,1,200,2,2023-01-23T17:02:00
usr_080,prob_dyn_3_091,dynamic_programming,3,1,322,5,2023-01-24T08:53:00
usr_080,prob_arr_2_046,arrays,2,1,370,3,2023-01-24T21:57:00
usr_080,prob_str_3_073,strings,3,1,541,5,2023-01-25T10:26:00
usr_080,prob_arr_3_034,arrays,3,1,487,4,2023-01-26T08:56:00
usr_080,prob_sor_3_011,sorting,3,1,390,4,2023-01-27T01:20:00
usr_080,prob_dyn_1_032,dynamic_programming,1,1,151,1,2023-01-27T08:47:00
usr_080,prob_sor_1_088,sorting,1,1,89,1,2023-01-27T11:26:00
usr_080,prob_sor_1_034,sorting,1,1,77,1,2023-01-27T14:57:00
usr_080,prob_sor_1_046,sorting,1,1,67,1,2023-01-28T14:08:00
usr_080,prob_arr_2_072,arrays,2,1,263,2,2023-01-28T15:24:00
usr_080,prob_rec_1_040,recursion,1,1,78,1,2023-01-29T07:12:00
usr_080,prob_str_2_026,strings,2,1,159,1,2023-01-29T07:54:00
usr_081,prob_arr_1_048,arrays,1,1,903,3,2023-01-01T12:13:00
usr_081,prob_tre_3_043,trees,3,0,1935,12,2023-01-02T11:23:00
usr_081,prob_sor_2_026,sorting,2,1,713,6,2023-01-03T05:52:00
usr_081,prob_sor_3_058,sorting,3,1,1681,11,2023-01-03T22:37:00
usr_081,prob_str_2_059,strings,2,0,979,8,2023-01-04T18:15:00
usr_081,prob_tre_3_062,trees,3,0,2473,12,2023-01-05T03:51:00
usr_081,prob_str_2_069,strings,2,0,1066,9,2023-01-06T01:03:00
usr_081,prob_sea_3_083,searching,3,0,1733,12,2023-01-07T00:07:00
usr_081,prob_arr_2_078,arrays,2,1,1008,6,2023-01-07T01:47:00
usr_081,prob_sor_3_085,sorting,3,0,1627,10,2023-01-07T08:32:00
usr_081,prob_bas_3_095,basics,3,1,1913,9,2023-01-08T06:22:00
usr_081,prob_sea_1_069,searching,1,0,603,3,2023-01-08T16:14:00
usr_081,prob_sea_3_066,searching,3,1,1282,9,2023-01-08T22:40:00
usr_081,prob_bas_2_083,basics,2,0,817,6,2023-01-09T02:09:00
usr_081,prob_str_2_008,strings,2,0,595,8,2023-01-09T09:24:00
usr_081,prob_tre_2_077,trees,2,0,709,7,2023-01-09T21:45:00
usr_081,prob_dyn_2_088,dynamic_programming,2,0,535,7,2023-01-10T12:17:00
usr_081,prob_str_2_076,strings,2,0,934,6,2023-01-10T18:23:00
usr_081,prob_sor_3_036,sorting,3,0,1012,11,2023-01-11T09:31:00
usr_081,prob_tre_3_029,trees,3,1,1466,9,2023-01-11T19:00:00
usr_081,prob_sea_3_081,searching,3,0,1498,10,2023-01-12T02:56:00
usr_081,prob_tre_1_066,trees,1,0,378,3,2023-01-12T04:17:00
usr_081,prob_arr_3_042,arrays,3,0,1577,9,2023-01-12T19:43:00
usr_081,prob_arr_2_062,arrays,2,1,772,4,2023-01-13T12:21:00
usr_081,prob_sea_1_060,searching,1,1,358,2,2023-01-13T23:11:00
usr_081,prob_gra_1_062,graphs,1,1,381,2,2023-01-14T09:09:00
usr_081,prob_sor_2_043,sorting,2,1,721,5,2023-01-14T23:57:00
usr_081,prob_bas_2_005,basics,2,0,750,5,2023-01-15T19:02:00
usr_081,prob_rec_3_063,recursion,3,0,981,8,2023-01-16T18:40:00
usr_081,prob_dyn_1_008,dynamic_programming,1,1,316,3,2023-01-17T10:37:00
usr_081,prob_gra_3_033,graphs,3,1,1063,8,2023-01-17T20:04:00
usr_081,prob_str_1_024,strings,1,1,240,1,2023-01-18T12:04:00
usr_081,prob_dyn_3_039,dynamic_programming,3,0,1203,9,2023-01-18T18:39:00
usr_081,prob_str_3_087,strings,3,1,803,6,2023-01-18T19:49:00
usr_081,prob_tre_3_084,trees,3,1,1047,7,2023-01-19T14:27:00
usr_081,prob_dyn_2_014,dynamic_programming,2,0,742,5,2023-01-20T06:13:00
usr_081,prob_bas_1_096,basics,1,1,263,2,2023-01-21T01:22:00
usr_081,prob_dyn_2_100,dynamic_programming,2,1,540,3,2023-01-21T09:03:00
usr_081,prob_sea_3_082,searching,3,0,1743,8,2023-01-21T16:56:00
usr_081,prob_tre_1_059,trees,1,1,392,1,2023-01-22T07:16:00
usr_081,prob_str_3_038,strings,3,1,707,6,2023-01-22T23:17:00
usr_081,prob_tre_1_084,trees,1,1,341,2,2023-01-23T11:29:00
usr_081,prob_dyn_2_099,dynamic_programming,2,1,529,3,2023-01-24T05:50:00
usr_081,prob_rec_3_074,recursion,3,0,1122,6,2023-01-24T07:18:00
usr_081,prob_sor_1_028,sorting,1,1,252,2,2023-01-25T04:56:00
usr_081,prob_dyn_1_075,dynamic_programming,1,1,268,1,2023-01-25T20:43:00
usr_081,prob_tre_3_037,trees,3,1,990,5,2023-01-25T22:35:00
usr_081,prob_str_2_063,strings,2,1,556,2,2023-01-26T06:32:00
usr_081,prob_dyn_1_053,dynamic_programming,1,1,284,1,2023-01-26T08:05:00
usr_081,prob_rec_2_001,recursion,2,1,576,2,2023-01-27T03:17:00
usr_081,prob_sor_1_039,sorting,1,1,155,2,2023-01-28T01:32:00
usr_081,prob_tre_3_060,trees,3,1,974,4,2023-01-28T04:37:00
usr_081,prob_gra_3_043,graphs,3,1,679,4,2023-01-28T10:02:00
usr_081,prob_rec_1_074,recursion,1,1,231,2,2023-01-28T12:03:00
usr_081,prob_sor_3_017,sorting,3,1,701,3,2023-01-29T06:07:00
usr_081,prob_tre_3_077,trees,3,1,665,4,2023-01-30T01:53:00
usr_081,prob_bas_1_036,basics,1,1,260,1,2023-01-30T22:00:00
usr_081,prob_sea_2_026,searching,2,1,394,1,2023-01-31T05:59:00
usr_081,prob_bas_1_090,basics,1,1,158,1,2023-01-31T13:33:00
usr_082,prob_tre_3_025,trees,3,0,1909,12,2023-01-01T23:45:00
usr_082,prob_rec_2_013,recursion,2,1,1551,5,2023-01-02T14:46:00
usr_082,prob_str_2_069,strings,2,1,691,5,2023-01-02T20:10:00
usr_082,prob_tre_2_097,trees,2,0,835,8,2023-01-03T18:10:00
usr_082,prob_sea_2_098,searching,2,1,654,5,2023-01-04T01:53:00
usr_082,prob_tre_3_062,trees,3,1,1020,8,2023-01-04T15:27:00
usr_082,prob_rec_2_024,recursion,2,1,865,6,2023-01-05T07:33:00
usr_082,prob_rec_2_096,recursion,2,1,545,5,2023-01-05T08:59:00
usr_082,prob_arr_2_011,arrays,2,1,1216,6,2023-01-05T18:20:00
usr_082,prob_arr_2_090,arrays,2,1,883,4,2023-01-06T13:21:00
usr_082,prob_rec_3_093,recursion,3,0,2893,10,2023-01-07T06:06:00
usr_082,prob_sor_2_078,sorting,2,1,530,5,2023-01-07T10:48:00
usr_082,prob_rec_3_060,recursion,3,0,1861,10,2023-01-07T21:54:00
usr_082,prob_sea_1_039,searching,1,1,409,2,2023-01-08T00:21:00
usr_082,prob_gra_3_056,graphs,3,1,952,8,2023-01-08T18:22:00
usr_082,prob_gra_1_037,graphs,1,1,449,3,2023-01-09T06:55:00
usr_082,prob_gra_2_028,graphs,2,0,815,5,2023-01-09T16:08:00
usr_082,prob_rec_2_051,recursion,2,1,775,4,2023-01-09T19:00:00
usr_082,prob_bas_3_013,basics,3,1,1010,8,2023-01-10T09:32:00
usr_082,prob_gra_1_019,graphs,1,1,281,3,2023-01-10T21:45:00
usr_082,prob_bas_1_051,basics,1,1,594,3,2023-01-11T19:19:00
usr_082,prob_tre_2_024,trees,2,1,990,4,2023-01-12T06:23:00
usr_082,prob_gra_2_078,graphs,2,1,923,5,2023-01-12T14:07:00
usr_082,prob_sea_3_082,searching,3,0,1035,10,2023-01-12T23:04:00
usr_082,prob_gra_2_062,graphs,2,1,702,5,2023-01-13T17:27:00
usr_082,prob_arr_2_094,arrays,2,1,780,4,2023-01-14T08:09:00
usr_082,prob_gra_3_056,graphs,3,0,1162,9,2023-01-15T06:42:00
usr_082,prob_rec_3_040,recursion,3,0,1014,8,2023-01-15T18:07:00
usr_082,prob_tre_1_034,trees,1,1,246,1,2023-01-15T23:53:00
usr_082,prob_bas_2_065,basics,2,1,438,4,2023-01-16T17:04:00
usr_082,prob_dyn_1_077,dynamic_programming,1,1,357,1,2023-01-16T18:34:00
usr_082,prob_arr_3_090,arrays,3,1,1137,6,2023-01-16T20:47:00
usr_082,prob_str_2_023,strings,2,1,656,4,2023-01-17T14:05:00
usr_082,prob_gra_3_083,graphs,3,1,1188,7,2023-01-18T05:45:00
usr_082,prob_str_3_010,strings,3,1,846,7,2023-01-18T22:22:00
usr_082,prob_rec_2_023,recursion,2,1,673,3,2023-01-19T06:45:00
usr_082,prob_str_3_073,strings,3,1,988,7,2023-01-19T12:14:00
usr_082,prob_dyn_1_054,dynamic_programming,1,1,256,2,2023-01-19T13:24:00
usr_082,prob_sea_3_069,searching,3,1,1262,6,2023-01-20T08:33:00
usr_082,prob_gra_1_038,graphs,1,1,295,1,2023-01-21T05:33:00
usr_082,prob_dyn_3_041,dynamic_programming,3,1,902,5,2023-01-21T23:33:00
usr_082,prob_bas_2_024,basics,2,0,576,6,2023-01-22T02:10:00
usr_082,prob_arr_1_071,arrays,1,1,520,1,2023-01-22T18:51:00
usr_082,prob_sor_3_078,sorting,3,1,1121,5,2023-01-22T20:11:00
usr_082,prob_sor_1_030,sorting,1,1,192,2,2023-01-23T13:21:00
usr_082,prob_str_1_087,strings,1,1,211,2,2023-01-24T05:58:00
usr_082,prob_arr_2_060,arrays,2,1,610,2,2023-01-24T10:26:00
usr_082,prob_dyn_2_038,dynamic_programming,2,1,570,2,2023-01-24T21:08:00
usr_082,prob_sea_3_035,searching,3,0,1425,8,2023-01-25T10:04:00
usr_082,prob_tre_1_011,trees,1,1,284,2,2023-01-25T23:38:00
usr_082,prob_arr_2_084,arrays,2,1,457,2,2023-01-26T14:53:00
usr_082,prob_arr_3_065,arrays,3,1,1075,6,2023-01-26T18:53:00
usr_082,prob_sea_1_083,searching,1,1,219,1,2023-01-27T12:00:00
usr_082,prob_dyn_1_014,dynamic_programming,1,1,201,1,2023-01-27T19:32:00
usr_082,prob_arr_3_077,arrays,3,1,781,4,2023-01-28T12:14:00
usr_082,prob_tre_2_019,trees,2,1,440,2,2023-01-28T23:10:00
usr_082,prob_rec_3_047,recursion,3,1,1022,5,2023-01-29T16:48:00
usr_082,prob_str_2_049,strings,2,1,420,2,2023-01-30T14:45:00
usr_082,prob_tre_1_024,trees,1,1,152,2,2023-01-31T12:27:00
usr_082,prob_sor_2_090,sorting,2,1,385,2,2023-02-01T09:55:00
usr_082,prob_dyn_3_058,dynamic_programming,3,1,728,4,2023-02-01T17:59:00
usr_082,prob_arr_3_056,arrays,3,1,906,5,2023-02-01T20:34:00
usr_082,prob_bas_3_042,basics,3,0,753,6,2023-02-02T07:02:00
usr_082,prob_bas_2_003,basics,2,1,426,3,2023-02-02T17:12:00
usr_082,prob_arr_2_034,arrays,2,1,436,1,2023-02-02T18:47:00
usr_082,prob_arr_3_066,arrays,3,1,889,4,2023-02-03T07:10:00
usr_082,prob_tre_1_075,trees,1,1,178,1,2023-02-04T02:18:00
usr_082,prob_gra_1_092,graphs,1,1,163,1,2023-02-04T18:24:00
usr_082,prob_sor_1_076,sorting,1,1,194,1,2023-02-05T05:12:00
usr_082,prob_sea_3_008,searching,3,1,512,4,2023-02-05T12:37:00
usr_082,prob_bas_3_049,basics,3,1,649,3,2023-02-06T01:05:00
usr_082,prob_str_3_080,strings,3,1,458,3,2023-02-06T07:16:00
usr_082,prob_arr_3_050,arrays,3,0,438,6,2023-02-06T21:07:00
usr_082,prob_tre_1_083,trees,1,1,98,1,2023-02-07T13:53:00
usr_082,prob_str_2_016,strings,2,1,263,2,2023-02-07T21:10:00
usr_082,prob_rec_1_042,recursion,1,1,131,1,2023-02-08T12:15:00
usr_082,prob_bas_1_003,basics,1,1,144,1,2023-02-08T22:28:00
usr_083,prob_sor_3_071,sorting,3,0,1202,13,2023-01-01T09:48:00
usr_083,prob_tre_2_017,trees,2,0,581,8,2023-01-01T10:55:00
usr_083,prob_bas_2_058,basics,2,1,424,8,2023-01-01T19:21:00
usr_083,prob_bas_2_057,basics,2,1,697,7,2023-01-01T22:14:00
usr_083,prob_gra_1_053,graphs,1,1,257,3,2023-01-02T12:39:00
usr_083,prob_bas_2_091,basics,2,1,414,6,2023-01-02T18:18:00
usr_083,prob_str_1_065,strings,1,0,200,5,2023-01-03T03:37:00
usr_083,prob_gra_2_079,graphs,2,0,530,8,2023-01-03T03:57:00
usr_083,prob_sea_3_033,searching,3,0,1056,11,2023-01-04T00:34:00
usr_083,prob_str_1_018,strings,1,1,160,4,2023-01-04T20:24:00
usr_083,prob_sor_2_042,sorting,2,0,400,8,2023-01-05T15:48:00
usr_083,prob_str_3_024,strings,3,0,1136,12,2023-01-06T12:45:00
usr_083,prob_arr_1_069,arrays,1,1,212,4,2023-01-06T17:53:00
usr_083,prob_gra_3_091,graphs,3,0,1077,11,2023-01-07T13:57:00
usr_083,prob_gra_3_028,graphs,3,0,1263,11,2023-01-07T19:42:00
usr_083,prob_str_1_046,strings,1,1,300,3,2023-01-08T15:12:00
usr_083,prob_gra_2_100,graphs,2,0,586,8,2023-01-08T17:59:00
usr_083,prob_dyn_2_098,dynamic_programming,2,0,429,8,2023-01-09T09:05:00
usr_083,prob_sor_1_007,sorting,1,1,215,2,2023-01-09T16:10:00
usr_083,prob_sea_2_070,searching,2,1,328,5,2023-01-09T22:52:00
usr_083,prob_arr_2_078,arrays,2,0,429,8,2023-01-09T23:33:00
usr_083,prob_dyn_1_097,dynamic_programming,1,1,261,3,2023-01-10T09:06:00
usr_083,prob_sor_2_058,sorting,2,0,587,7,2023-01-10T13:41:00
usr_083,prob_dyn_3_052,dynamic_programming,3,0,1067,11,2023-01-11T05:43:00
usr_083,prob_dyn_1_037,dynamic_programming,1,1,166,3,2023-01-11T07:26:00
usr_083,prob_gra_3_011,graphs,3,0,875,12,2023-01-11T13:53:00
usr_083,prob_bas_1_039,basics,1,1,272,2,2023-01-12T03:16:00
usr_083,prob_sea_3_029,searching,3,0,772,9,2023-01-13T03:11:00
usr_083,prob_str_3_035,strings,3,0,605,10,2023-01-13T20:17:00
usr_083,prob_sor_2_062,sorting,2,1,430,5,2023-01-14T00:30:00
usr_083,prob_gra_2_073,graphs,2,1,419,5,2023-01-14T15:43:00
usr_083,prob_rec_2_025,recursion,2,1,468,5,2023-01-15T04:48:00
usr_083,prob_bas_3_036,basics,3,1,800,9,2023-01-15T19:39:00
usr_083,prob_rec_1_037,recursion,1,1,221,3,2023-01-15T22:39:00
usr_083,prob_tre_2_001,trees,2,1,517,5,2023-01-16T01:49:00
usr_083,prob_arr_1_088,arrays,1,0,140,4,2023-01-16T20:32:00
usr_083,prob_gra_2_076,graphs,2,1,453,4,2023-01-17T02:08:00
usr_083,prob_rec_2_009,recursion,2,0,611,5,2023-01-17T21:30:00
usr_083,prob_bas_2_049,basics,2,0,382,5,2023-01-18T02:47:00
usr_083,prob_sor_2_055,sorting,2,0,243,6,2023-01-18T04:27:00
usr_083,prob_dyn_2_039,dynamic_programming,2,0,782,6,2023-01-18T07:27:00
usr_083,prob_sea_2_092,searching,2,1,324,5,2023-01-18T14:33:00
usr_083,prob_str_3_091,strings,3,0,789,9,2023-01-18T23:18:00
usr_083,prob_sea_3_074,searching,3,0,520,9,2023-01-19T12:14:00
usr_083,prob_tre_1_012,trees,1,0,203,4,2023-01-20T11:14:00
usr_083,prob_arr_3_096,arrays,3,0,596,8,2023-01-20T16:53:00
usr_083,prob_rec_1_015,recursion,1,1,286,1,2023-01-21T05:33:00
usr_083,prob_dyn_2_025,dynamic_programming,2,1,264,3,2023-01-21T23:17:00
usr_083,prob_dyn_1_098,dynamic_programming,1,1,184,1,2023-01-22T09:02:00
usr_083,prob_gra_2_019,graphs,2,1,325,4,2023-01-22T10:53:00
usr_083,prob_arr_2_026,arrays,2,1,307,3,2023-01-22T11:34:00
usr_083,prob_sea_3_028,searching,3,0,620,8,2023-01-23T05:00:00
usr_083,prob_sor_3_094,sorting,3,1,416,6,2023-01-24T04:39:00
usr_083,prob_sea_1_002,searching,1,1,156,2,2023-01-24T10:56:00
usr_083,prob_gra_1_001,graphs,1,1,198,2,2023-01-25T10:50:00
usr_083,prob_sea_1_001,searching,1,1,208,2,2023-01-26T09:53:00
usr_083,prob_rec_2_047,recursion,2,1,314,4,2023-01-27T09:41:00
usr_083,prob_arr_1_020,arrays,1,1,159,1,2023-01-28T00:58:00
usr_083,prob_arr_2_074,arrays,2,1,254,3,2023-01-28T18:38:00
usr_083,prob_str_2_009,strings,2,1,289,3,2023-01-28T23:57:00
usr_083,prob_tre_1_059,trees,1,1,108,1,2023-01-29T15:33:00
usr_083,prob_bas_2_013,basics,2,1,238,3,2023-01-30T05:26:00
usr_083,prob_rec_3_026,recursion,3,0,483,7,2023-01-30T18:04:00
usr_083,prob_tre_1_010,trees,1,1,98,2,2023-01-31T06:04:00
usr_083,prob_sor_2_024,sorting,2,1,154,2,2023-01-31T12:13:00
usr_083,prob_sea_1_001,searching,1,1,178,2,2023-01-31T19:18:00
usr_083,prob_rec_1_022,recursion,1,1,172,2,2023-02-01T18:24:00
usr_083,prob_gra_3_088,graphs,3,0,350,5,2023-02-01T23:42:00
usr_083,prob_dyn_1_036,dynamic_programming,1,1,215,1,2023-02-02T17:29:00
usr_083,prob_sor_3_081,sorting,3,0,476,7,2023-02-02T17:54:00
usr_083,prob_arr_1_092,arrays,1,0,96,4,2023-02-02T18:07:00
usr_083,prob_arr_3_005,arrays,3,0,376,5,2023-02-03T04:39:00
usr_083,prob_bas_1_058,basics,1,1,109,1,2023-02-03T07:41:00
usr_083,prob_tre_1_079,trees,1,1,104,2,2023-02-03T12:55:00
usr_083,prob_tre_2_075,trees,2,1,241,1,2023-02-04T07:16:00
usr_083,prob_dyn_1_031,dynamic_programming,1,1,87,1,2023-02-05T01:13:00
usr_083,prob_arr_3_078,arrays,3,0,468,5,2023-02-05T20:32:00
usr_083,prob_sea_3_005,searching,3,0,512,5,2023-02-06T01:28:00
usr_084,prob_gra_1_079,graphs,1,1,729,4,2023-01-01T20:52:00
usr_084,prob_arr_1_061,arrays,1,1,1011,3,2023-01-02T10:38:00
usr_084,prob_rec_1_056,recursion,1,1,382,4,2023-01-02T16:08:00
usr_084,prob_arr_1_043,arrays,1,1,608,4,2023-01-03T02:21:00
usr_084,prob_rec_1_037,recursion,1,0,675,4,2023-01-03T17:22:00
usr_084,prob_dyn_2_003,dynamic_programming,2,1,1167,6,2023-01-04T14:15:00
usr_084,prob_sea_2_063,searching,2,1,745,7,2023-01-05T00:25:00
usr_084,prob_tre_1_004,trees,1,1,559,3,2023-01-05T07:35:00
usr_084,prob_gra_3_026,graphs,3,0,2551,11,2023-01-05T14:28:00
usr_084,prob_str_1_017,strings,1,1,534,3,2023-01-06T09:34:00
usr_084,prob_bas_3_079,basics,3,1,2103,9,2023-01-07T04:13:00
usr_084,prob_gra_3_023,graphs,3,0,2037,12,2023-01-07T19:24:00
usr_084,prob_sea_3_036,searching,3,1,1759,9,2023-01-08T16:35:00
usr_084,prob_bas_2_079,basics,2,0,1957,7,2023-01-09T02:41:00
usr_084,prob_str_3_020,strings,3,0,1491,11,2023-01-09T21:02:00
usr_084,prob_rec_2_088,recursion,2,1,1150,5,2023-01-10T01:36:00
usr_084,prob_arr_1_008,arrays,1,1,461,2,2023-01-10T13:12:00
usr_084,prob_str_3_031,strings,3,0,1822,10,2023-01-10T16:27:00
usr_084,prob_sor_2_092,sorting,2,1,1362,6,2023-01-11T14:26:00
usr_084,prob_gra_2_034,graphs,2,0,633,7,2023-01-11T20:15:00
usr_084,prob_arr_2_006,arrays,2,1,1374,5,2023-01-12T16:38:00
usr_084,prob_str_1_072,strings,1,0,311,4,2023-01-13T14:29:00
usr_084,prob_rec_1_048,recursion,1,1,538,2,2023-01-14T01:07:00
usr_084,prob_sea_3_004,searching,3,1,1309,9,2023-01-14T08:00:00
usr_084,prob_sor_2_062,sorting,2,1,913,4,2023-01-14T10:39:00
usr_084,prob_rec_1_089,recursion,1,0,396,5,2023-01-15T04:02:00
usr_084,prob_gra_1_083,graphs,1,1,482,3,2023-01-16T00:34:00
usr_084,prob_gra_3_076,graphs,3,1,1971,7,2023-01-16T10:52:00
usr_084,prob_rec_2_051,recursion,2,1,616,4,2023-01-17T08:47:00
usr_084,prob_rec_3_078,recursion,3,1,1679,7,2023-01-17T09:46:00
usr_084,prob_dyn_1_032,dynamic_programming,1,0,301,4,2023-01-18T07:35:00
usr_084,prob_bas_3_015,basics,3,1,1749,8,2023-01-18T13:41:00
usr_084,prob_tre_3_005,trees,3,0,2224,9,2023-01-19T01:31:00
usr_084,prob_rec_1_020,recursion,1,1,419,2,2023-01-19T11:23:00
usr_084,prob_sor_3_063,sorting,3,1,1775,6,2023-01-20T03:37:00
usr_084,prob_arr_2_005,arrays,2,1,699,4,2023-01-20T20:18:00
usr_084,prob_sor_3_081,sorting,3,0,1128,7,2023-01-21T09:56:00
usr_084,prob_arr_2_036,arrays,2,1,954,3,2023-01-22T03:33:00
usr_084,prob_str_1_040,strings,1,1,389,2,2023-01-22T15:41:00
usr_084,prob_bas_1_029,basics,1,1,270,1,2023-01-23T04:59:00
usr_084,prob_rec_1_025,recursion,1,1,358,1,2023-01-23T07:34:00
usr_084,prob_dyn_1_060,dynamic_programming,1,1,224,1,2023-01-23T17:25:00
usr_084,prob_dyn_2_013,dynamic_programming,2,1,560,3,2023-01-23T20:38:00
usr_084,prob_str_2_032,strings,2,1,1103,3,2023-01-23T23:26:00
usr_084,prob_arr_2_063,arrays,2,1,709,4,2023-01-24T20:58:00
usr_084,prob_gra_2_017,graphs,2,1,1082,3,2023-01-25T12:51:00
usr_084,prob_str_1_035,strings,1,1,275,2,2023-01-26T06:53:00
usr_084,prob_str_3_062,strings,3,0,1158,8,2023-01-26T09:32:00
usr_084,prob_str_1_080,strings,1,1,326,1,2023-01-27T01:35:00
usr_084,prob_str_2_065,strings,2,1,411,2,2023-01-27T09:08:00
usr_084,prob_str_2_098,strings,2,1,1022,2,2023-01-28T01:00:00
usr_084,prob_dyn_3_084,dynamic_programming,3,1,1822,5,2023-01-28T08:35:00
usr_084,prob_tre_3_030,trees,3,1,1333,5,2023-01-29T02:52:00
usr_084,prob_tre_3_022,trees,3,1,1048,5,2023-01-29T05:19:00
usr_084,prob_bas_1_043,basics,1,1,169,1,2023-01-29T14:13:00
usr_084,prob_str_1_002,strings,1,1,179,1,2023-01-30T13:40:00
usr_084,prob_bas_2_071,basics,2,1,488,2,2023-01-31T13:36:00
usr_084,prob_bas_2_008,basics,2,1,537,3,2023-02-01T12:28:00
usr_084,prob_bas_2_027,basics,2,1,377,2,2023-02-01T13:28:00
usr_084,prob_sor_2_025,sorting,2,1,718,1,2023-02-01T15:40:00
usr_084,prob_sea_2_016,searching,2,1,401,1,2023-02-02T13:00:00
usr_084,prob_sea_2_010,searching,2,1,427,1,2023-02-02T17:07:00
usr_084,prob_tre_2_068,trees,2,1,751,2,2023-02-03T15:07:00
usr_084,prob_arr_3_087,arrays,3,0,936,5,2023-02-04T05:28:00
usr_085,prob_tre_1_034,trees,1,1,228,2,2023-01-01T18:33:00
usr_085,prob_sea_2_058,searching,2,1,454,4,2023-01-02T01:39:00
usr_085,prob_sea_3_041,searching,3,0,1116,9,2023-01-02T05:51:00
usr_085,prob_rec_1_027,recursion,1,1,292,2,2023-01-03T05:03:00
usr_085,prob_str_3_100,strings,3,1,727,8,2023-01-03T22:19:00
usr_085,prob_sor_2_068,sorting,2,1,356,4,2023-01-04T10:34:00
usr_085,prob_dyn_1_037,dynamic_programming,1,1,210,3,2023-01-04T20:08:00
usr_085,prob_bas_3_021,basics,3,0,707,10,2023-01-04T23:35:00
usr_085,prob_gra_1_078,graphs,1,1,244,2,2023-01-05T03:42:00
usr_085,prob_arr_1_078,arrays,1,1,261,2,2023-01-05T05:41:00
usr_085,prob_rec_2_058,recursion,2,1,415,5,2023-01-05T17:39:00
usr_085,prob_sea_2_006,searching,2,1,357,5,2023-01-06T00:44:00
usr_085,prob_sor_3_076,sorting,3,1,913,6,2023-01-06T08:36:00
usr_085,prob_bas_3_034,basics,3,0,725,7,2023-01-07T06:19:00
usr_085,prob_sor_2_085,sorting,2,1,315,3,2023-01-07T08:19:00
usr_085,prob_sea_1_076,searching,1,1,264,2,2023-01-07T10:52:00
usr_085,prob_rec_1_061,recursion,1,1,178,2,2023-01-07T20:41:00
usr_085,prob_tre_3_035,trees,3,1,921,6,2023-01-08T15:22:00
usr_085,prob_bas_3_013,basics,3,1,929,7,2023-01-08T17:01:00
usr_085,prob_str_2_011,strings,2,1,386,3,2023-01-09T01:54:00
usr_085,prob_sor_3_044,sorting,3,1,485,6,2023-01-09T05:28:00
usr_085,prob_str_1_074,strings,1,1,144,2,2023-01-09T14:56:00
usr_085,prob_rec_2_097,recursion,2,1,383,4,2023-01-10T08:13:00
usr_085,prob_dyn_1_028,dynamic_programming,1,1,161,2,2023-01-10T11:55:00
usr_085,prob_tre_2_013,trees,2,1,273,4,2023-01-10T18:08:00
usr_085,prob_sor_3_053,sorting,3,1,970,6,2023-01-11T00:37:00
usr_085,prob_sea_1_012,searching,1,1,180,2,2023-01-11T13:45:00
usr_085,prob_sor_1_063,sorting,1,1,171,1,2023-01-12T01:54:00
usr_085,prob_arr_3_030,arrays,3,1,443,5,2023-01-12T03:51:00
usr_085,prob_dyn_2_033,dynamic_programming,2,1,395,2,2023-01-12T11:39:00
usr_085,prob_sor_1_082,sorting,1,1,178,1,2023-01-13T01:54:00
usr_085,prob_str_3_038,strings,3,1,685,5,2023-01-13T21:05:00
usr_085,prob_gra_1_072,graphs,1,1,129,2,2023-01-14T09:33:00
usr_085,prob_tre_1_015,trees,1,1,150,1,2023-01-15T04:45:00
usr_085,prob_str_1_080,strings,1,1,77,2,2023-01-15T20:44:00
usr_085,prob_arr_3_033,arrays,3,1,381,4,2023-01-16T17:08:00
usr_085,prob_sea_1_031,searching,1,1,175,1,2023-01-17T04:35:00
usr_085,prob_tre_2_091,trees,2,1,294,2,2023-01-17T15:13:00
usr_085,prob_str_1_008,strings,1,1,165,2,2023-01-18T00:50:00
usr_085,prob_dyn_1_020,dynamic_programming,1,1,112,1,2023-01-18T20:08:00
usr_085,prob_tre_3_050,trees,3,1,467,4,2023-01-19T07:44:00
usr_085,prob_rec_2_090,recursion,2,1,328,1,2023-01-20T00:43:00
usr_085,prob_tre_3_080,trees,3,1,340,4,2023-01-20T09:23:00
usr_085,prob_arr_1_093,arrays,1,1,148,1,2023-01-20T18:08:00
usr_085,prob_rec_3_041,recursion,3,1,478,4,2023-01-20T22:37:00
usr_085,prob_arr_1_069,arrays,1,1,146,1,2023-01-20T22:59:00
usr_085,prob_str_2_004,strings,2,1,154,1,2023-01-21T04:25:00
usr_085,prob_tre_3_038,trees,3,1,284,3,2023-01-21T17:42:00
usr_085,prob_gra_1_070,graphs,1,1,110,1,2023-01-21T23:03:00
usr_085,prob_sea_1_098,searching,1,1,99,1,2023-01-22T21:05:00
usr_085,prob_dyn_1_085,dynamic_programming,1,1,141,1,2023-01-23T18:13:00
usr_085,prob_gra_3_037,graphs,3,1,332,2,2023-01-24T01:03:00
usr_085,prob_gra_2_098,graphs,2,1,197,2,2023-01-24T15:29:00
usr_086,prob_dyn_3_086,dynamic_programming,3,0,3018,14,2023-01-01T15:50:00
usr_086,prob_str_1_008,strings,1,0,480,4,2023-01-01T20:41:00
usr_086,prob_sor_2_006,sorting,2,1,1136,7,2023-01-02T07:22:00
usr_086,prob_sor_3_082,sorting,3,0,1953,13,2023-01-02T13:44:00
usr_086,prob_sea_1_037,searching,1,0,554,6,2023-01-02T19:32:00
usr_086,prob_dyn_2_069,dynamic_programming,2,0,868,8,2023-01-03T13:31:00
usr_086,prob_sea_3_031,searching,3,0,2098,14,2023-01-03T15:46:00
usr_086,prob_sea_3_090,searching,3,0,1905,12,2023-01-04T05:16:00
usr_086,prob_dyn_3_036,dynamic_programming,3,0,2067,12,2023-01-04T11:39:00
usr_086,prob_gra_1_073,graphs,1,1,500,4,2023-01-04T12:48:00
usr_086,prob_arr_2_043,arrays,2,0,1402,7,2023-01-04T22:57:00
usr_086,prob_sea_2_062,searching,2,1,638,6,2023-01-05T08:09:00
usr_086,prob_tre_2_047,trees,2,0,733,8,2023-01-06T02:16:00
usr_086,prob_gra_2_064,graphs,2,0,951,7,2023-01-06T17:09:00
usr_086,prob_sea_3_012,searching,3,0,1937,12,2023-01-06T22:39:00
usr_086,prob_arr_1_077,arrays,1,0,782,4,2023-01-07T03:15:00
usr_086,prob_gra_2_052,graphs,2,0,847,7,2023-01-07T12:38:00
usr_086,prob_rec_1_088,recursion,1,0,747,4,2023-01-08T06:06:00
usr_086,prob_bas_1_053,basics,1,1,559,3,2023-01-09T05:07:00
usr_086,prob_sea_3_032,searching,3,0,1466,11,2023-01-09T10:28:00
usr_086,prob_rec_3_070,recursion,3,0,2556,12,2023-01-09T16:38:00
usr_086,prob_tre_2_084,trees,2,1,803,5,2023-01-10T08:51:00
usr_086,prob_arr_2_076,arrays,2,0,627,8,2023-01-10T22:53:00
usr_086,prob_bas_3_046,basics,3,0,1501,11,2023-01-11T17:36:00
usr_086,prob_dyn_2_014,dynamic_programming,2,1,895,5,2023-01-12T13:51:00
usr_086,prob_bas_3_100,basics,3,0,1549,9,2023-01-13T04:50:00
usr_086,prob_bas_1_057,basics,1,1,277,2,2023-01-14T03:12:00
usr_086,prob_sea_1_063,searching,1,1,326,3,2023-01-14T16:01:00
usr_086,prob_sea_2_095,searching,2,1,546,6,2023-01-15T05:53:00
usr_086,prob_sor_2_081,sorting,2,1,761,4,2023-01-15T09:36:00
usr_086,prob_tre_1_058,trees,1,0,381,4,2023-01-16T00:19:00
usr_086,prob_sea_3_055,searching,3,1,2691,9,2023-01-16T17:37:00
usr_086,prob_str_1_007,strings,1,1,288,2,2023-01-16T22:17:00
usr_086,prob_gra_2_073,graphs,2,1,741,4,2023-01-17T03:37:00
usr_086,prob_bas_3_045,basics,3,0,971,9,2023-01-17T04:58:00
usr_086,prob_bas_2_067,basics,2,1,659,4,2023-01-17T08:09:00
usr_086,prob_tre_1_066,trees,1,1,221,2,2023-01-17T12:21:00
usr_086,prob_sea_1_016,searching,1,1,219,3,2023-01-18T06:00:00
usr_086,prob_sea_2_007,searching,2,1,409,5,2023-01-19T04:48:00
usr_086,prob_sor_2_014,sorting,2,1,654,5,2023-01-19T17:45:00
usr_086,prob_sor_3_011,sorting,3,0,1082,10,2023-01-20T00:34:00
usr_086,prob_bas_3_012,basics,3,0,1331,8,2023-01-20T18:00:00
usr_086,prob_sor_2_056,sorting,2,1,693,3,2023-01-21T03:42:00
usr_086,prob_rec_2_084,recursion,2,0,689,4,2023-01-21T04:16:00
usr_086,prob_sea_2_054,searching,2,0,534,5,2023-01-22T03:26:00
usr_086,prob_arr_3_014,arrays,3,0,930,8,2023-01-22T04:48:00
usr_086,prob_bas_2_029,basics,2,1,602,4,2023-01-23T00:59:00
usr_086,prob_tre_1_020,trees,1,1,180,1,2023-01-23T16:21:00
usr_086,prob_dyn_2_087,dynamic_programming,2,1,576,4,2023-01-24T15:38:00
usr_086,prob_arr_2_083,arrays,2,1,579,4,2023-01-24T21:29:00
usr_086,prob_arr_2_045,arrays,2,0,609,6,2023-01-25T07:53:00
usr_086,prob_rec_2_019,recursion,2,1,877,3,2023-01-25T20:18:00
usr_086,prob_sor_3_016,sorting,3,0,900,7,2023-01-26T13:55:00
usr_086,prob_bas_3_015,basics,3,0,659,6,2023-01-27T04:16:00
usr_086,prob_tre_1_046,trees,1,0,169,3,2023-01-27T21:38:00
usr_086,prob_bas_2_030,basics,2,1,546,2,2023-01-28T11:17:00
usr_086,prob_str_3_011,strings,3,0,615,7,2023-01-29T08:41:00
usr_086,prob_rec_1_022,recursion,1,1,281,1,2023-01-29T21:24:00
usr_086,prob_sor_1_013,sorting,1,0,325,2,2023-01-30T09:23:00
usr_086,prob_dyn_1_037,dynamic_programming,1,1,228,2,2023-01-31T03:51:00
usr_086,prob_rec_2_049,recursion,2,1,646,2,2023-01-31T21:16:00
usr_086,prob_tre_1_048,trees,1,1,231,2,2023-02-01T20:53:00
usr_086,prob_tre_3_035,trees,3,0,946,6,2023-02-02T07:06:00
usr_086,prob_dyn_1_077,dynamic_programming,1,1,159,1,2023-02-02T10:34:00
usr_086,prob_dyn_2_059,dynamic_programming,2,1,355,3,2023-02-03T10:21:00
usr_086,prob_dyn_1_051,dynamic_programming,1,1,198,1,2023-02-03T20:25:00
usr_086,prob_sor_1_069,sorting,1,1,184,1,2023-02-04T03:22:00
usr_086,prob_dyn_3_028,dynamic_programming,3,0,610,5,2023-02-04T07:50:00
usr_087,prob_dyn_3_074,dynamic_programming,3,1,1800,9,2023-01-01T05:32:00
usr_087,prob_dyn_3_087,dynamic_programming,3,1,1004,9,2023-01-02T00:56:00
usr_087,prob_sea_3_038,searching,3,0,902,9,2023-01-02T01:33:00
usr_087,prob_str_3_082,strings,3,1,1125,8,2023-01-02T23:14:00
usr_087,prob_sea_2_014,searching,2,1,377,5,2023-01-03T16:43:00
usr_087,prob_rec_1_085,recursion,1,1,257,2,2023-01-03T21:07:00
usr_087,prob_sea_3_004,searching,3,0,1381,10,2023-01-04T07:19:00
usr_087,prob_str_1_061,strings,1,1,233,2,2023-01-05T01:00:00
usr_087,prob_sea_3_079,searching,3,1,1527,7,2023-01-05T12:19:00
usr_087,prob_tre_3_083,trees,3,0,1245,8,2023-01-05T14:27:00
usr_087,prob_arr_1_065,arrays,1,1,358,3,2023-01-06T03:59:00
usr_087,prob_rec_3_061,recursion,3,1,892,7,2023-01-06T07:28:00
usr_087,prob_str_3_029,strings,3,1,760,8,2023-01-06T22:03:00
usr_087,prob_dyn_1_011,dynamic_programming,1,1,202,3,2023-01-07T06:38:00
usr_087,prob_tre_3_016,trees,3,0,1078,9,2023-01-08T00:11:00
usr_087,prob_arr_1_052,arrays,1,1,147,2,2023-01-08T13:08:00
usr_087,prob_arr_2_001,arrays,2,1,365,3,2023-01-08T22:17:00
usr_087,prob_bas_1_004,basics,1,1,159,1,2023-01-09T07:06:00
usr_087,prob_bas_3_088,basics,3,0,791,7,2023-01-09T16:16:00
usr_087,prob_sea_1_070,searching,1,1,164,2,2023-01-10T13:25:00
usr_087,prob_sea_3_099,searching,3,1,943,7,2023-01-10T22:44:00
usr_087,prob_sea_2_036,searching,2,1,565,4,2023-01-11T04:47:00
usr_087,prob_gra_2_021,graphs,2,1,330,4,2023-01-11T16:54:00
usr_087,prob_bas_2_056,basics,2,1,619,4,2023-01-12T05:37:00
usr_087,prob_sea_1_051,searching,1,1,252,2,2023-01-12T16:37:00
usr_087,prob_dyn_1_036,dynamic_programming,1,1,212,2,2023-01-12T21:45:00
usr_087,prob_arr_1_032,arrays,1,1,240,2,2023-01-13T07:09:00
usr_087,prob_str_3_038,strings,3,1,784,5,2023-01-14T01:16:00
usr_087,prob_rec_2_058,recursion,2,1,253,3,2023-01-14T06:08:00
usr_087,prob_tre_2_033,trees,2,1,260,4,2023-01-14T09:18:00
usr_087,prob_rec_2_058,recursion,2,1,524,4,2023-01-15T07:20:00
usr_087,prob_arr_1_078,arrays,1,1,265,2,2023-01-15T17:24:00
usr_087,prob_bas_2_026,basics,2,1,403,3,2023-01-16T00:09:00
usr_087,prob_str_1_093,strings,1,1,119,2,2023-01-16T01:57:00
usr_087,prob_arr_2_073,arrays,2,1,290,3,2023-01-17T01:55:00
usr_087,prob_tre_1_050,trees,1,1,174,2,2023-01-17T02:51:00
usr_087,prob_bas_1_054,basics,1,1,149,1,2023-01-17T11:49:00
usr_087,prob_sor_2_080,sorting,2,1,579,2,2023-01-17T12:59:00
usr_087,prob_arr_1_011,arrays,1,1,168,2,2023-01-18T11:18:00
usr_087,prob_tre_1_047,trees,1,1,334,1,2023-01-18T22:04:00
usr_087,prob_str_2_047,strings,2,1,326,3,2023-01-19T13:24:00
usr_087,prob_str_3_083,strings,3,0,430,5,2023-01-19T18:13:00
usr_087,prob_dyn_3_046,dynamic_programming,3,0,999,6,2023-01-19T19:35:00
usr_087,prob_sea_2_020,searching,2,1,207,2,2023-01-20T05:29:00
usr_087,prob_sea_3_098,searching,3,1,1184,4,2023-01-20T16:56:00
usr_087,prob_sea_2_003,searching,2,1,311,3,2023-01-21T02:06:00
usr_087,prob_str_3_070,strings,3,1,466,4,2023-01-21T12:18:00
usr_087,prob_str_1_038,strings,1,1,75,1,2023-01-22T01:53:00
usr_087,prob_sor_1_069,sorting,1,1,174,2,2023-01-23T00:01:00
usr_087,prob_gra_2_014,graphs,2,1,392,2,2023-01-23T09:13:00
usr_087,prob_str_3_032,strings,3,1,754,4,2023-01-23T19:32:00
usr_087,prob_rec_1_018,recursion,1,1,86,1,2023-01-24T13:21:00
usr_087,prob_sor_1_006,sorting,1,1,329,1,2023-01-24T21:34:00
usr_087,prob_gra_1_029,graphs,1,1,65,1,2023-01-25T08:48:00
usr_087,prob_str_2_071,strings,2,1,248,2,2023-01-26T01:24:00
usr_087,prob_str_3_076,strings,3,1,677,3,2023-01-26T12:43:00
usr_087,prob_rec_1_092,recursion,1,1,160,1,2023-01-26T23:27:00
usr_087,prob_arr_3_086,arrays,3,1,257,4,2023-01-27T10:30:00
usr_087,prob_sea_1_028,searching,1,1,78,1,2023-01-27T22:36:00
usr_087,prob_sor_2_053,sorting,2,1,235,1,2023-01-28T00:05:00
usr_087,prob_bas_1_066,basics,1,1,108,1,2023-01-28T10:22:00
usr_087,prob_rec_2_017,recursion,2,1,255,2,2023-01-28T14:08:00
usr_087,prob_bas_1_071,basics,1,1,78,1,2023-01-28T23:48:00
usr_087,prob_arr_2_076,arrays,2,1,167,1,2023-01-29T05:38:00
usr_087,prob_str_2_015,strings,2,1,200,2,2023-01-30T02:10:00
usr_087,prob_sor_3_079,sorting,3,0,434,5,2023-01-31T01:43:00
usr_087,prob_arr_1_056,arrays,1,1,94,1,2023-01-31T04:31:00
usr_087,prob_sea_2_077,searching,2,1,137,2,2023-01-31T07:30:00
usr_087,prob_bas_3_018,basics,3,1,408,2,2023-01-31T19:03:00
usr_087,prob_sea_3_003,searching,3,1,535,2,2023-02-01T10:22:00
usr_088,prob_sea_1_091,searching,1,1,529,4,2023-01-01T12:23:00
usr_088,prob_str_1_069,strings,1,1,427,3,2023-01-02T02:33:00
usr_088,prob_str_1_070,strings,1,0,317,4,2023-01-02T11:04:00
usr_088,prob_str_2_069,strings,2,0,863,7,2023-01-03T07:27:00
usr_088,prob_tre_3_064,trees,3,0,996,13,2023-01-04T00:31:00
usr_088,prob_sea_1_014,searching,1,1,390,4,2023-01-04T07:37:00
usr_088,prob_tre_2_009,trees,2,1,649,7,2023-01-04T18:16:00
usr_088,prob_rec_1_004,recursion,1,1,523,3,2023-01-05T01:32:00
usr_088,prob_str_3_091,strings,3,0,1448,12,2023-01-05T18:02:00
usr_088,prob_sor_1_091,sorting,1,0,286,6,2023-01-06T11:17:00
usr_088,prob_str_2_094,strings,2,1,737,6,2023-01-07T02:42:00
usr_088,prob_sea_1_016,searching,1,1,446,4,2023-01-07T20:36:00
usr_088,prob_gra_1_002,graphs,1,1,279,3,2023-01-07T21:47:00
usr_088,prob_bas_2_015,basics,2,0,1022,7,2023-01-08T15:37:00
usr_088,prob_bas_1_062,basics,1,1,655,3,2023-01-08T17:55:00
usr_088,prob_rec_2_042,recursion,2,0,619,9,2023-01-09T16:56:00
usr_088,prob_gra_3_045,graphs,3,0,863,11,2023-01-10T06:23:00
usr_088,prob_sea_2_057,searching,2,0,819,6,2023-01-10T14:34:00
usr_088,prob_gra_1_007,graphs,1,1,317,2,2023-01-10T17:24:00
usr_088,prob_gra_3_089,graphs,3,0,1168,11,2023-01-11T01:24:00
usr_088,prob_dyn_1_034,dynamic_programming,1,0,244,3,2023-01-11T16:33:00
usr_088,prob_tre_2_076,trees,2,0,422,8,2023-01-12T01:31:00
usr_088,prob_rec_2_093,recursion,2,1,599,6,2023-01-12T17:35:00
usr_088,prob_dyn_1_019,dynamic_programming,1,1,204,3,2023-01-12T23:38:00
usr_088,prob_tre_2_006,trees,2,0,682,7,2023-01-13T01:09:00
usr_088,prob_sor_2_001,sorting,2,1,728,5,2023-01-13T17:52:00
usr_088,prob_str_2_094,strings,2,1,713,5,2023-01-13T18:39:00
usr_088,prob_str_3_080,strings,3,0,1076,10,2023-01-13T23:49:00
usr_088,prob_dyn_3_003,dynamic_programming,3,0,1108,9,2023-01-14T03:24:00
usr_088,prob_bas_3_034,basics,3,0,1946,10,2023-01-14T11:00:00
usr_088,prob_gra_3_027,graphs,3,0,1106,10,2023-01-15T02:47:00
usr_088,prob_sea_2_019,searching,2,1,626,4,2023-01-15T09:35:00
usr_088,prob_sor_1_070,sorting,1,1,240,3,2023-01-16T01:36:00
usr_088,prob_dyn_1_076,dynamic_programming,1,1,181,2,2023-01-16T09:16:00
usr_088,prob_dyn_2_086,dynamic_programming,2,0,323,6,2023-01-16T23:57:00
usr_088,prob_sea_3_080,searching,3,1,1103,8,2023-01-17T20:34:00
usr_088,prob_tre_3_052,trees,3,0,704,9,2023-01-18T02:19:00
usr_088,prob_bas_3_023,basics,3,0,601,9,2023-01-18T14:28:00
usr_088,prob_str_1_092,strings,1,1,281,3,2023-01-19T09:59:00
usr_088,prob_arr_2_027,arrays,2,1,598,4,2023-01-19T11:51:00
usr_088,prob_arr_2_079,arrays,2,1,498,5,2023-01-20T04:36:00
usr_088,prob_bas_2_081,basics,2,0,764,7,2023-01-20T14:08:00
usr_088,prob_sor_2_055,sorting,2,1,359,4,2023-01-21T13:25:00
usr_088,prob_str_1_018,strings,1,1,164,1,2023-01-22T11:16:00
usr_088,prob_tre_3_005,trees,3,0,1212,7,2023-01-22T19:38:00
usr_088,prob_arr_2_097,arrays,2,0,467,6,2023-01-23T02:25:00
usr_088,prob_rec_3_075,recursion,3,0,972,7,2023-01-23T14:30:00
usr_088,prob_rec_1_060,recursion,1,1,219,1,2023-01-24T06:39:00
usr_088,prob_dyn_3_073,dynamic_programming,3,0,757,7,2023-01-24T16:09:00
usr_088,prob_dyn_1_075,dynamic_programming,1,1,133,1,2023-01-25T15:41:00
usr_088,prob_dyn_3_066,dynamic_programming,3,0,1380,7,2023-01-26T05:44:00
usr_088,prob_gra_1_020,graphs,1,1,195,2,2023-01-26T16:14:00
usr_088,prob_arr_1_053,arrays,1,1,171,2,2023-01-27T12:34:00
usr_088,prob_arr_3_025,arrays,3,0,918,7,2023-01-28T05:01:00
usr_088,prob_dyn_3_012,dynamic_programming,3,0,573,7,2023-01-28T17:06:00
usr_088,prob_rec_2_092,recursion,2,0,256,5,2023-01-28T21:51:00
usr_088,prob_tre_3_093,trees,3,0,574,6,2023-01-29T11:27:00
usr_088,prob_rec_2_056,recursion,2,1,354,3,2023-01-30T02:19:00
usr_088,prob_tre_2_030,trees,2,1,374,3,2023-01-30T16:23:00
usr_088,prob_arr_3_063,arrays,3,0,1338,8,2023-01-31T13:26:00
usr_088,prob_rec_3_002,recursion,3,1,509,5,2023-02-01T05:49:00
usr_088,prob_bas_1_057,basics,1,1,192,1,2023-02-01T11:28:00
usr_088,prob_sor_2_064,sorting,2,1,525,2,2023-02-01T23:04:00
usr_088,prob_arr_3_043,arrays,3,0,475,5,2023-02-02T17:13:00
usr_088,prob_dyn_1_086,dynamic_programming,1,1,140,2,2023-02-02T21:52:00
usr_088,prob_sor_1_082,sorting,1,1,186,2,2023-02-03T00:01:00
usr_088,prob_sor_3_056,sorting,3,0,423,7,2023-02-03T23:15:00
usr_088,prob_bas_3_056,basics,3,1,431,5,2023-02-04T19:10:00
usr_088,prob_rec_2_054,recursion,2,1,344,3,2023-02-05T00:37:00
usr_088,prob_str_2_055,strings,2,1,372,3,2023-02-05T20:29:00
usr_088,prob_rec_3_087,recursion,3,0,540,6,2023-02-06T12:13:00
usr_088,prob_str_3_030,strings,3,0,371,5,2023-02-06T20:09:00
usr_088,prob_str_1_001,strings,1,1,180,1,2023-02-07T01:10:00
usr_088,prob_bas_3_003,basics,3,0,323,5,2023-02-07T19:33:00
usr_089,prob_arr_3_028,arrays,3,1,851,8,2023-01-01T02:53:00
usr_089,prob_dyn_1_095,dynamic_programming,1,1,221,2,2023-01-01T06:22:00
usr_089,prob_bas_2_081,basics,2,1,442,4,2023-01-01T21:47:00
usr_089,prob_bas_3_100,basics,3,1,1005,9,2023-01-02T11:19:00
usr_089,prob_str_2_038,strings,2,1,783,4,2023-01-03T03:14:00
usr_089,prob_gra_2_029,graphs,2,1,565,4,2023-01-03T19:01:00
usr_089,prob_sor_1_057,sorting,1,1,348,3,2023-01-04T14:42:00
usr_089,prob_sea_3_090,searching,3,1,1310,7,2023-01-05T12:29:00
usr_089,prob_gra_1_084,graphs,1,1,325,3,2023-01-06T10:03:00
usr_089,prob_arr_2_017,arrays,2,1,442,4,2023-01-06T10:40:00
usr_089,prob_str_1_029,strings,1,1,270,2,2023-01-06T18:43:00
usr_089,prob_str_1_042,strings,1,1,430,2,2023-01-07T01:40:00
usr_089,prob_sea_3_045,searching,3,0,1156,9,2023-01-07T21:49:00
usr_089,prob_gra_2_099,graphs,2,0,586,5,2023-01-08T10:08:00
usr_089,prob_tre_1_001,trees,1,1,205,2,2023-01-08T13:33:00
usr_089,prob_tre_1_013,trees,1,1,299,3,2023-01-09T13:27:00
usr_089,prob_sea_1_051,searching,1,1,296,2,2023-01-09T21:40:00
usr_089,prob_rec_2_064,recursion,2,1,582,4,2023-01-10T12:33:00
usr_089,prob_sor_2_090,sorting,2,1,620,4,2023-01-11T03:55:00
usr_089,prob_tre_3_063,trees,3,1,842,6,2023-01-11T11:38:00
usr_089,prob_bas_3_051,basics,3,0,728,8,2023-01-12T10:50:00
usr_089,prob_str_1_048,strings,1,1,243,2,2023-01-12T14:57:00
usr_089,prob_gra_1_087,graphs,1,1,249,1,2023-01-13T11:19:00
usr_089,prob_gra_3_004,graphs,3,1,883,6,2023-01-14T01:08:00
usr_089,prob_sea_3_053,searching,3,1,873,7,2023-01-14T03:18:00
usr_089,prob_gra_2_043,graphs,2,1,334,3,2023-01-14T14:21:00
usr_089,prob_sor_1_055,sorting,1,1,191,2,2023-01-15T13:06:00
usr_089,prob_bas_1_094,basics,1,1,167,1,2023-01-16T07:08:00
usr_089,prob_sea_2_005,searching,2,1,547,3,2023-01-16T09:03:00
usr_089,prob_dyn_3_037,dynamic_programming,3,1,950,7,2023-01-17T03:35:00
usr_089,prob_dyn_3_037,dynamic_programming,3,0,813,8,2023-01-18T01:41:00
usr_089,prob_str_2_058,strings,2,1,590,4,2023-01-18T01:46:00
usr_089,prob_dyn_1_035,dynamic_programming,1,1,204,1,2023-01-18T17:39:00
usr_089,prob_dyn_3_049,dynamic_programming,3,1,636,5,2023-01-18T23:44:00
usr_089,prob_arr_2_043,arrays,2,1,584,4,2023-01-19T15:40:00
usr_089,prob_sea_3_084,searching,3,1,1167,5,2023-01-19T20:26:00
usr_089,prob_gra_3_051,graphs,3,1,958,5,2023-01-20T10:50:00
usr_089,prob_bas_1_011,basics,1,1,257,1,2023-01-20T17:24:00
usr_089,prob_bas_1_095,basics,1,1,220,1,2023-01-20T23:51:00
usr_089,prob_sor_1_024,sorting,1,1,238,1,2023-01-21T11:39:00
usr_089,prob_dyn_1_025,dynamic_programming,1,1,138,1,2023-01-21T12:28:00
usr_089,prob_sor_3_011,sorting,3,1,872,6,2023-01-22T09:38:00
usr_089,prob_rec_2_061,recursion,2,1,507,2,2023-01-22T14:17:00
usr_089,prob_gra_3_006,graphs,3,1,905,5,2023-01-23T02:36:00
usr_089,prob_gra_1_081,graphs,1,1,177,1,2023-01-24T01:20:00
usr_089,prob_dyn_3_062,dynamic_programming,3,1,826,5,2023-01-24T17:34:00
usr_089,prob_sea_1_062,searching,1,1,204,1,2023-01-25T14:11:00
usr_089,prob_gra_3_063,graphs,3,1,662,5,2023-01-26T12:44:00
usr_089,prob_str_2_058,strings,2,1,364,2,2023-01-27T12:13:00
usr_089,prob_gra_2_062,graphs,2,1,444,2,2023-01-27T14:11:00
usr_089,prob_gra_2_032,graphs,2,1,305,3,2023-01-28T12:50:00
usr_089,prob_gra_3_002,graphs,3,0,466,6,2023-01-28T20:37:00
usr_089,prob_sea_2_047,searching,2,1,551,3,2023-01-29T05:04:00
usr_089,prob_arr_3_029,arrays,3,1,778,5,2023-01-29T21:19:00
usr_089,prob_bas_3_034,basics,3,1,691,5,2023-01-30T16:18:00
usr_089,prob_dyn_2_072,dynamic_programming,2,1,386,2,2023-01-30T20:08:00
usr_089,prob_arr_2_031,arrays,2,1,248,2,2023-01-30T20:29:00
usr_089,prob_arr_3_083,arrays,3,1,718,5,2023-01-31T17:15:00
usr_089,prob_bas_2_055,basics,2,1,191,2,2023-02-01T05:38:00
usr_089,prob_sea_3_020,searching,3,0,645,7,2023-02-01T17:31:00
usr_089,prob_rec_2_059,recursion,2,1,265,1,2023-02-02T14:39:00
usr_089,prob_bas_1_027,basics,1,1,193,1,2023-02-03T07:40:00
usr_089,prob_sea_2_029,searching,2,1,318,2,2023-02-03T17:23:00
usr_089,prob_bas_1_072,basics,1,1,126,1,2023-02-04T08:09:00
usr_089,prob_arr_1_029,arrays,1,1,196,1,2023-02-04T21:06:00
usr_089,prob_bas_1_014,basics,1,1,81,1,2023-02-05T08:54:00
usr_089,prob_sor_3_074,sorting,3,1,603,3,2023-02-06T05:27:00
usr_089,prob_sea_1_060,searching,1,1,146,1,2023-02-06T14:47:00
usr_089,prob_bas_1_090,basics,1,1,96,1,2023-02-06T19:01:00
usr_089,prob_bas_1_024,basics,1,1,103,1,2023-02-07T02:03:00
usr_089,prob_sea_1_087,searching,1,1,147,1,2023-02-07T18:47:00
usr_089,prob_rec_2_052,recursion,2,1,178,1,2023-02-08T06:44:00
usr_089,prob_rec_1_032,recursion,1,1,90,1,2023-02-08T10:33:00
usr_089,prob_dyn_3_030,dynamic_programming,3,1,423,4,2023-02-08T13:47:00
usr_089,prob_str_3_063,strings,3,1,398,2,2023-02-09T11:06:00
usr_089,prob_bas_1_085,basics,1,1,103,1,2023-02-10T01:43:00
usr_089,prob_dyn_3_016,dynamic_programming,3,1,576,2,2023-02-10T17:22:00
usr_089,prob_arr_3_069,arrays,3,1,461,3,2023-02-11T13:35:00
usr_090,prob_rec_3_046,recursion,3,0,971,13,2023-01-01T21:04:00
usr_090,prob_rec_2_005,recursion,2,0,815,7,2023-01-02T05:33:00
usr_090,prob_sea_2_099,searching,2,1,481,5,2023-01-02T12:00:00
usr_090,prob_sea_2_019,searching,2,1,625,6,2023-01-02T20:56:00
usr_090,prob_str_3_024,strings,3,1,1058,10,2023-01-03T04:31:00
usr_090,prob_bas_1_053,basics,1,1,214,2,2023-01-04T03:00:00
usr_090,prob_arr_1_070,arrays,1,1,421,3,2023-01-04T20:17:00
usr_090,prob_str_1_009,strings,1,0,216,3,2023-01-05T06:33:00
usr_090,prob_rec_2_055,recursion,2,1,632,5,2023-01-05T23:04:00
usr_090,prob_arr_3_084,arrays,3,0,2167,9,2023-01-06T09:18:00
usr_090,prob_gra_1_018,graphs,1,1,279,3,2023-01-06T21:22:00
usr_090,prob_gra_1_047,graphs,1,1,543,2,2023-01-07T21:15:00
usr_090,prob_str_1_040,strings,1,1,252,3,2023-01-08T13:58:00
usr_090,prob_rec_1_066,recursion,1,1,340,2,2023-01-08T22:55:00
usr_090,prob_arr_2_076,arrays,2,1,424,4,2023-01-09T12:48:00
usr_090,prob_sor_2_001,sorting,2,1,531,5,2023-01-09T18:42:00
usr_090,prob_str_3_074,strings,3,1,1321,9,2023-01-10T07:10:00
usr_090,prob_dyn_3_050,dynamic_programming,3,0,1269,9,2023-01-11T01:21:00
usr_090,prob_tre_1_092,trees,1,1,186,3,2023-01-11T05:30:00
usr_090,prob_sea_3_076,searching,3,1,1259,8,2023-01-12T03:29:00
usr_090,prob_dyn_1_052,dynamic_programming,1,1,229,3,2023-01-13T00:53:00
usr_090,prob_rec_3_018,recursion,3,1,1049,8,2023-01-13T03:57:00
usr_090,prob_sor_1_034,sorting,1,1,309,3,2023-01-13T15:07:00
usr_090,prob_rec_1_077,recursion,1,1,333,2,2023-01-14T05:02:00
usr_090,prob_sor_3_030,sorting,3,1,851,6,2023-01-15T04:20:00
usr_090,prob_sea_1_032,searching,1,1,427,2,2023-01-15T19:05:00
usr_090,prob_arr_2_011,arrays,2,1,381,4,2023-01-15T21:06:00
usr_090,prob_sea_1_075,searching,1,1,243,2,2023-01-16T16:28:00
usr_090,prob_rec_3_005,recursion,3,0,949,8,2023-01-16T23:17:00
usr_090,prob_dyn_3_075,dynamic_programming,3,1,794,6,2023-01-17T19:36:00
usr_090,prob_str_2_006,strings,2,1,503,3,2023-01-18T15:16:00
usr_090,prob_sea_2_017,searching,2,1,542,4,2023-01-18T20:59:00
usr_090,prob_sea_1_099,searching,1,1,225,2,2023-01-19T16:43:00
usr_090,prob_str_2_099,strings,2,0,293,4,2023-01-20T04:10:00
usr_090,prob_dyn_1_038,dynamic_programming,1,1,141,2,2023-01-20T05:45:00
usr_090,prob_sor_1_066,sorting,1,1,407,1,2023-01-20T07:51:00
usr_090,prob_arr_1_043,arrays,1,1,247,2,2023-01-20T15:39:00
usr_090,prob_str_2_092,strings,2,1,380,2,2023-01-21T12:11:00
usr_090,prob_gra_2_058,graphs,2,1,291,2,2023-01-22T06:07:00
usr_090,prob_arr_1_028,arrays,1,1,108,1,2023-01-22T08:53:00
usr_090,prob_rec_3_032,recursion,3,0,1342,6,2023-01-22T19:18:00
usr_090,prob_tre_1_057,trees,1,1,149,2,2023-01-23T06:14:00
usr_090,prob_tre_3_011,trees,3,1,512,4,2023-01-23T15:55:00
usr_090,prob_arr_1_061,arrays,1,1,191,1,2023-01-24T11:05:00
usr_090,prob_dyn_1_041,dynamic_programming,1,1,172,2,2023-01-24T21:42:00
usr_090,prob_gra_2_060,graphs,2,1,267,2,2023-01-25T06:14:00
usr_090,prob_arr_3_065,arrays,3,1,850,4,2023-01-25T16:41:00
usr_090,prob_gra_3_047,graphs,3,0,381,4,2023-01-25T20:50:00
usr_090,prob_bas_3_088,basics,3,1,534,3,2023-01-26T14:14:00
usr_090,prob_sor_2_019,sorting,2,1,315,2,2023-01-26T20:01:00
usr_090,prob_gra_1_021,graphs,1,1,138,1,2023-01-27T10:15:00
usr_090,prob_sor_2_057,sorting,2,1,231,1,2023-01-28T09:51:00
usr_091,prob_sea_3_089,searching,3,1,1525,10,2023-01-01T08:49:00
usr_091,prob_tre_3_025,trees,3,0,1684,10,2023-01-01T12:08:00
usr_091,prob_str_2_079,strings,2,0,954,7,2023-01-01T19:53:00
usr_091,prob_rec_1_019,recursion,1,1,418,2,2023-01-01T21:53:00
usr_091,prob_str_2_046,strings,2,1,935,5,2023-01-02T10:48:00
usr_091,prob_tre_2_082,trees,2,1,586,6,2023-01-03T04:21:00
usr_091,prob_tre_1_047,trees,1,1,351,3,2023-01-04T03:36:00
usr_091,prob_gra_1_041,graphs,1,1,251,2,2023-01-04T20:08:00
usr_091,prob_str_2_086,strings,2,1,1224,5,2023-01-04T20:27:00
usr_091,prob_dyn_3_003,dynamic_programming,3,1,1795,8,2023-01-05T03:22:00
usr_091,prob_tre_3_054,trees,3,0,1893,10,2023-01-05T11:42:00
usr_091,prob_gra_3_043,graphs,3,1,978,8,2023-01-06T03:40:00
usr_091,prob_tre_1_021,trees,1,1,241,3,2023-01-06T03:53:00
usr_091,prob_bas_3_062,basics,3,0,1062,11,2023-01-06T04:33:00
usr_091,prob_sea_1_026,searching,1,1,401,3,2023-01-06T07:10:00
usr_091,prob_sor_2_048,sorting,2,1,793,5,2023-01-06T17:57:00
usr_091,prob_sea_3_031,searching,3,1,1454,8,2023-01-06T18:49:00
usr_091,prob_sor_2_064,sorting,2,1,769,5,2023-01-07T11:09:00
usr_091,prob_tre_1_039,trees,1,1,295,3,2023-01-07T14:59:00
usr_091,prob_bas_3_057,basics,3,1,925,7,2023-01-08T04:22:00
usr_091,prob_sor_1_076,sorting,1,1,573,2,2023-01-08T19:28:00
usr_091,prob_gra_3_011,graphs,3,0,1230,9,2023-01-09T17:58:00
usr_091,prob_gra_1_048,graphs,1,1,339,3,2023-01-09T23:45:00
usr_091,prob_str_1_005,strings,1,1,245,2,2023-01-10T04:55:00
usr_091,prob_bas_3_071,basics,3,1,1069,7,2023-01-10T19:55:00
usr_091,prob_sor_1_048,sorting,1,0,183,3,2023-01-11T16:42:00
usr_091,prob_arr_1_029,arrays,1,1,323,2,2023-01-12T04:09:00
usr_091,prob_sor_2_024,sorting,2,1,1023,4,2023-01-12T21:50:00
usr_091,prob_arr_1_010,arrays,1,1,289,2,2023-01-13T18:02:00
usr_091,prob_bas_1_090,basics,1,1,356,2,2023-01-14T15:23:00
usr_091,prob_arr_1_053,arrays,1,1,252,2,2023-01-15T08:38:00
usr_091,prob_dyn_1_001,dynamic_programming,1,1,268,1,2023-01-15T11:57:00
usr_091,prob_sor_3_088,sorting,3,0,876,7,2023-01-16T09:25:00
usr_091,prob_str_1_064,strings,1,1,225,2,2023-01-17T00:03:00
usr_091,prob_gra_3_084,graphs,3,0,881,7,2023-01-17T12:51:00
usr_091,prob_rec_1_057,recursion,1,1,187,1,2023-01-17T15:53:00
usr_091,prob_gra_1_044,graphs,1,1,297,1,2023-01-17T23:11:00
usr_091,prob_sea_3_097,searching,3,1,995,6,2023-01-18T07:54:00
usr_091,prob_gra_2_090,graphs,2,1,372,3,2023-01-18T14:05:00
usr_091,prob_sor_1_095,sorting,1,1,259,1,2023-01-19T00:15:00
usr_091,prob_tre_1_086,trees,1,1,151,2,2023-01-19T13:59:00
usr_091,prob_gra_3_043,graphs,3,0,765,6,2023-01-20T04:32:00
usr_091,prob_rec_2_071,recursion,2,1,378,3,2023-01-21T03:46:00
usr_091,prob_dyn_3_044,dynamic_programming,3,1,733,4,2023-01-21T10:14:00
usr_091,prob_bas_3_055,basics,3,0,615,5,2023-01-22T05:04:00
usr_091,prob_sea_1_018,searching,1,1,145,1,2023-01-23T00:13:00
usr_091,prob_sor_2_024,sorting,2,1,524,2,2023-01-23T08:45:00
usr_091,prob_dyn_3_088,dynamic_programming,3,1,488,3,2023-01-23T21:17:00
usr_091,prob_dyn_2_029,dynamic_programming,2,1,235,2,2023-01-24T15:16:00
usr_091,prob_bas_2_076,basics,2,1,398,1,2023-01-25T10:43:00
usr_091,prob_bas_1_082,basics,1,1,153,1,2023-01-25T21:19:00
usr_091,prob_gra_1_023,graphs,1,1,76,1,2023-01-26T01:43:00
usr_091,prob_rec_3_044,recursion,3,1,472,4,2023-01-26T12:40:00
usr_092,prob_dyn_2_044,dynamic_programming,2,1,753,6,2023-01-01T13:53:00
usr_092,prob_sea_2_068,searching,2,1,898,6,2023-01-02T01:44:00
usr_092,prob_bas_1_048,basics,1,0,408,4,2023-01-02T12:55:00
usr_092,prob_gra_2_074,graphs,2,0,1532,7,2023-01-02T23:08:00
usr_092,prob_rec_2_043,recursion,2,1,701,5,2023-01-03T06:15:00
usr_092,prob_dyn_3_074,dynamic_programming,3,1,3014,8,2023-01-03T13:00:00
usr_092,prob_gra_2_098,graphs,2,1,1559,6,2023-01-04T00:05:00
usr_092,prob_gra_1_053,graphs,1,0,410,3,2023-01-04T06:43:00
usr_092,prob_dyn_3_027,dynamic_programming,3,0,2095,9,2023-01-04T10:04:00
usr_092,prob_sea_1_055,searching,1,1,318,3,2023-01-05T05:04:00
usr_092,prob_tre_1_053,trees,1,1,548,2,2023-01-05T17:41:00
usr_092,prob_gra_1_039,graphs,1,1,467,2,2023-01-06T08:12:00
usr_092,prob_bas_3_100,basics,3,1,1087,8,2023-01-06T15:36:00
usr_092,prob_sea_2_049,searching,2,1,552,5,2023-01-07T00:47:00
usr_092,prob_sor_1_087,sorting,1,1,748,2,2023-01-07T08:49:00
usr_092,prob_rec_2_004,recursion,2,1,864,4,2023-01-07T16:54:00
usr_092,prob_sea_1_001,searching,1,1,458,2,2023-01-08T02:25:00
usr_092,prob_gra_1_044,graphs,1,0,285,3,2023-01-08T06:03:00
usr_092,prob_tre_3_014,trees,3,0,1124,8,2023-01-08T18:11:00
usr_092,prob_sea_3_023,searching,3,0,1534,8,2023-01-08T20:59:00
usr_092,prob_tre_2_025,trees,2,1,740,4,2023-01-09T06:31:00
usr_092,prob_dyn_2_007,dynamic_programming,2,0,779,4,2023-01-10T04:25:00
usr_092,prob_tre_2_085,trees,2,1,1116,4,2023-01-10T04:34:00
usr_092,prob_gra_3_086,graphs,3,0,1479,8,2023-01-10T06:06:00
usr_092,prob_gra_2_042,graphs,2,1,830,4,2023-01-10T21:25:00
usr_092,prob_sea_3_063,searching,3,1,1579,7,2023-01-11T04:49:00
usr_092,prob_rec_2_057,recursion,2,1,761,4,2023-01-11T18:12:00
usr_092,prob_sor_3_017,sorting,3,1,1511,6,2023-01-12T05:40:00
usr_092,prob_sor_1_076,sorting,1,1,255,1,2023-01-12T08:24:00
usr_092,prob_gra_1_049,graphs,1,1,228,2,2023-01-12T15:30:00
usr_092,prob_str_3_024,strings,3,0,867,8,2023-01-12T16:47:00
usr_092,prob_gra_2_078,graphs,2,1,692,4,2023-01-13T09:01:00
usr_092,prob_tre_1_031,trees,1,1,537,2,2023-01-14T05:17:00
usr_092,prob_tre_3_077,trees,3,1,948,6,2023-01-14T20:02:00
usr_092,prob_str_1_031,strings,1,1,183,1,2023-01-15T11:46:00
usr_092,prob_rec_2_026,recursion,2,1,579,3,2023-01-16T09:57:00
usr_092,prob_sea_3_066,searching,3,1,702,4,2023-01-16T19:08:00
usr_092,prob_str_3_070,strings,3,1,829,5,2023-01-17T12:30:00
usr_092,prob_arr_3_079,arrays,3,0,968,6,2023-01-18T09:13:00
usr_092,prob_gra_2_089,graphs,2,1,732,2,2023-01-18T19:01:00
usr_092,prob_gra_3_044,graphs,3,1,905,4,2023-01-19T17:16:00
usr_092,prob_sor_3_014,sorting,3,1,1048,5,2023-01-20T06:43:00
usr_092,prob_tre_1_057,trees,1,1,195,1,2023-01-20T15:34:00
usr_092,prob_sea_2_062,searching,2,1,478,3,2023-01-20T21:18:00
usr_092,prob_bas_1_084,basics,1,1,134,1,2023-01-20T22:46:00
usr_092,prob_arr_1_041,arrays,1,1,172,1,2023-01-21T11:06:00
usr_092,prob_tre_3_040,trees,3,1,1428,4,2023-01-21T23:01:00
usr_092,prob_sea_3_042,searching,3,1,680,3,2023-01-22T14:12:00
usr_092,prob_str_2_050,strings,2,1,554,1,2023-01-23T02:37:00
usr_092,prob_arr_1_100,arrays,1,1,178,1,2023-01-23T23:39:00
usr_092,prob_str_1_026,strings,1,1,125,1,2023-01-24T10:04:00
usr_092,prob_gra_1_076,graphs,1,1,81,1,2023-01-25T08:48:00
usr_093,prob_sor_1_075,sorting,1,0,390,4,2023-01-01T18:18:00
usr_093,prob_sor_2_060,sorting,2,0,834,9,2023-01-01T23:06:00
usr_093,prob_rec_3_008,recursion,3,0,1301,14,2023-01-02T19:53:00
usr_093,prob_tre_3_053,trees,3,0,1195,14,2023-01-02T23:31:00
usr_093,prob_bas_2_062,basics,2,1,871,7,2023-01-03T11:18:00
usr_093,prob_sea_2_097,searching,2,0,846,8,2023-01-03T15:02:00
usr_093,prob_sea_2_030,searching,2,1,969,7,2023-01-04T07:46:00
usr_093,prob_rec_1_046,recursion,1,0,339,6,2023-01-04T23:17:00
usr_093,prob_arr_3_074,arrays,3,0,1153,13,2023-01-05T21:03:00
usr_093,prob_arr_2_080,arrays,2,1,676,6,2023-01-06T16:20:00
usr_093,prob_str_2_035,strings,2,0,638,7,2023-01-06T19:13:00
usr_093,prob_bas_2_072,basics,2,1,1098,7,2023-01-07T12:08:00
usr_093,prob_sea_1_091,searching,1,0,299,4,2023-01-08T01:02:00
usr_093,prob_arr_3_062,arrays,3,0,1062,12,2023-01-08T17:19:00
usr_093,prob_tre_1_006,trees,1,1,291,4,2023-01-08T20:28:00
usr_093,prob_gra_3_100,graphs,3,1,1208,10,2023-01-09T10:07:00
usr_093,prob_gra_2_061,graphs,2,0,721,7,2023-01-10T08:50:00
usr_093,prob_rec_1_015,recursion,1,1,301,2,2023-01-11T01:10:00
usr_093,prob_bas_1_004,basics,1,1,251,2,2023-01-11T05:31:00
usr_093,prob_rec_3_032,recursion,3,0,1308,11,2023-01-11T16:04:00
usr_093,prob_str_1_035,strings,1,0,689,5,2023-01-12T15:43:00
usr_093,prob_sor_1_018,sorting,1,1,351,3,2023-01-13T05:36:00
usr_093,prob_dyn_2_082,dynamic_programming,2,1,824,6,2023-01-14T00:42:00
usr_093,prob_tre_3_010,trees,3,1,1366,9,2023-01-14T07:43:00
usr_093,prob_dyn_1_085,dynamic_programming,1,1,361,3,2023-01-15T02:44:00
usr_093,prob_dyn_1_032,dynamic_programming,1,1,425,3,2023-01-15T08:00:00
usr_093,prob_bas_3_022,basics,3,0,1585,9,2023-01-16T00:12:00
usr_093,prob_gra_2_064,graphs,2,1,478,5,2023-01-16T01:45:00
usr_093,prob_rec_2_023,recursion,2,1,392,5,2023-01-16T03:14:00
usr_093,prob_sor_3_081,sorting,3,0,853,10,2023-01-17T02:11:00
usr_093,prob_str_3_032,strings,3,0,1253,10,2023-01-17T13:03:00
usr_093,prob_str_1_096,strings,1,1,323,2,2023-01-18T05:27:00
usr_093,prob_sea_3_071,searching,3,0,1462,9,2023-01-18T16:44:00
usr_093,prob_bas_3_002,basics,3,0,1342,9,2023-01-18T17:47:00
usr_093,prob_bas_3_065,basics,3,0,1331,8,2023-01-19T14:46:00
usr_093,prob_tre_2_098,trees,2,1,861,5,2023-01-20T08:57:00
usr_093,prob_sor_3_062,sorting,3,1,903,7,2023-01-20T16:56:00
usr_093,prob_arr_3_013,arrays,3,0,1065,9,2023-01-21T06:49:00
usr_093,prob_arr_2_029,arrays,2,0,401,6,2023-01-22T03:19:00
usr_093,prob_rec_3_053,recursion,3,1,909,8,2023-01-22T13:42:00
usr_093,prob_sor_3_080,sorting,3,0,1277,8,2023-01-22T19:03:00
usr_093,prob_tre_2_033,trees,2,0,438,6,2023-01-23T04:10:00
usr_093,prob_sea_3_042,searching,3,0,1857,7,2023-01-23T10:10:00
usr_093,prob_str_2_084,strings,2,0,381,6,2023-01-23T16:19:00
usr_093,prob_sor_3_034,sorting,3,0,1114,8,2023-01-23T22:05:00
usr_093,prob_gra_1_084,graphs,1,0,282,3,2023-01-24T16:47:00
usr_093,prob_gra_3_026,graphs,3,0,1154,8,2023-01-25T03:54:00
usr_093,prob_dyn_1_039,dynamic_programming,1,1,267,2,2023-01-25T04:55:00
usr_093,prob_bas_1_096,basics,1,1,174,1,2023-01-25T07:55:00
usr_093,prob_sea_3_098,searching,3,0,1014,8,2023-01-25T18:58:00
usr_093,prob_dyn_2_036,dynamic_programming,2,1,333,3,2023-01-25T19:15:00
usr_093,prob_bas_1_048,basics,1,1,187,1,2023-01-26T12:33:00
usr_093,prob_rec_1_037,recursion,1,0,192,4,2023-01-26T17:12:00
usr_093,prob_rec_1_073,recursion,1,1,170,1,2023-01-27T09:37:00
usr_093,prob_tre_3_057,trees,3,0,1010,7,2023-01-28T00:42:00
usr_093,prob_bas_1_077,basics,1,1,143,2,2023-01-28T05:49:00
usr_093,prob_sea_2_032,searching,2,1,369,3,2023-01-28T22:16:00
usr_093,prob_tre_1_022,trees,1,1,202,1,2023-01-29T03:35:00
usr_093,prob_tre_3_032,trees,3,0,671,7,2023-01-29T19:53:00
usr_093,prob_bas_3_080,basics,3,0,620,6,2023-01-30T02:35:00
usr_093,prob_dyn_1_046,dynamic_programming,1,1,288,2,2023-01-30T14:48:00
usr_093,prob_gra_1_023,graphs,1,1,176,1,2023-01-31T11:06:00
usr_093,prob_gra_2_028,graphs,2,1,476,2,2023-01-31T18:19:00
usr_093,prob_sor_3_069,sorting,3,0,851,6,2023-02-01T04:25:00
usr_093,prob_gra_2_085,graphs,2,1,260,2,2023-02-01T06:40:00
usr_093,prob_sor_2_029,sorting,2,0,661,5,2023-02-01T21:36:00
usr_093,prob_rec_2_007,recursion,2,1,374,2,2023-02-02T09:11:00
usr_093,prob_tre_3_042,trees,3,0,489,5,2023-02-03T02:57:00
usr_093,prob_sea_2_002,searching,2,0,300,3,2023-02-03T12:32:00
usr_093,prob_sea_1_018,searching,1,1,246,1,2023-02-03T13:16:00
usr_093,prob_bas_3_008,basics,3,0,698,5,2023-02-04T11:44:00
usr_093,prob_bas_2_024,basics,2,1,331,2,2023-02-05T09:55:00
usr_094,prob_arr_2_034,arrays,2,0,738,7,2023-01-01T21:36:00
usr_094,prob_tre_2_011,trees,2,0,835,7,2023-01-02T18:34:00
usr_094,prob_sea_2_074,searching,2,1,568,5,2023-01-03T02:09:00
usr_094,prob_bas_2_063,basics,2,0,904,6,2023-01-03T10:22:00
usr_094,prob_tre_2_099,trees,2,0,662,8,2023-01-04T10:13:00
usr_094,prob_str_2_064,strings,2,1,651,6,2023-01-05T05:57:00
usr_094,prob_gra_2_019,graphs,2,1,780,5,2023-01-05T23:31:00
usr_094,prob_sea_1_021,searching,1,1,339,3,2023-01-06T14:31:00
usr_094,prob_tre_3_025,trees,3,1,910,9,2023-01-06T23:38:00
usr_094,prob_arr_2_049,arrays,2,1,527,5,2023-01-07T16:24:00
usr_094,prob_str_2_088,strings,2,0,509,7,2023-01-07T19:24:00
usr_094,prob_str_3_057,strings,3,0,1848,10,2023-01-08T07:38:00
usr_094,prob_arr_2_086,arrays,2,1,474,5,2023-01-09T05:07:00
usr_094,prob_rec_1_072,recursion,1,1,289,2,2023-01-09T08:45:00
usr_094,prob_arr_2_013,arrays,2,1,442,5,2023-01-09T15:24:00
usr_094,prob_arr_2_012,arrays,2,1,467,5,2023-01-10T05:56:00
usr_094,prob_str_2_049,strings,2,1,588,5,2023-01-11T02:22:00
usr_094,prob_arr_2_069,arrays,2,1,542,4,2023-01-11T23:10:00
usr_094,prob_gra_3_084,graphs,3,0,954,8,2023-01-12T17:15:00
usr_094,prob_arr_2_023,arrays,2,1,713,4,2023-01-13T13:01:00
usr_094,prob_str_2_093,strings,2,1,704,4,2023-01-14T08:02:00
usr_094,prob_tre_2_090,trees,2,0,516,6,2023-01-14T18:17:00
usr_094,prob_arr_2_035,arrays,2,0,650,4,2023-01-15T10:19:00
usr_094,prob_tre_3_097,trees,3,1,1226,6,2023-01-16T07:50:00
usr_094,prob_arr_3_066,arrays,3,1,1872,6,2023-01-17T00:56:00
usr_094,prob_sea_1_067,searching,1,1,198,1,2023-01-17T22:54:00
usr_094,prob_sor_3_062,sorting,3,1,1234,7,2023-01-18T20:47:00
usr_094,prob_sor_2_068,sorting,2,1,741,4,2023-01-18T21:28:00
usr_094,prob_sor_1_077,sorting,1,1,263,2,2023-01-19T06:01:00
usr_094,prob_dyn_2_035,dynamic_programming,2,1,901,4,2023-01-19T17:29:00
usr_094,prob_sor_2_001,sorting,2,1,378,4,2023-01-20T09:24:00
usr_094,prob_tre_3_084,trees,3,1,934,6,2023-01-21T03:13:00
usr_094,prob_tre_2_002,trees,2,1,607,4,2023-01-21T19:12:00
usr_094,prob_rec_2_004,recursion,2,1,309,3,2023-01-22T03:11:00
usr_094,prob_sor_1_042,sorting,1,1,233,2,2023-01-22T22:00:00
usr_094,prob_rec_3_064,recursion,3,1,650,5,2023-01-23T13:07:00
usr_094,prob_sor_1_050,sorting,1,1,218,2,2023-01-23T17:21:00
usr_094,prob_tre_2_053,trees,2,1,355,2,2023-01-23T18:21:00
usr_094,prob_sor_2_016,sorting,2,1,473,2,2023-01-24T13:12:00
usr_094,prob_sea_2_055,searching,2,1,408,3,2023-01-25T11:23:00
usr_094,prob_gra_3_035,graphs,3,0,1037,7,2023-01-25T18:43:00
usr_094,prob_arr_2_078,arrays,2,1,542,2,2023-01-26T18:40:00
usr_094,prob_dyn_2_099,dynamic_programming,2,0,733,5,2023-01-27T11:23:00
usr_094,prob_gra_1_053,graphs,1,1,147,1,2023-01-27T12:44:00
usr_094,prob_gra_1_001,graphs,1,1,285,1,2023-01-27T13:35:00
usr_094,prob_bas_2_089,basics,2,1,460,3,2023-01-28T11:24:00
usr_094,prob_dyn_3_025,dynamic_programming,3,1,580,4,2023-01-28T22:05:00
usr_094,prob_bas_2_092,basics,2,1,258,2,2023-01-29T15:16:00
usr_094,prob_bas_2_046,basics,2,1,314,2,2023-01-29T23:25:00
usr_094,prob_sea_1_086,searching,1,1,114,1,2023-01-30T02:08:00
usr_094,prob_sea_1_048,searching,1,1,161,1,2023-01-30T21:36:00
usr_094,prob_bas_3_077,basics,3,0,659,4,2023-01-31T02:51:00
usr_094,prob_bas_2_024,basics,2,1,260,2,2023-01-31T22:06:00
usr_094,prob_sea_3_096,searching,3,1,1079,3,2023-02-01T18:19:00
usr_094,prob_str_2_042,strings,2,1,238,2,2023-02-02T09:12:00
usr_094,prob_tre_3_029,trees,3,0,459,4,2023-02-02T17:07:00
usr_094,prob_arr_2_059,arrays,2,1,264,2,2023-02-03T12:07:00
usr_094,prob_rec_2_063,recursion,2,1,188,2,2023-02-04T06:45:00
usr_095,prob_tre_3_037,trees,3,0,778,12,2023-01-01T13:01:00
usr_095,prob_sea_3_039,searching,3,0,1122,13,2023-01-02T02:59:00
usr_095,prob_sor_1_089,sorting,1,1,198,3,2023-01-02T17:08:00
usr_095,prob_gra_1_018,graphs,1,0,391,6,2023-01-03T06:14:00
usr_095,prob_sor_2_067,sorting,2,0,611,8,2023-01-03T21:05:00
usr_095,prob_dyn_1_057,dynamic_programming,1,1,310,4,2023-01-04T12:28:00
usr_095,prob_rec_3_099,recursion,3,1,1114,11,2023-01-05T00:56:00
usr_095,prob_sea_2_025,searching,2,0,738,7,2023-01-05T21:49:00
usr_095,prob_sea_2_037,searching,2,0,465,6,2023-01-05T22:18:00
usr_095,prob_gra_2_076,graphs,2,1,411,6,2023-01-06T04:01:00
usr_095,prob_tre_3_035,trees,3,0,944,11,2023-01-06T08:00:00
usr_095,prob_gra_3_076,graphs,3,0,815,12,2023-01-06T11:08:00
usr_095,prob_sor_2_054,sorting,2,1,630,5,2023-01-07T09:42:00
usr_095,prob_dyn_2_060,dynamic_programming,2,1,526,6,2023-01-07T22:19:00
usr_095,prob_bas_1_099,basics,1,1,307,2,2023-01-07T23:28:00
usr_095,prob_arr_3_049,arrays,3,1,638,10,2023-01-08T04:36:00
usr_095,prob_gra_3_019,graphs,3,0,735,11,2023-01-08T23:42:00
usr_095,prob_gra_3_036,graphs,3,1,855,8,2023-01-09T01:27:00
usr_095,prob_dyn_1_081,dynamic_programming,1,1,165,3,2023-01-09T01:41:00
usr_095,prob_str_3_055,strings,3,0,1678,10,2023-01-09T13:51:00
usr_095,prob_rec_3_100,recursion,3,0,962,10,2023-01-10T03:46:00
usr_095,prob_arr_2_080,arrays,2,1,604,5,2023-01-10T23:22:00
usr_095,prob_str_3_013,strings,3,1,729,8,2023-01-11T22:49:00
usr_095,prob_arr_1_043,arrays,1,1,206,3,2023-01-12T11:25:00
usr_095,prob_dyn_3_034,dynamic_programming,3,0,696,11,2023-01-13T06:23:00
usr_095,prob_sor_3_012,sorting,3,1,1065,7,2023-01-14T01:17:00
usr_095,prob_bas_1_003,basics,1,0,268,4,2023-01-14T13:32:00
usr_095,prob_arr_2_091,arrays,2,1,523,4,2023-01-15T01:50:00
usr_095,prob_str_2_050,strings,2,1,490,4,2023-01-15T19:15:00
usr_095,prob_str_2_014,strings,2,1,539,5,2023-01-15T21:59:00
usr_095,prob_dyn_3_027,dynamic_programming,3,1,867,8,2023-01-15T23:22:00
usr_095,prob_gra_1_069,graphs,1,1,217,3,2023-01-16T08:21:00
usr_095,prob_arr_3_088,arrays,3,0,903,9,2023-01-16T22:13:00
usr_095,prob_sea_3_010,searching,3,0,711,9,2023-01-17T05:33:00
usr_095,prob_arr_3_029,arrays,3,0,913,8,2023-01-17T15:42:00
usr_095,prob_rec_3_058,recursion,3,0,1269,7,2023-01-18T13:36:00
usr_095,prob_tre_3_042,trees,3,1,746,7,2023-01-19T01:27:00
usr_095,prob_sor_2_011,sorting,2,1,352,4,2023-01-19T19:01:00
usr_095,prob_sea_3_021,searching,3,1,628,7,2023-01-20T10:33:00
usr_095,prob_dyn_2_015,dynamic_programming,2,0,442,4,2023-01-20T11:53:00
usr_095,prob_dyn_1_006,dynamic_programming,1,1,176,1,2023-01-20T20:26:00
usr_095,prob_arr_1_048,arrays,1,1,219,1,2023-01-21T18:59:00
usr_095,prob_tre_2_017,trees,2,0,430,6,2023-01-22T03:25:00
usr_095,prob_rec_1_083,recursion,1,1,305,2,2023-01-22T13:52:00
usr_095,prob_arr_3_008,arrays,3,0,630,8,2023-01-22T21:10:00
usr_095,prob_str_2_068,strings,2,1,228,4,2023-01-23T01:18:00
usr_095,prob_sea_1_040,searching,1,1,146,1,2023-01-23T15:46:00
usr_095,prob_bas_3_075,basics,3,0,730,8,2023-01-23T19:03:00
usr_095,prob_sor_1_001,sorting,1,1,126,2,2023-01-24T08:10:00
usr_095,prob_rec_3_016,recursion,3,1,397,6,2023-01-24T08:17:00
usr_095,prob_gra_1_029,graphs,1,1,94,1,2023-01-25T01:27:00
usr_095,prob_tre_1_062,trees,1,1,141,2,2023-01-25T02:00:00
usr_095,prob_gra_3_012,graphs,3,0,673,6,2023-01-25T14:06:00
usr_095,prob_tre_3_098,trees,3,1,514,4,2023-01-25T22:10:00
usr_095,prob_gra_2_003,graphs,2,1,184,3,2023-01-26T12:01:00
usr_095,prob_tre_3_033,trees,3,1,326,4,2023-01-27T06:40:00
usr_095,prob_tre_3_098,trees,3,1,354,5,2023-01-27T21:53:00
usr_095,prob_str_2_078,strings,2,1,264,2,2023-01-28T03:06:00
usr_095,prob_gra_2_083,graphs,2,1,270,2,2023-01-28T11:50:00
usr_095,prob_sea_3_080,searching,3,0,371,7,2023-01-29T04:02:00
usr_095,prob_rec_3_075,recursion,3,1,447,3,2023-01-30T01:08:00
usr_095,prob_str_3_036,strings,3,1,365,4,2023-01-30T20:27:00
usr_095,prob_dyn_1_027,dynamic_programming,1,1,59,1,2023-01-31T02:46:00
usr_095,prob_rec_2_031,recursion,2,1,436,2,2023-01-31T06:15:00
usr_095,prob_dyn_3_064,dynamic_programming,3,1,423,4,2023-01-31T21:35:00
usr_095,prob_dyn_2_014,dynamic_programming,2,1,142,1,2023-02-01T10:08:00
usr_096,prob_gra_1_019,graphs,1,0,306,3,2023-01-01T19:05:00
usr_096,prob_tre_3_089,trees,3,1,1087,9,2023-01-02T04:02:00
usr_096,prob_sea_3_029,searching,3,0,1391,11,2023-01-02T13:03:00
usr_096,prob_rec_3_030,recursion,3,1,1295,9,2023-01-03T10:01:00
usr_096,prob_rec_1_017,recursion,1,1,385,3,2023-01-04T02:13:00
usr_096,prob_sea_3_081,searching,3,1,1029,9,2023-01-04T20:18:00
usr_096,prob_str_1_008,strings,1,1,457,2,2023-01-04T23:45:00
usr_096,prob_bas_1_026,basics,1,0,276,4,2023-01-05T06:35:00
usr_096,prob_rec_1_053,recursion,1,1,407,3,2023-01-05T13:54:00
usr_096,prob_sor_2_059,sorting,2,0,560,8,2023-01-06T03:44:00
usr_096,prob_tre_2_025,trees,2,1,722,5,2023-01-06T22:29:00
usr_096,prob_dyn_1_048,dynamic_programming,1,1,310,2,2023-01-07T21:12:00
usr_096,prob_dyn_3_060,dynamic_programming,3,1,1574,9,2023-01-08T16:52:00
usr_096,prob_sor_1_040,sorting,1,1,265,3,2023-01-09T09:38:00
usr_096,prob_str_2_063,strings,2,1,836,4,2023-01-09T13:15:00
usr_096,prob_arr_3_011,arrays,3,1,1399,8,2023-01-09T14:24:00
usr_096,prob_str_3_018,strings,3,1,1871,9,2023-01-10T06:18:00
usr_096,prob_gra_2_013,graphs,2,1,676,4,2023-01-10T14:06:00
usr_096,prob_sor_1_003,sorting,1,0,291,4,2023-01-10T19:31:00
usr_096,prob_bas_2_088,basics,2,1,551,5,2023-01-11T05:29:00
usr_096,prob_bas_3_080,basics,3,1,1846,8,2023-01-12T01:27:00
usr_096,prob_tre_1_037,trees,1,1,338,3,2023-01-12T10:27:00
usr_096,prob_rec_1_034,recursion,1,1,282,3,2023-01-13T04:44:00
usr_096,prob_dyn_2_072,dynamic_programming,2,0,361,6,2023-01-13T12:36:00
usr_096,prob_tre_2_033,trees,2,1,548,4,2023-01-14T10:15:00
usr_096,prob_arr_3_076,arrays,3,1,991,8,2023-01-14T16:17:00
usr_096,prob_tre_1_044,trees,1,1,248,1,2023-01-15T10:09:00
usr_096,prob_bas_1_006,basics,1,1,452,1,2023-01-15T13:57:00
usr_096,prob_sor_3_080,sorting,3,1,1331,6,2023-01-16T03:43:00
usr_096,prob_sor_3_013,sorting,3,0,768,8,2023-01-16T14:55:00
usr_096,prob_gra_3_031,graphs,3,0,1137,8,2023-01-16T16:50:00
usr_096,prob_sor_2_049,sorting,2,1,491,4,2023-01-17T12:43:00
usr_096,prob_rec_2_027,recursion,2,1,378,4,2023-01-18T11:04:00
usr_096,prob_sea_2_039,searching,2,0,585,6,2023-01-18T11:47:00
usr_096,prob_bas_3_070,basics,3,0,706,8,2023-01-19T10:55:00
usr_096,prob_sea_3_035,searching,3,1,1085,6,2023-01-20T00:30:00
usr_096,prob_dyn_3_092,dynamic_programming,3,1,741,5,2023-01-20T05:40:00
usr_096,prob_bas_2_083,basics,2,1,615,4,2023-01-20T19:32:00
usr_096,prob_tre_3_032,trees,3,0,852,6,2023-01-21T17:02:00
usr_096,prob_arr_2_100,arrays,2,1,364,3,2023-01-22T15:44:00
usr_096,prob_sea_2_014,searching,2,1,416,3,2023-01-22T20:09:00
usr_096,prob_bas_1_008,basics,1,1,156,2,2023-01-23T14:58:00
usr_096,prob_str_1_077,strings,1,1,183,2,2023-01-24T08:06:00
usr_096,prob_sor_1_016,sorting,1,1,191,1,2023-01-25T06:31:00
usr_096,prob_str_2_091,strings,2,1,503,3,2023-01-25T15:52:00
usr_096,prob_sea_2_051,searching,2,1,360,2,2023-01-26T15:28:00
usr_096,prob_str_3_082,strings,3,1,784,4,2023-01-27T12:01:00
usr_096,prob_tre_1_044,trees,1,1,152,2,2023-01-28T11:02:00
usr_096,prob_sea_3_058,searching,3,0,682,5,2023-01-29T06:24:00
usr_096,prob_str_2_064,strings,2,1,266,3,2023-01-29T18:13:00
usr_096,prob_sor_2_039,sorting,2,1,280,2,2023-01-29T19:14:00
usr_096,prob_gra_1_062,graphs,1,1,154,1,2023-01-30T04:01:00
usr_096,prob_sor_2_044,sorting,2,1,390,2,2023-01-30T21:01:00
usr_096,prob_gra_1_015,graphs,1,1,162,1,2023-01-31T12:03:00
usr_096,prob_bas_2_024,basics,2,1,334,2,2023-02-01T03:15:00
usr_096,prob_arr_2_061,arrays,2,1,331,1,2023-02-01T18:23:00
usr_096,prob_rec_2_050,recursion,2,1,168,2,2023-02-02T09:10:00
usr_096,prob_sor_3_041,sorting,3,1,443,4,2023-02-03T00:40:00
usr_097,prob_bas_2_012,basics,2,0,629,6,2023-01-01T22:25:00
usr_097,prob_gra_1_009,graphs,1,1,294,2,2023-01-02T13:40:00
usr_097,prob_str_1_051,strings,1,1,145,3,2023-01-03T02:49:00
usr_097,prob_bas_1_083,basics,1,1,219,3,2023-01-03T19:59:00
usr_097,prob_sor_3_035,sorting,3,0,851,9,2023-01-04T06:00:00
usr_097,prob_str_2_034,strings,2,1,644,4,2023-01-04T20:01:00
usr_097,prob_str_3_004,strings,3,0,621,10,2023-01-05T14:23:00
usr_097,prob_bas_3_054,basics,3,1,604,8,2023-01-05T17:02:00
usr_097,prob_dyn_3_096,dynamic_programming,3,1,749,7,2023-01-05T22:06:00
usr_097,prob_arr_2_061,arrays,2,1,479,5,2023-01-06T06:56:00
usr_097,prob_rec_2_084,recursion,2,1,494,4,2023-01-06T15:11:00
usr_097,prob_sea_1_082,searching,1,1,198,1,2023-01-07T06:12:00
usr_097,prob_str_3_020,strings,3,0,866,8,2023-01-07T15:36:00
usr_097,prob_gra_2_019,graphs,2,0,332,6,2023-01-08T10:34:00
usr_097,prob_arr_2_027,arrays,2,1,288,4,2023-01-09T09:03:00
usr_097,prob_bas_3_036,basics,3,1,696,6,2023-01-10T07:49:00
usr_097,prob_gra_2_061,graphs,2,1,398,4,2023-01-10T21:50:00
usr_097,prob_sea_1_008,searching,1,1,135,1,2023-01-11T07:33:00
usr_097,prob_str_1_094,strings,1,1,199,1,2023-01-11T18:01:00
usr_097,prob_sor_2_077,sorting,2,1,216,3,2023-01-12T08:05:00
usr_097,prob_sea_1_037,searching,1,1,89,2,2023-01-12T20:00:00
usr_097,prob_arr_1_016,arrays,1,1,83,1,2023-01-13T00:43:00
usr_097,prob_rec_2_050,recursion,2,1,632,3,2023-01-13T07:53:00
usr_097,prob_sor_1_070,sorting,1,1,197,2,2023-01-13T10:45:00
usr_097,prob_str_3_001,strings,3,0,808,6,2023-01-14T09:01:00
usr_097,prob_str_1_068,strings,1,1,226,2,2023-01-14T15:23:00
usr_097,prob_sea_3_092,searching,3,0,514,7,2023-01-14T15:50:00
usr_097,prob_str_1_012,strings,1,1,130,2,2023-01-15T13:43:00
usr_097,prob_rec_2_098,recursion,2,1,275,3,2023-01-16T13:36:00
usr_097,prob_str_1_084,strings,1,1,184,1,2023-01-17T10:03:00
usr_097,prob_dyn_3_080,dynamic_programming,3,0,598,8,2023-01-18T07:07:00
usr_097,prob_sor_1_034,sorting,1,1,116,2,2023-01-19T05:25:00
usr_097,prob_bas_2_053,basics,2,1,253,3,2023-01-20T03:20:00
usr_097,prob_rec_2_044,recursion,2,1,450,3,2023-01-20T08:41:00
usr_097,prob_str_1_032,strings,1,1,123,1,2023-01-21T00:37:00
usr_097,prob_sea_1_006,searching,1,1,207,2,2023-01-21T20:35:00
usr_097,prob_str_2_071,strings,2,1,513,2,2023-01-22T12:10:00
usr_097,prob_arr_2_016,arrays,2,1,391,3,2023-01-22T20:49:00
usr_097,prob_tre_3_091,trees,3,1,317,4,2023-01-23T14:55:00
usr_097,prob_sea_1_069,searching,1,1,138,2,2023-01-24T01:11:00
usr_097,prob_bas_1_079,basics,1,1,114,2,2023-01-24T07:55:00
usr_097,prob_tre_3_055,trees,3,1,455,5,2023-01-25T01:42:00
usr_097,prob_arr_3_058,arrays,3,1,482,4,2023-01-25T16:25:00
usr_097,prob_str_1_048,strings,1,1,63,1,2023-01-25T21:19:00
usr_097,prob_tre_2_013,trees,2,1,205,3,2023-01-26T04:20:00
usr_097,prob_dyn_2_027,dynamic_programming,2,1,170,2,2023-01-26T21:54:00
usr_097,prob_str_3_091,strings,3,1,337,5,2023-01-27T11:27:00
usr_097,prob_str_1_055,strings,1,1,80,1,2023-01-28T02:27:00
usr_097,prob_dyn_1_001,dynamic_programming,1,1,147,1,2023-01-29T00:39:00
usr_097,prob_dyn_3_013,dynamic_programming,3,0,590,6,2023-01-29T02:58:00
usr_097,prob_bas_2_033,basics,2,1,139,1,2023-01-29T03:05:00
usr_097,prob_gra_3_046,graphs,3,0,411,6,2023-01-29T03:56:00
usr_097,prob_str_3_076,strings,3,1,333,4,2023-01-29T17:04:00
usr_097,prob_bas_1_072,basics,1,1,90,1,2023-01-30T01:03:00
usr_097,prob_tre_3_091,trees,3,1,326,4,2023-01-30T12:29:00
usr_097,prob_bas_1_028,basics,1,1,89,1,2023-01-30T20:07:00
usr_097,prob_str_3_016,strings,3,1,314,3,2023-01-31T05:03:00
usr_097,prob_rec_1_035,recursion,1,1,68,1,2023-01-31T07:00:00
usr_097,prob_sor_2_084,sorting,2,1,119,1,2023-01-31T23:45:00
usr_097,prob_str_3_065,strings,3,1,308,4,2023-02-01T00:27:00
usr_097,prob_gra_3_070,graphs,3,1,280,3,2023-02-01T19:04:00
usr_097,prob_sea_3_094,searching,3,1,309,2,2023-02-02T04:06:00
usr_097,prob_tre_2_014,trees,2,1,104,1,2023-02-02T15:57:00
usr_097,prob_arr_3_039,arrays,3,1,272,3,2023-02-02T20:54:00
usr_098,prob_gra_1_068,graphs,1,1,538,2,2023-01-01T23:26:00
usr_098,prob_bas_2_003,basics,2,1,623,4,2023-01-02T20:12:00
usr_098,prob_gra_1_065,graphs,1,1,280,3,2023-01-03T01:31:00
usr_098,prob_rec_3_027,recursion,3,1,1431,7,2023-01-03T19:16:00
usr_098,prob_sea_2_063,searching,2,1,605,4,2023-01-03T22:50:00
usr_098,prob_bas_2_006,basics,2,1,849,4,2023-01-04T03:04:00
usr_098,prob_sea_1_080,searching,1,1,620,2,2023-01-04T10:18:00
usr_098,prob_dyn_2_099,dynamic_programming,2,1,933,5,2023-01-04T19:03:00
usr_098,prob_str_2_075,strings,2,1,881,4,2023-01-04T19:09:00
usr_098,prob_dyn_2_072,dynamic_programming,2,1,807,4,2023-01-04T21:17:00
usr_098,prob_dyn_3_078,dynamic_programming,3,0,1338,8,2023-01-05T05:29:00
usr_098,prob_sor_1_051,sorting,1,1,285,2,2023-01-06T01:49:00
usr_098,prob_rec_3_100,recursion,3,1,1526,7,2023-01-06T04:56:00
usr_098,prob_dyn_3_033,dynamic_programming,3,1,1882,7,2023-01-06T09:33:00
usr_098,prob_sea_2_044,searching,2,1,765,4,2023-01-06T21:07:00
usr_098,prob_rec_3_022,recursion,3,0,1356,8,2023-01-06T23:15:00
usr_098,prob_tre_2_078,trees,2,1,522,3,2023-01-06T23:55:00
usr_098,prob_gra_2_002,graphs,2,1,674,3,2023-01-07T20:33:00
usr_098,prob_gra_1_097,graphs,1,1,258,2,2023-01-08T05:21:00
usr_098,prob_gra_3_079,graphs,3,1,2214,6,2023-01-09T05:17:00
usr_098,prob_rec_3_026,recursion,3,1,1220,7,2023-01-09T06:48:00
usr_098,prob_sea_3_058,searching,3,1,1376,6,2023-01-09T14:03:00
usr_098,prob_rec_2_095,recursion,2,1,683,4,2023-01-10T01:43:00
usr_098,prob_sea_2_046,searching,2,1,459,4,2023-01-11T01:17:00
usr_098,prob_str_2_046,strings,2,1,665,4,2023-01-11T23:48:00
usr_098,prob_str_2_003,strings,2,1,808,4,2023-01-12T01:32:00
usr_098,prob_bas_2_036,basics,2,1,482,3,2023-01-12T16:15:00
usr_098,prob_dyn_3_083,dynamic_programming,3,1,1758,5,2023-01-13T06:27:00
usr_098,prob_sea_1_006,searching,1,1,271,2,2023-01-14T00:44:00
usr_098,prob_sor_1_096,sorting,1,1,338,2,2023-01-14T07:54:00
usr_098,prob_str_2_044,strings,2,1,462,4,2023-01-14T22:01:00
usr_098,prob_sea_2_081,searching,2,1,476,2,2023-01-15T20:43:00
usr_098,prob_dyn_1_063,dynamic_programming,1,1,200,1,2023-01-16T10:56:00
usr_098,prob_rec_1_028,recursion,1,1,300,2,2023-01-17T00:49:00
usr_098,prob_sor_2_075,sorting,2,1,595,2,2023-01-17T21:17:00
usr_098,prob_rec_2_074,recursion,2,1,616,3,2023-01-18T21:12:00
usr_098,prob_tre_2_060,trees,2,1,474,3,2023-01-18T22:21:00
usr_098,prob_dyn_2_058,dynamic_programming,2,1,490,2,2023-01-19T03:52:00
usr_098,prob_gra_3_097,graphs,3,1,1242,4,2023-01-19T10:52:00
usr_098,prob_sea_2_057,searching,2,1,478,3,2023-01-20T07:23:00
usr_098,prob_rec_2_024,recursion,2,1,509,2,2023-01-21T04:27:00
usr_098,prob_sea_3_093,searching,3,1,1451,5,2023-01-21T17:46:00
usr_098,prob_sor_2_019,sorting,2,1,638,2,2023-01-21T20:13:00
usr_098,prob_gra_3_056,graphs,3,1,838,5,2023-01-22T11:25:00
usr_098,prob_rec_2_098,recursion,2,1,412,3,2023-01-22T23:07:00
usr_098,prob_arr_2_051,arrays,2,1,354,2,2023-01-23T12:12:00
usr_098,prob_str_2_080,strings,2,1,406,3,2023-01-23T22:12:00
usr_098,prob_sor_2_031,sorting,2,1,476,3,2023-01-24T10:03:00
usr_098,prob_gra_1_042,graphs,1,1,187,2,2023-01-25T05:02:00
usr_098,prob_gra_3_031,graphs,3,1,589,5,2023-01-25T07:30:00
usr_098,prob_sor_1_038,sorting,1,1,459,1,2023-01-25T14:25:00
usr_098,prob_bas_2_026,basics,2,1,312,1,2023-01-25T23:26:00
usr_098,prob_gra_2_038,graphs,2,1,412,2,2023-01-26T01:50:00
usr_098,prob_sea_1_071,searching,1,1,191,1,2023-01-26T16:11:00
usr_098,prob_rec_3_052,recursion,3,1,552,3,2023-01-26T21:48:00
usr_098,prob_sor_3_008,sorting,3,1,682,3,2023-01-27T16:17:00
usr_098,prob_str_2_097,strings,2,1,568,2,2023-01-27T22:40:00
usr_098,prob_dyn_1_021,dynamic_programming,1,1,131,1,2023-01-28T18:16:00
usr_098,prob_bas_3_005,basics,3,1,765,3,2023-01-29T15:48:00
usr_098,prob_sea_1_012,searching,1,1,119,1,2023-01-30T02:39:00
usr_098,prob_sea_3_064,searching,3,1,642,3,2023-01-30T18:45:00
usr_098,prob_arr_1_085,arrays,1,1,155,1,2023-01-31T03:57:00
usr_098,prob_rec_3_007,recursion,3,0,712,5,2023-01-31T17:46:00
usr_098,prob_str_2_006,strings,2,1,345,1,2023-02-01T08:51:00
usr_098,prob_rec_2_033,recursion,2,1,233,1,2023-02-01T12:50:00
usr_098,prob_arr_2_039,arrays,2,1,259,1,2023-02-01T22:43:00
usr_098,prob_gra_2_019,graphs,2,1,479,2,2023-02-02T05:21:00
usr_099,prob_rec_3_065,recursion,3,1,683,9,2023-01-01T20:33:00
usr_099,prob_tre_2_033,trees,2,1,384,5,2023-01-02T12:46:00
usr_099,prob_gra_2_066,graphs,2,1,255,5,2023-01-02T21:02:00
usr_099,prob_gra_2_002,graphs,2,1,372,4,2023-01-03T07:41:00
usr_099,prob_arr_2_080,arrays,2,1,489,4,2023-01-04T02:28:00
usr_099,prob_tre_3_074,trees,3,1,996,8,2023-01-04T11:13:00
usr_099,prob_sor_3_078,sorting,3,1,747,8,2023-01-04T13:13:00
usr_099,prob_rec_1_066,recursion,1,1,159,2,2023-01-05T05:48:00
usr_099,prob_gra_1_039,graphs,1,1,213,2,2023-01-05T06:00:00
usr_099,prob_tre_1_092,trees,1,1,159,2,2023-01-05T15:59:00
usr_099,prob_tre_1_068,trees,1,1,173,3,2023-01-06T09:49:00
usr_099,prob_arr_3_054,arrays,3,1,488,8,2023-01-07T02:35:00
usr_099,prob_str_3_031,strings,3,1,656,7,2023-01-07T11:04:00
usr_099,prob_gra_1_088,graphs,1,1,185,2,2023-01-07T11:22:00
usr_099,prob_tre_3_055,trees,3,0,783,9,2023-01-07T21:13:00
usr_099,prob_rec_2_012,recursion,2,1,403,4,2023-01-08T14:27:00
usr_099,prob_gra_1_021,graphs,1,1,256,1,2023-01-08T15:38:00
usr_099,prob_sor_3_056,sorting,3,1,467,6,2023-01-09T11:57:00
usr_099,prob_bas_2_038,basics,2,1,244,4,2023-01-09T17:19:00
usr_099,prob_str_2_054,strings,2,1,399,4,2023-01-09T22:13:00
usr_099,prob_dyn_3_022,dynamic_programming,3,1,841,7,2023-01-10T19:36:00
usr_099,prob_sea_1_059,searching,1,1,125,2,2023-01-10T22:10:00
usr_099,prob_str_3_046,strings,3,0,687,7,2023-01-10T23:57:00
usr_099,prob_dyn_2_059,dynamic_programming,2,1,236,3,2023-01-11T10:40:00
usr_099,prob_rec_1_008,recursion,1,1,128,1,2023-01-11T14:42:00
usr_099,prob_gra_2_029,graphs,2,1,583,3,2023-01-11T18:27:00
usr_099,prob_bas_1_018,basics,1,1,129,1,2023-01-12T10:57:00
usr_099,prob_bas_3_096,basics,3,1,915,5,2023-01-13T04:22:00
usr_099,prob_dyn_1_018,dynamic_programming,1,1,110,1,2023-01-13T14:37:00
usr_099,prob_gra_3_003,graphs,3,1,622,5,2023-01-14T02:56:00
usr_099,prob_sor_2_015,sorting,2,1,217,3,2023-01-14T10:27:00
usr_099,prob_rec_1_083,recursion,1,1,189,1,2023-01-15T05:24:00
usr_099,prob_arr_3_032,arrays,3,1,603,5,2023-01-15T10:29:00
usr_099,prob_bas_3_011,basics,3,1,359,5,2023-01-15T16:51:00
usr_099,prob_rec_2_010,recursion,2,1,279,3,2023-01-16T15:51:00
usr_099,prob_sor_3_090,sorting,3,1,520,4,2023-01-16T21:53:00
usr_099,prob_tre_2_012,trees,2,1,224,3,2023-01-17T04:14:00
usr_099,prob_sor_3_080,sorting,3,1,699,5,2023-01-18T00:49:00
usr_099,prob_sor_3_015,sorting,3,1,357,5,2023-01-18T08:59:00
usr_099,prob_str_3_019,strings,3,1,393,5,2023-01-18T21:51:00
usr_099,prob_gra_1_085,graphs,1,1,118,1,2023-01-19T18:39:00
usr_099,prob_arr_3_063,arrays,3,1,470,4,2023-01-20T11:56:00
usr_099,prob_sor_1_097,sorting,1,1,114,1,2023-01-20T15:09:00
usr_099,prob_arr_1_059,arrays,1,1,98,1,2023-01-20T21:57:00
usr_099,prob_sor_2_075,sorting,2,1,213,1,2023-01-21T21:50:00
usr_099,prob_gra_2_083,graphs,2,1,200,2,2023-01-22T16:52:00
usr_099,prob_sea_3_044,searching,3,1,362,3,2023-01-22T21:26:00
usr_099,prob_tre_1_019,trees,1,1,83,1,2023-01-23T02:44:00
usr_099,prob_str_2_059,strings,2,1,100,2,2023-01-23T09:17:00
usr_099,prob_sor_1_089,sorting,1,1,92,1,2023-01-23T15:26:00
usr_099,prob_arr_2_036,arrays,2,1,129,2,2023-01-24T05:16:00
usr_099,prob_sor_3_036,sorting,3,1,512,3,2023-01-24T13:26:00
usr_099,prob_sor_2_021,sorting,2,1,159,1,2023-01-24T19:16:00
usr_099,prob_sor_1_054,sorting,1,1,30,1,2023-01-25T06:38:00
usr_099,prob_tre_2_035,trees,2,1,139,2,2023-01-25T16:15:00
usr_100,prob_sea_2_009,searching,2,1,1016,5,2023-01-01T23:23:00
usr_100,prob_arr_2_040,arrays,2,1,768,6,2023-01-02T10:09:00
usr_100,prob_sea_1_049,searching,1,1,594,3,2023-01-03T10:08:00
usr_100,prob_sor_3_094,sorting,3,0,2431,10,2023-01-03T16:35:00
usr_100,prob_str_3_080,strings,3,1,1319,9,2023-01-04T04:08:00
usr_100,prob_gra_2_086,graphs,2,1,983,5,2023-01-04T20:08:00
usr_100,prob_rec_1_037,recursion,1,1,477,3,2023-01-04T23:23:00
usr_100,prob_arr_1_021,arrays,1,1,401,3,2023-01-05T20:04:00
usr_100,prob_sor_3_066,sorting,3,1,1794,8,2023-01-06T13:42:00
usr_100,prob_sor_3_001,sorting,3,1,1168,7,2023-01-06T20:36:00
usr_100,prob_str_2_004,strings,2,1,1447,5,2023-01-07T08:20:00
usr_100,prob_dyn_1_034,dynamic_programming,1,1,437,2,2023-01-07T22:52:00
usr_100,prob_tre_3_031,trees,3,0,1758,8,2023-01-08T04:10:00
usr_100,prob_sea_3_094,searching,3,0,1468,10,2023-01-09T00:29:00
usr_100,prob_sea_3_090,searching,3,1,1671,7,2023-01-09T07:35:00
usr_100,prob_dyn_3_100,dynamic_programming,3,1,1057,8,2023-01-09T17:20:00
usr_100,prob_bas_2_032,basics,2,1,697,4,2023-01-09T20:12:00
usr_100,prob_gra_1_092,graphs,1,1,409,2,2023-01-10T03:23:00
usr_100,prob_gra_1_008,graphs,1,1,380,3,2023-01-10T17:59:00
usr_100,prob_sea_3_080,searching,3,1,1643,7,2023-01-11T10:56:00
usr_100,prob_tre_3_050,trees,3,1,1000,7,2023-01-11T16:03:00
usr_100,prob_str_1_086,strings,1,1,408,3,2023-01-12T13:18:00
usr_100,prob_gra_3_067,graphs,3,1,930,7,2023-01-13T01:40:00
usr_100,prob_rec_3_052,recursion,3,1,1677,7,2023-01-13T02:11:00
usr_100,prob_sea_1_003,searching,1,1,241,1,2023-01-13T21:20:00
usr_100,prob_sea_1_077,searching,1,1,221,2,2023-01-14T03:04:00
usr_100,prob_sea_3_033,searching,3,1,890,7,2023-01-15T01:52:00
usr_100,prob_dyn_3_060,dynamic_programming,3,1,1622,7,2023-01-15T06:58:00
usr_100,prob_dyn_2_019,dynamic_programming,2,1,774,4,2023-01-16T03:17:00
usr_100,prob_dyn_2_048,dynamic_programming,2,1,670,3,2023-01-16T13:11:00
usr_100,prob_tre_1_081,trees,1,1,399,2,2023-01-16T17:42:00
usr_100,prob_dyn_2_092,dynamic_programming,2,1,543,4,2023-01-16T17:53:00
usr_100,prob_dyn_2_008,dynamic_programming,2,1,522,4,2023-01-17T04:16:00
usr_100,prob_sor_2_024,sorting,2,1,596,4,2023-01-17T16:23:00
usr_100,prob_bas_1_050,basics,1,1,380,2,2023-01-18T07:25:00
usr_100,prob_bas_3_014,basics,3,1,1244,7,2023-01-18T15:19:00
usr_100,prob_rec_1_074,recursion,1,1,224,2,2023-01-19T11:01:00
usr_100,prob_str_1_056,strings,1,1,346,2,2023-01-19T12:41:00
usr_100,prob_gra_2_026,graphs,2,1,520,4,2023-01-19T19:09:00
usr_100,prob_bas_1_054,basics,1,1,225,2,2023-01-20T14:52:00
usr_100,prob_str_3_031,strings,3,1,1078,6,2023-01-20T17:28:00
usr_100,prob_tre_2_050,trees,2,1,437,4,2023-01-20T18:11:00
usr_100,prob_dyn_1_009,dynamic_programming,1,1,215,1,2023-01-20T19:56:00
usr_100,prob_dyn_3_093,dynamic_programming,3,1,1050,6,2023-01-21T14:41:00
usr_100,prob_bas_1_044,basics,1,1,187,1,2023-01-22T08:14:00
usr_100,prob_tre_3_017,trees,3,1,1269,6,2023-01-23T05:53:00
usr_100,prob_sea_3_041,searching,3,1,751,6,2023-01-23T15:22:00
usr_100,prob_sea_2_069,searching,2,1,391,3,2023-01-23T16:33:00
usr_100,prob_str_3_020,strings,3,1,1140,6,2023-01-24T12:31:00
usr_100,prob_sea_1_011,searching,1,1,224,1,2023-01-24T18:27:00
usr_100,prob_sea_1_085,searching,1,1,175,1,2023-01-25T02:46:00
usr_100,prob_rec_3_090,recursion,3,1,1194,4,2023-01-25T08:40:00
usr_100,prob_gra_3_057,graphs,3,1,970,5,2023-01-26T00:23:00
usr_100,prob_str_3_065,strings,3,1,1165,5,2023-01-26T12:46:00
usr_100,prob_arr_3_044,arrays,3,1,739,4,2023-01-27T10:41:00
usr_100,prob_tre_3_015,trees,3,1,775,4,2023-01-27T14:35:00
usr_100,prob_gra_2_054,graphs,2,1,443,3,2023-01-28T02:53:00
usr_100,prob_sea_3_035,searching,3,1,1509,5,2023-01-28T21:19:00
usr_100,prob_arr_2_023,arrays,2,1,528,2,2023-01-29T02:30:00
usr_100,prob_rec_1_021,recursion,1,1,218,1,2023-01-29T13:55:00
usr_100,prob_sea_3_083,searching,3,1,826,5,2023-01-29T23:25:00
usr_100,prob_bas_3_084,basics,3,1,1084,5,2023-01-30T09:59:00
usr_100,prob_sor_1_007,sorting,1,1,137,2,2023-01-31T01:48:00
usr_100,prob_gra_2_058,graphs,2,1,421,2,2023-01-31T07:24:00
usr_100,prob_str_2_027,strings,2,1,395,1,2023-02-01T02:54:00
usr_100,prob_sor_1_039,sorting,1,1,113,1,2023-02-02T01:08:00
usr_100,prob_gra_1_090,graphs,1,1,231,1,2023-02-02T19:42:00
usr_100,prob_bas_1_084,basics,1,1,191,1,2023-02-03T09:22:00
usr_100,prob_tre_2_020,trees,2,1,553,1,2023-02-03T11:16:00
usr_100,prob_rec_1_054,recursion,1,1,133,1,2023-02-04T07:55:00
usr_100,prob_arr_3_006,arrays,3,1,801,4,2023-02-04T09:35:00
usr_100,prob_sea_1_043,searching,1,1,215,1,2023-02-04T14:14:00
usr_100,prob_gra_3_067,graphs,3,1,1309,3,2023-02-05T08:29:00
usr_100,prob_arr_3_002,arrays,3,0,531,5,2023-02-06T04:48:00
usr_100,prob_sor_2_017,sorting,2,1,337,2,2023-02-06T20:08:00
usr_100,prob_gra_3_009,graphs,3,0,573,5,2023-02-07T13:10:00
usr_100,prob_arr_2_036,arrays,2,1,321,1,2023-02-08T07:01:00
usr_100,prob_rec_1_029,recursion,1,1,160,1,2023-02-08T18:04:00
usr_100,prob_sea_3_051,searching,3,1,666,2,2023-02-09T00:16:00
usr_100,prob_gra_1_008,graphs,1,1,166,1,2023-02-09T06:26:00
